# 3ds Max Wavefront OBJ Exporter v0.99 - (c)2007 guruware
# File Created: 24.04.2025 23:59:58

mtllib Cu_Dr.mtl

#
# object cuerpoDragon
#

v  -0.2284 -0.8807 0.2447
v  -0.2987 -0.8532 0.2522
v  -0.2781 -0.9824 0.1774
v  -0.2070 -1.0058 0.1656
v  -0.1285 -1.0173 0.1310
v  -0.1456 -0.9057 0.2185
v  -0.1513 -0.8063 0.2944
v  -0.2391 -0.7791 0.3152
v  -0.3122 -0.7518 0.3161
v  -0.0373 -0.9312 0.1777
v  -0.0341 -1.0290 0.0880
v  0.0659 -1.0499 0.0383
v  0.0777 -0.9683 0.1321
v  0.0950 -0.8754 0.2085
v  -0.0325 -0.8316 0.2481
v  0.1769 -1.0160 0.0744
v  0.1602 -1.0883 -0.0189
v  0.2572 -1.1046 -0.0995
v  0.2743 -1.0485 -0.0041
v  0.2982 -0.9770 0.0856
v  0.2007 -0.9325 0.1596
v  -0.1778 -1.1444 0.0312
v  -0.2463 -1.1347 0.0495
v  -0.2154 -1.2513 -0.1313
v  -0.1447 -1.2553 -0.1483
v  -0.0779 -1.2334 -0.1689
v  -0.1066 -1.1464 0.0052
v  -0.0248 -1.1325 -0.0369
v  -0.0030 -1.2129 -0.1915
v  0.0790 -1.2132 -0.2180
v  0.0649 -1.1347 -0.0795
v  0.1557 -1.1591 -0.1284
v  0.1630 -1.2084 -0.2586
v  0.2628 -1.1924 -0.3069
v  0.2533 -1.1564 -0.1993
v  -0.4243 -1.0153 0.0833
v  -0.3728 -1.0630 0.0632
v  -0.4070 -0.9265 0.1636
v  -0.4589 -0.9116 0.1496
v  -0.5049 -0.9254 0.1236
v  -0.4438 -1.0494 0.0395
v  -0.3603 -1.1867 -0.0742
v  -0.3135 -1.1069 0.0568
v  -0.3435 -0.9468 0.1667
v  -0.2834 -1.2347 -0.1094
v  -0.4380 -0.8117 0.2348
v  -0.4937 -0.8188 0.2140
v  -0.4602 -0.7154 0.2845
v  -0.5158 -0.7284 0.2572
v  -0.5609 -0.7425 0.2205
v  -0.5470 -0.8298 0.1860
v  -0.3702 -0.8256 0.2462
v  -0.3905 -0.7284 0.3081
v  0.1878 -1.2210 -0.4010
v  0.1058 -1.2332 -0.3873
v  0.1426 -1.1857 -0.5203
v  0.2228 -1.1981 -0.5163
v  0.3204 -1.2048 -0.5113
v  0.2879 -1.2006 -0.4191
v  0.2554 -1.1779 -0.5684
v  0.3504 -1.1960 -0.5598
v  0.1752 -1.1507 -0.5724
v  0.1901 -1.1388 -0.5940
v  0.2708 -1.1735 -0.5913
v  0.3660 -1.1896 -0.5849
v  0.0336 -1.2342 -0.3776
v  -0.0374 -1.2416 -0.3709
v  0.0081 -1.1586 -0.5151
v  0.0765 -1.1733 -0.5205
v  0.1100 -1.1287 -0.5723
v  0.0401 -1.1075 -0.5679
v  0.0511 -1.0978 -0.5905
v  0.1243 -1.1125 -0.5927
v  -0.1120 -1.2429 -0.3609
v  -0.1935 -1.2471 -0.3479
v  -0.1675 -1.1338 -0.4886
v  -0.0797 -1.1493 -0.5063
v  -0.0565 -1.1037 -0.5657
v  -0.1509 -1.0977 -0.5558
v  -0.1434 -1.1012 -0.5872
v  -0.0479 -1.1024 -0.5906
v  -0.2604 -1.2366 -0.3222
v  -0.3211 -1.2184 -0.2957
v  -0.2874 -1.1348 -0.4427
v  -0.2342 -1.1361 -0.4674
v  -0.3807 -1.2016 -0.2806
v  -0.4231 -1.1615 -0.2730
v  -0.3789 -1.1019 -0.4034
v  -0.3368 -1.1244 -0.4208
v  -0.4270 -1.1678 -0.1040
v  -0.4665 -1.1271 -0.1165
v  -0.2166 -1.0823 -0.5368
v  -0.2657 -1.0722 -0.5155
v  -0.2581 -1.0798 -0.5680
v  -0.2092 -1.0891 -0.5788
v  -0.3086 -1.0645 -0.4957
v  -0.3485 -1.0566 -0.4803
v  -0.3417 -1.0521 -0.5433
v  -0.3014 -1.0685 -0.5559
v  -0.4825 -1.0405 0.0118
v  -0.5491 -0.9129 0.0932
v  -0.5588 -0.8764 0.0550
v  -0.5201 -1.0154 -0.0057
v  -0.4883 -1.0914 -0.1383
v  -0.5411 -0.9952 -0.0291
v  -0.5792 -0.8569 0.0247
v  -0.5673 -0.9797 -0.0320
v  -0.5245 -1.0471 -0.1314
v  -0.6075 -0.9738 -0.0559
v  -0.6108 -0.9484 -0.0064
v  -0.5706 -0.8067 0.1346
v  -0.5818 -0.7275 0.1654
v  -0.5852 -0.6585 0.1926
v  -0.5677 -0.6670 0.2436
v  -0.5257 -0.6518 0.2847
v  -0.4686 -0.6385 0.3213
v  -0.3994 -0.6498 0.3623
v  -0.3171 -0.6683 0.3835
v  -0.3106 -0.5957 0.4238
v  -0.3921 -0.5821 0.3870
v  -0.4660 -0.5791 0.3446
v  -0.3935 -0.5412 0.4264
v  -0.3069 -0.5476 0.4599
v  -0.3075 -0.5339 0.5256
v  -0.4000 -0.5373 0.4888
v  -0.2350 -0.6875 0.3872
v  -0.1395 -0.7068 0.3686
v  -0.1189 -0.6192 0.4285
v  -0.2221 -0.6083 0.4406
v  -0.1882 -0.4800 0.5989
v  -0.1786 -0.4140 0.6593
v  -0.3318 -0.4303 0.6663
v  -0.3054 -0.5013 0.5932
v  -0.1980 -0.5281 0.5368
v  -0.0792 -0.5110 0.5075
v  -0.0588 -0.4741 0.5768
v  -0.0429 -0.4138 0.6327
v  -0.2093 -0.5533 0.4767
v  -0.0999 -0.5521 0.4578
v  -0.0179 -0.7208 0.3145
v  0.1136 -0.7628 0.2787
v  0.1341 -0.6664 0.3427
v  0.0036 -0.6287 0.3809
v  0.2237 -0.8239 0.2336
v  0.3242 -0.8881 0.1734
v  0.3487 -0.7998 0.2338
v  0.2459 -0.7215 0.2819
v  -0.1567 0.1582 0.6648
v  -0.2040 0.2085 0.6401
v  -0.2214 0.1706 0.6166
v  -0.1776 0.1246 0.6447
v  -0.1203 0.0705 0.6677
v  -0.0970 0.0998 0.6863
v  -0.0636 0.1488 0.6821
v  -0.1257 0.2095 0.6691
v  -0.1763 0.2632 0.6537
v  -0.2552 0.2604 0.6134
v  -0.3035 0.3220 0.5904
v  -0.3168 0.2941 0.5684
v  -0.2701 0.2269 0.5897
v  -0.2308 0.3087 0.6337
v  -0.2818 0.3611 0.6143
v  -0.4124 0.0140 0.6059
v  -0.4567 -0.0064 0.5902
v  -0.4378 -0.0439 0.6319
v  -0.3990 -0.0274 0.6426
v  -0.3343 -0.0125 0.6453
v  -0.3459 0.0326 0.6117
v  -0.3564 0.0589 0.5615
v  -0.4160 0.0354 0.5480
v  -0.4625 0.0159 0.5347
v  -0.0053 0.0261 0.6940
v  -0.0291 -0.0082 0.6760
v  0.0793 -0.0762 0.6510
v  0.1001 -0.0381 0.6579
v  0.1233 0.0178 0.6454
v  0.0248 0.0811 0.6791
v  0.1521 0.0904 0.6029
v  0.1876 0.1897 0.5301
v  0.0714 0.2378 0.5873
v  0.0607 0.1549 0.6447
v  -0.0107 0.3037 0.6127
v  -0.0292 0.2188 0.6534
v  -0.1313 0.0549 0.6520
v  -0.1577 0.0314 0.6303
v  -0.0478 -0.0462 0.6476
v  -0.0404 -0.0246 0.6577
v  0.0596 -0.1113 0.6238
v  0.0610 -0.0927 0.6354
v  0.7097 0.2940 0.3433
v  0.5252 0.2887 0.4026
v  0.5359 0.2166 0.3807
v  0.6984 0.2151 0.3519
v  0.8582 0.1779 0.3250
v  1.5358 -0.1879 0.2778
v  1.5110 -0.2387 0.2221
v  1.5884 -0.2680 0.2415
v  1.6102 -0.2191 0.2801
v  1.4635 -0.1530 0.2776
v  1.4383 -0.2006 0.1943
v  1.0183 0.1698 0.3213
v  0.9699 0.1224 0.3171
v  1.0524 0.0537 0.3091
v  1.1035 0.1119 0.3131
v  0.8916 0.2283 0.3377
v  0.9201 0.0890 0.3285
v  0.8673 0.0493 0.3326
v  0.9195 0.0029 0.3322
v  0.9794 0.0381 0.3264
v  0.8227 0.1361 0.3327
v  0.7895 0.0911 0.3393
v  0.9637 -0.0405 0.3277
v  1.0085 -0.0050 0.3219
v  1.0073 -0.0722 0.3278
v  1.0509 -0.0179 0.3164
v  0.1642 -0.1419 0.5917
v  0.2646 -0.1433 0.5612
v  0.1774 -0.1108 0.5995
v  0.1432 -0.1242 0.6083
v  0.1990 -0.0756 0.5946
v  0.2867 -0.0975 0.5507
v  0.3058 -0.0478 0.5444
v  0.2158 -0.0244 0.5785
v  0.3260 -0.1096 0.5079
v  0.3120 -0.1500 0.5093
v  0.3323 -0.1541 0.4695
v  0.3467 -0.1187 0.4704
v  0.3645 -0.0767 0.4727
v  0.3446 -0.0635 0.5072
v  0.3950 0.2154 0.4738
v  0.2955 0.1197 0.5101
v  0.3721 0.0774 0.5062
v  0.4425 0.1548 0.4648
v  0.3339 0.3023 0.4792
v  0.2415 0.0392 0.5468
v  0.3305 0.0099 0.5317
v  0.3662 -0.0102 0.5026
v  0.3854 -0.0259 0.4732
v  0.4140 0.0297 0.4626
v  0.4010 0.0499 0.4858
v  0.4541 0.1166 0.4441
v  0.4505 0.0901 0.4287
v  0.5260 0.1230 0.3832
v  0.5374 0.1663 0.3839
v  0.6813 0.1658 0.3593
v  0.6686 0.1203 0.3576
v  0.4658 0.0620 0.3737
v  0.4406 0.0608 0.4054
v  0.4190 0.0089 0.4174
v  0.4170 0.0081 0.3605
v  0.5046 0.0336 0.3722
v  0.4474 -0.0133 0.3573
v  0.4801 -0.0258 0.3709
v  0.5408 -0.0019 0.3716
v  0.5978 0.0247 0.3626
v  0.5813 0.0667 0.3699
v  0.6779 0.0623 0.3509
v  0.6606 0.0055 0.3497
v  0.7140 -0.0242 0.3432
v  0.7673 0.0332 0.3380
v  0.3947 -0.0406 0.4191
v  0.3746 -0.0885 0.4190
v  0.3678 -0.0914 0.3641
v  0.3867 -0.0451 0.3610
v  0.4115 -0.0571 0.3471
v  0.3928 -0.0982 0.3464
v  0.4555 -0.0914 0.3657
v  0.4632 -0.0569 0.3666
v  0.5862 -0.0665 0.3601
v  0.5678 -0.0356 0.3639
v  0.7436 -0.0562 0.3408
v  0.8210 -0.0034 0.3352
v  0.7600 -0.0891 0.3405
v  0.8554 -0.0431 0.3341
v  0.3553 -0.1271 0.4190
v  0.3412 -0.1605 0.4207
v  0.3485 -0.1670 0.3734
v  0.3576 -0.1321 0.3706
v  0.3843 -0.1343 0.3502
v  0.3845 -0.1656 0.3568
v  0.4594 -0.1470 0.3720
v  0.4544 -0.1203 0.3684
v  0.5976 -0.0953 0.3611
v  0.6062 -0.1228 0.3631
v  0.1511 -0.6078 0.3753
v  0.0229 -0.5678 0.4197
v  0.1803 -0.5652 0.4058
v  0.0429 -0.5173 0.4520
v  0.3778 -0.7462 0.2670
v  0.2705 -0.6654 0.3106
v  0.4107 -0.7220 0.3073
v  0.3034 -0.6400 0.3394
v  0.0712 -0.4930 0.5236
v  0.1805 -0.5271 0.4785
v  0.2352 -0.4875 0.5223
v  0.0944 -0.4410 0.5781
v  0.2702 -0.5706 0.4117
v  0.3292 -0.5656 0.4293
v  0.2901 -0.5382 0.4728
v  0.2427 -0.5491 0.4583
v  0.3395 -0.3975 0.5495
v  0.2410 -0.3940 0.5805
v  0.3482 -0.4798 0.5196
v  0.4326 -0.4704 0.5043
v  0.4151 -0.3913 0.5223
v  0.3921 -0.3155 0.5292
v  0.3301 -0.3190 0.5585
v  0.2436 -0.3154 0.5878
v  0.3585 -0.5284 0.4775
v  0.3852 -0.5565 0.4410
v  0.4302 -0.5460 0.4530
v  0.4318 -0.5207 0.4727
v  0.4812 -0.3890 0.4987
v  0.4998 -0.4650 0.4862
v  0.5541 -0.4609 0.4697
v  0.5374 -0.3875 0.4804
v  0.5102 -0.3163 0.4834
v  0.4538 -0.3155 0.5033
v  0.3506 -0.6210 0.3711
v  0.4456 -0.6863 0.3416
v  0.4800 -0.6464 0.3758
v  0.4002 -0.6033 0.4002
v  0.4413 -0.5783 0.4167
v  0.5091 -0.6002 0.3985
v  0.5295 -0.5496 0.4111
v  0.4725 -0.5489 0.4330
v  0.4945 -0.5159 0.4605
v  0.5496 -0.5124 0.4452
v  0.5999 -0.5114 0.4348
v  0.5831 -0.5529 0.3868
v  0.6465 -0.5504 0.3600
v  0.6608 -0.5067 0.4251
v  0.6567 -0.4478 0.4425
v  0.5985 -0.4557 0.4564
v  0.6837 -1.4903 0.6470
v  0.6845 -1.4869 0.5518
v  0.6642 -1.5894 0.5428
v  0.6459 -1.5963 0.6459
v  0.7107 -1.4953 0.7272
v  0.6716 -1.5993 0.7416
v  0.7263 -1.3819 0.6434
v  0.7633 -1.3909 0.7087
v  0.7123 -1.3790 0.5543
v  0.7638 -1.4858 0.7758
v  0.7427 -1.5721 0.7876
v  0.7931 -1.5497 0.8090
v  0.8210 -1.4865 0.8014
v  0.8564 -1.3946 0.7878
v  0.8042 -1.3941 0.7556
v  1.3563 -0.9592 0.8303
v  1.2877 -0.8611 0.7964
v  1.1730 -1.0405 0.8188
v  1.2310 -1.1245 0.8528
v  1.2877 -1.2185 0.8607
v  1.4177 -1.0710 0.8273
v  1.5688 -0.9268 0.7959
v  1.4984 -0.8016 0.7845
v  1.4208 -0.6943 0.7388
v  1.5453 -1.3580 0.7383
v  1.7028 -1.2806 0.6770
v  1.6648 -1.1825 0.7365
v  1.5035 -1.2773 0.7819
v  1.3824 -1.3846 0.8381
v  1.4284 -1.4525 0.8031
v  1.4623 -1.5049 0.7470
v  1.5769 -1.4209 0.6761
v  1.7230 -1.3519 0.5971
v  1.4645 -1.1794 0.8142
v  1.3363 -1.3059 0.8535
v  1.6218 -1.0598 0.7758
v  1.1428 -1.2365 0.8733
v  1.0879 -1.1685 0.8354
v  1.0274 -1.2738 0.8424
v  1.0842 -1.3277 0.8762
v  1.1513 -1.3929 0.8808
v  1.2039 -1.3160 0.8820
v  1.3781 -1.5296 0.8255
v  1.4204 -1.5727 0.7746
v  1.3229 -1.4680 0.8594
v  1.2941 -1.5374 0.8528
v  1.3599 -1.5947 0.8187
v  1.4087 -1.6262 0.7699
v  1.2643 -1.3948 0.8751
v  1.2232 -1.4654 0.8689
v  1.0434 -1.4249 0.8673
v  0.9825 -1.3792 0.8489
v  0.9457 -1.4806 0.8471
v  1.0077 -1.5212 0.8519
v  1.0774 -1.5620 0.8367
v  1.1136 -1.4761 0.8597
v  0.6951 -1.5013 0.4470
v  0.6938 -1.3862 0.4435
v  0.7182 -1.3983 0.3271
v  0.7392 -1.5134 0.3435
v  0.7703 -1.6098 0.3462
v  0.7014 -1.6037 0.4399
v  1.1892 -1.5338 0.8359
v  1.1520 -1.6081 0.8097
v  1.2323 -1.6586 0.7876
v  1.2653 -1.6009 0.8291
v  1.3424 -1.6517 0.8019
v  1.3218 -1.7060 0.7723
v  1.4028 -1.7250 0.7483
v  1.4057 -1.6743 0.7645
v  1.4350 -1.5916 0.7087
v  1.4732 -1.5373 0.6732
v  1.4355 -1.6298 0.7213
v  1.4787 -1.6150 0.6550
v  1.4607 -1.5884 0.6150
v  1.4921 -1.5341 0.6085
v  1.4466 -1.6642 0.7344
v  1.4598 -1.7101 0.7350
v  1.5223 -1.6685 0.7157
v  1.4952 -1.6315 0.6832
v  1.5880 -1.4660 0.5999
v  1.5794 -1.4923 0.5403
v  1.6968 -1.4241 0.4422
v  1.7186 -1.3961 0.5109
v  1.5891 -1.5225 0.5637
v  1.5968 -1.5445 0.6123
v  1.7234 -1.4751 0.5533
v  1.7144 -1.4519 0.4933
v  1.6127 -1.5668 0.6615
v  1.6392 -1.6140 0.7136
v  1.7697 -1.5651 0.6657
v  1.7437 -1.5061 0.6148
v  0.8633 -1.5229 0.8208
v  0.9085 -1.5728 0.8266
v  0.8966 -1.4394 0.8245
v  0.8200 -1.5957 0.8156
v  0.8637 -1.6554 0.8009
v  0.9353 -1.3412 0.8108
v  0.9821 -1.2329 0.7951
v  0.9473 -1.2005 0.7544
v  0.9049 -1.3045 0.7745
v  0.7584 -1.2646 0.6363
v  0.8043 -1.2760 0.6941
v  0.8300 -1.1486 0.6899
v  0.7754 -1.1343 0.6376
v  0.7202 -1.1151 0.5479
v  0.7211 -1.2539 0.5471
v  0.8400 -1.2840 0.7329
v  0.8714 -1.2824 0.7503
v  0.9011 -1.1687 0.7237
v  0.8718 -1.1606 0.7121
v  0.8950 -1.2615 0.7528
v  0.9247 -1.1739 0.7332
v  1.0421 -1.1204 0.7831
v  1.1195 -0.9801 0.7691
v  1.0754 -0.9443 0.7174
v  1.0032 -1.0866 0.7380
v  1.2572 -0.3192 0.3103
v  1.2559 -0.3841 0.3482
v  1.3102 -0.3671 0.3481
v  1.3039 -0.3224 0.3085
v  1.3753 -0.3320 0.3081
v  1.3203 -0.2830 0.2721
v  1.2620 -0.2536 0.2743
v  0.4570 -1.2019 -0.5507
v  0.4665 -1.1963 -0.5757
v  0.5615 -1.1878 -0.5656
v  0.5582 -1.1879 -0.5386
v  0.5495 -1.1851 -0.5016
v  0.4378 -1.2071 -0.5084
v  0.4133 -1.1933 -0.4385
v  0.5331 -1.1729 -0.4481
v  0.5140 -1.1573 -0.3837
v  0.3900 -1.1675 -0.3561
v  0.3790 -1.1509 -0.2664
v  0.4983 -1.1377 -0.3142
v  0.4905 -1.1063 -0.2390
v  0.3787 -1.1163 -0.1759
v  0.3915 -1.0706 -0.0827
v  0.4951 -1.0635 -0.1551
v  0.5048 -1.0133 -0.0672
v  0.4091 -1.0112 0.0088
v  0.4255 -0.9405 0.0984
v  0.5114 -0.9634 0.0224
v  0.5187 -0.9111 0.1007
v  0.4419 -0.8742 0.1739
v  0.4634 -0.8250 0.2229
v  0.5325 -0.8673 0.1643
v  0.5510 -0.8242 0.2159
v  0.4900 -0.7878 0.2661
v  0.5174 -0.7457 0.3077
v  0.5720 -0.7785 0.2605
v  0.5965 -0.7206 0.3020
v  0.5438 -0.6911 0.3416
v  0.5686 -0.6256 0.3744
v  0.6257 -0.6414 0.3457
v  0.6037 -0.8381 0.1774
v  0.6548 -0.8626 0.1537
v  0.6700 -0.8076 0.2170
v  0.6218 -0.7932 0.2340
v  0.6982 -0.7360 0.2754
v  0.6493 -0.7292 0.2832
v  1.3949 -1.4487 -0.4159
v  1.4926 -1.4676 -0.4184
v  1.4870 -1.4541 -0.3190
v  1.3856 -1.4288 -0.3175
v  1.2807 -1.4089 -0.3254
v  1.2917 -1.4291 -0.4193
v  1.2961 -1.4380 -0.5151
v  1.3974 -1.4603 -0.5167
v  1.4928 -1.4811 -0.5201
v  0.6347 -1.2101 -0.5220
v  0.6368 -1.2092 -0.5572
v  0.7072 -1.2481 -0.5495
v  0.7028 -1.2472 -0.5037
v  0.6935 -1.2387 -0.4525
v  0.6282 -1.2063 -0.4793
v  0.7898 -1.2759 -0.4884
v  0.8757 -1.3135 -0.4737
v  0.8522 -1.3000 -0.4116
v  0.7715 -1.2656 -0.4322
v  0.7990 -1.2780 -0.5394
v  0.8878 -1.3173 -0.5308
v  0.6786 -1.2190 -0.3962
v  0.6592 -1.1971 -0.3368
v  0.5980 -1.1694 -0.3703
v  0.6142 -1.1927 -0.4271
v  0.7494 -1.2500 -0.3703
v  0.8302 -1.2783 -0.3448
v  0.8018 -1.2500 -0.2768
v  0.7253 -1.2250 -0.3069
v  0.6414 -1.1698 -0.2791
v  0.6278 -1.1342 -0.2186
v  0.5737 -1.1060 -0.2513
v  0.5854 -1.1340 -0.3162
v  0.6747 -1.1534 -0.1823
v  0.6996 -1.1911 -0.2465
v  0.7597 -1.2140 -0.2106
v  0.7217 -1.1650 -0.1440
v  0.5704 -1.0708 -0.1716
v  0.6225 -1.0849 -0.1522
v  0.6226 -1.0292 -0.0877
v  0.5727 -1.0282 -0.0872
v  0.5745 -0.9828 -0.0062
v  0.6185 -0.9890 -0.0193
v  0.6268 -0.9476 0.0392
v  0.5786 -0.9342 0.0655
v  0.6593 -0.9960 0.0290
v  0.6431 -1.0141 -0.0122
v  0.6497 -1.0562 -0.0504
v  0.6816 -1.0531 -0.0069
v  0.5892 -0.8859 0.1248
v  0.6400 -0.9060 0.0940
v  0.6587 -1.1062 -0.1117
v  0.6983 -1.1113 -0.0701
v  0.7375 -1.1044 -0.0278
v  0.7652 -1.1762 -0.1022
v  0.7989 -1.1845 -0.0612
v  0.7692 -1.0968 0.0135
v  0.7614 -0.9828 0.0918
v  0.7191 -1.0293 0.0352
v  0.7355 -1.2787 0.1661
v  0.7999 -1.3261 0.0909
v  0.7951 -1.4025 0.1434
v  0.7500 -1.4058 0.2138
v  0.6923 -1.2496 0.2810
v  0.7530 -1.0837 0.2496
v  0.7590 -1.1673 0.1240
v  0.8141 -1.2383 0.0519
v  0.6912 -1.2443 0.4201
v  0.7039 -1.0943 0.4104
v  0.6830 -0.9638 0.0754
v  0.7071 -0.9103 0.1273
v  0.7960 -1.1196 0.1022
v  0.8185 -1.0371 0.1979
v  0.8253 -1.0126 0.1597
v  0.8014 -1.1061 0.0774
v  0.8202 -1.1953 0.0092
v  0.8197 -1.1962 0.0317
v  0.7928 -1.0974 0.0475
v  0.8156 -1.1911 -0.0225
v  0.8019 -0.9968 0.1248
v  0.7479 -0.9573 0.4471
v  0.7955 -0.8345 0.4871
v  0.8145 -0.8365 0.4092
v  0.7953 -0.9507 0.3442
v  0.7476 -0.9709 0.5653
v  0.8109 -0.8403 0.5686
v  0.7209 -0.8382 0.1977
v  0.7693 -0.8705 0.1891
v  0.7792 -0.7716 0.2742
v  0.7385 -0.7580 0.2662
v  0.8102 -0.8908 0.2070
v  0.8400 -0.9112 0.2444
v  0.8316 -0.8059 0.3204
v  0.8117 -0.7874 0.2919
v  0.8336 -0.8256 0.3577
v  0.8427 -0.9383 0.2897
v  0.7724 -0.6814 0.3135
v  0.7528 -0.6446 0.3194
v  0.8074 -0.6691 0.3409
v  0.8482 -0.5545 0.3842
v  0.6944 -0.6355 0.3196
v  0.7367 -0.5496 0.3632
v  0.7556 -0.4962 0.4191
v  0.8720 -0.4812 0.4199
v  0.8779 -0.4185 0.4214
v  0.7550 -0.4370 0.4294
v  0.8285 -0.6799 0.3608
v  0.8396 -0.7009 0.3773
v  0.8870 -0.6236 0.4071
v  0.8832 -0.5937 0.3950
v  0.8477 -0.7243 0.4008
v  0.8498 -0.7403 0.4380
v  0.8823 -0.6854 0.4431
v  0.8872 -0.6540 0.4256
v  0.9625 -0.5598 0.4156
v  0.9430 -0.5938 0.4308
v  0.9809 -0.5886 0.4461
v  1.0215 -0.5656 0.4355
v  1.0888 -0.5221 0.4068
v  0.9814 -0.5163 0.4087
v  0.9968 -0.4574 0.4082
v  1.1069 -0.4450 0.3783
v  1.1164 -0.3695 0.3570
v  1.0056 -0.3878 0.3963
v  0.8011 -0.9933 0.6411
v  0.8549 -1.0130 0.6840
v  0.8949 -0.8785 0.6580
v  0.8471 -0.8569 0.6258
v  0.9733 -1.0654 0.7118
v  1.0374 -0.9270 0.6874
v  0.9965 -0.9142 0.6765
v  0.9440 -1.0507 0.6949
v  0.9051 -1.0332 0.6914
v  0.9477 -0.8994 0.6665
v  1.1842 -0.4511 0.3577
v  1.1660 -0.5296 0.3757
v  1.2275 -0.5276 0.3973
v  1.2429 -0.4497 0.3777
v  1.1943 -0.3795 0.3385
v  1.2936 -0.4417 0.4066
v  1.2656 -0.5172 0.4637
v  1.2925 -0.5443 0.5717
v  1.3461 -0.4276 0.4212
v  1.2227 -0.7887 0.7428
v  1.3505 -0.6123 0.6726
v  1.1684 -0.7540 0.6807
v  1.1206 -0.7554 0.6377
v  1.1964 -0.6160 0.5630
v  1.1441 -0.6481 0.5272
v  1.0712 -0.7688 0.6112
v  1.2299 -0.5619 0.4927
v  1.1933 -0.5837 0.4472
v  0.8565 -0.7392 0.4886
v  0.8770 -0.7361 0.5400
v  0.9332 -0.6609 0.4984
v  0.9044 -0.6693 0.4688
v  1.1312 -0.5883 0.4427
v  1.0697 -0.5862 0.4635
v  1.0196 -0.6548 0.5335
v  1.0800 -0.6586 0.5228
v  1.0157 -0.5978 0.4714
v  0.9691 -0.6137 0.4675
v  0.9703 -0.6557 0.5219
v  0.9286 -0.6262 0.4485
v  0.9564 -0.7559 0.6020
v  0.9087 -0.7412 0.5814
v  1.0133 -0.7696 0.6009
v  1.4496 -0.3458 0.3111
v  1.5306 -0.3783 0.3443
v  1.5609 -0.3117 0.2771
v  1.4810 -0.2900 0.2583
v  1.4071 -0.2660 0.2436
v  1.4043 -0.4058 0.3960
v  1.4266 -0.4536 0.4618
v  1.6947 -0.2516 0.2783
v  1.6758 -0.3008 0.2605
v  1.7519 -0.3252 0.2823
v  1.8287 -0.2940 0.2701
v  1.7969 -0.3359 0.2907
v  1.8323 -0.3464 0.2954
v  1.7729 -0.2789 0.2723
v  1.7559 -0.1149 -0.0558
v  1.9034 -0.1202 -0.0052
v  1.9061 -0.1407 -0.0757
v  1.7697 -0.1126 -0.1247
v  1.6126 -0.0223 -0.1654
v  1.5905 -0.0325 -0.1119
v  1.8703 0.0396 -0.2710
v  1.9008 0.0708 -0.3477
v  1.7528 0.1556 -0.3456
v  1.7159 0.1168 -0.2755
v  1.6602 0.0486 -0.2482
v  1.8186 -0.0308 -0.2318
v  1.9514 -0.0799 -0.2122
v  1.9971 -0.0155 -0.2672
v  2.0250 0.0131 -0.3514
v  1.9244 -0.1173 -0.1463
v  1.6326 0.0073 -0.2086
v  1.7900 -0.0780 -0.1826
v  1.4281 0.1103 -0.1368
v  1.4473 0.1194 -0.1851
v  1.2857 0.2737 -0.1909
v  1.5376 0.2413 -0.2799
v  1.5616 0.2664 -0.3440
v  1.3616 0.3840 -0.3393
v  1.3527 0.3744 -0.2909
v  1.3322 0.3473 -0.2490
v  1.4907 0.1851 -0.2561
v  1.4657 0.1462 -0.2240
v  1.3089 0.3089 -0.2221
v  1.1474 0.4183 -0.1806
v  1.0528 0.5459 -0.1552
v  1.0639 0.5381 -0.1077
v  1.1486 0.4082 -0.1267
v  1.1644 0.4524 -0.2173
v  1.1940 0.4956 -0.2386
v  1.0843 0.6118 -0.2261
v  1.0609 0.5752 -0.1939
v  1.4759 -0.5216 0.5499
v  1.5454 -0.6003 0.6490
v  1.6513 -0.5512 0.5775
v  1.5834 -0.4631 0.4722
v  1.6555 -0.3409 0.3052
v  1.6517 -0.3932 0.3678
v  1.7406 -0.4140 0.3959
v  1.7402 -0.3624 0.3347
v  1.7912 -0.3735 0.3435
v  1.8023 -0.4317 0.3955
v  1.8587 -0.4344 0.3733
v  1.8360 -0.3752 0.3319
v  1.9270 -0.4261 0.3200
v  1.9002 -0.3648 0.2993
v  1.9912 -0.3932 0.2579
v  1.9522 -0.3389 0.2425
v  1.8703 -0.3219 0.2623
v  1.9372 -0.2968 0.1691
v  2.0065 -0.3507 0.1692
v  2.0159 -0.2966 0.0901
v  2.0116 -0.1915 0.0864
v  1.9730 -0.2391 0.1290
v  2.0539 -0.2364 0.0443
v  2.0747 -0.1748 -0.0133
v  2.0224 -0.1470 0.0489
v  2.0033 -0.1389 -0.0448
v  1.9888 -0.1240 0.0214
v  2.0990 -0.1753 -0.0972
v  2.1118 -0.1889 -0.1872
v  2.0449 -0.1284 -0.1925
v  2.0220 -0.1377 -0.1150
v  2.0941 -0.0736 -0.2634
v  2.1698 -0.1421 -0.2637
v  2.2092 -0.1113 -0.3639
v  2.1248 -0.0459 -0.3572
v  1.7052 -0.8517 0.7186
v  1.6275 -0.7192 0.6996
v  1.8192 -0.8148 0.6523
v  1.7365 -0.6748 0.6360
v  1.6772 -0.4550 0.4550
v  1.7303 -0.5474 0.5317
v  1.7953 -0.5641 0.4952
v  1.7572 -0.4805 0.4514
v  1.8206 -0.5004 0.4315
v  1.8520 -0.5837 0.4507
v  1.9111 -0.5910 0.3963
v  1.8810 -0.5082 0.3909
v  1.9541 -0.4954 0.3233
v  1.9815 -0.5763 0.3103
v  2.0533 -0.5349 0.2277
v  2.0234 -0.4570 0.2478
v  2.0524 -0.4054 0.1561
v  2.1002 -0.4751 0.1402
v  2.1308 -0.4192 0.0612
v  2.0679 -0.3518 0.0708
v  2.1689 -0.3789 -0.0036
v  2.1993 -0.3546 -0.0654
v  2.1391 -0.2626 -0.0367
v  2.1058 -0.2979 0.0199
v  2.1559 -0.2526 -0.1139
v  2.2219 -0.3433 -0.1478
v  2.2614 -0.3211 -0.2232
v  2.1740 -0.2580 -0.2063
v  2.2493 -0.2062 -0.2746
v  2.3462 -0.2644 -0.2821
v  2.4007 -0.2340 -0.3680
v  2.2986 -0.1775 -0.3712
v  3.4076 -1.2407 0.6304
v  3.4013 -1.1549 0.4933
v  3.3477 -1.1905 0.4876
v  3.3546 -1.2751 0.6199
v  3.2901 -1.2317 0.4882
v  3.2991 -1.3132 0.6154
v  3.2790 -1.3843 0.7423
v  3.3349 -1.3482 0.7503
v  3.3841 -1.3142 0.7643
v  3.0887 -1.5529 1.1092
v  2.9931 -1.5849 1.2180
v  3.0398 -1.5538 1.2392
v  3.1364 -1.5188 1.1276
v  3.0891 -1.5337 1.2630
v  3.1855 -1.4933 1.1482
v  3.2692 -1.4374 1.0210
v  3.2203 -1.4682 1.0032
v  3.1700 -1.5046 0.9875
v  3.5136 -1.1993 0.6388
v  3.5138 -1.1023 0.4998
v  3.4556 -1.1092 0.5148
v  3.4577 -1.2016 0.6492
v  3.4344 -1.2813 0.7804
v  3.4869 -1.2834 0.7724
v  3.2924 -1.4904 1.1772
v  3.3786 -1.4217 1.0395
v  3.3224 -1.4174 1.0368
v  3.2380 -1.4816 1.1671
v  3.1411 -1.5288 1.2857
v  3.1934 -1.5428 1.3015
v  2.8502 -1.6432 1.2960
v  2.7468 -1.6505 1.3842
v  2.7852 -1.6168 1.4087
v  2.8907 -1.6053 1.3167
v  2.9507 -1.6256 1.2003
v  2.9160 -1.6759 1.1855
v  2.8174 -1.6903 1.2780
v  2.7141 -1.6922 1.3625
v  3.1853 -1.4950 0.8517
v  3.1241 -1.5506 0.9727
v  3.2341 -1.4460 0.8636
v  3.2303 -1.4343 0.7342
v  3.1965 -1.4928 0.7229
v  3.1509 -1.5518 0.8379
v  3.0898 -1.6043 0.9575
v  2.9891 -1.7050 1.0638
v  3.0707 -1.6617 0.9409
v  3.0656 -1.7246 0.9236
v  2.9815 -1.7699 1.0507
v  2.8832 -1.7996 1.1590
v  2.8931 -1.7341 1.1719
v  3.0107 -1.6472 1.0781
v  3.1502 -1.9368 0.8771
v  3.2134 -1.9760 0.8651
v  3.1200 -2.0263 1.0081
v  3.0565 -1.9844 1.0120
v  3.0101 -2.0697 1.1382
v  2.9469 -2.0198 1.1330
v  2.9067 -1.9491 1.1400
v  3.0131 -1.9176 1.0234
v  3.1049 -1.8724 0.8931
v  2.6646 -1.8693 1.3131
v  2.6704 -1.8011 1.3257
v  2.7806 -1.8089 1.2480
v  2.7804 -1.8800 1.2372
v  2.8868 -1.8728 1.1487
v  2.7958 -1.9546 1.2300
v  2.6744 -1.9430 1.3062
v  3.2025 -1.4836 0.5895
v  3.1941 -1.4129 0.4702
v  3.1930 -1.4841 0.4487
v  3.2010 -1.5508 0.5701
v  3.1793 -1.6147 0.6896
v  3.1811 -1.5505 0.7080
v  3.2171 -1.4238 0.6022
v  3.2085 -1.3492 0.4818
v  3.1769 -1.8240 0.7618
v  3.2238 -1.8893 0.7376
v  3.2299 -1.7718 0.6312
v  3.2768 -1.8382 0.5956
v  3.3416 -1.8782 0.5641
v  3.2882 -1.9289 0.7167
v  3.1449 -1.7488 0.7840
v  3.0766 -1.7983 0.9083
v  3.1305 -1.6721 0.8033
v  3.1954 -1.6935 0.6633
v  3.0968 -1.0605 0.1514
v  3.0237 -0.9970 0.0741
v  2.9942 -1.0812 0.0772
v  3.0645 -1.1416 0.1572
v  3.1232 -1.2038 0.2579
v  3.1588 -1.1279 0.2547
v  3.2097 -1.0618 0.2392
v  3.1443 -0.9874 0.1302
v  3.0676 -0.9193 0.0497
v  2.2526 -0.4679 -0.0314
v  2.2095 -0.5078 0.0383
v  2.3216 -0.6041 0.0225
v  2.3739 -0.5571 -0.0468
v  2.4190 -0.5208 -0.1179
v  2.2910 -0.4407 -0.1015
v  2.3338 -0.4197 -0.1758
v  2.4759 -0.4926 -0.1864
v  2.5400 -0.4566 -0.2426
v  2.3929 -0.3835 -0.2386
v  3.2494 -0.8857 0.0975
v  3.1662 -0.8049 0.0125
v  3.1165 -0.8588 0.0238
v  3.1958 -0.9307 0.1100
v  3.2642 -1.0104 0.2252
v  3.3198 -0.9684 0.2186
v  2.4696 -0.3250 -0.2837
v  2.6076 -0.3915 -0.2739
v  2.6506 -0.3637 -0.3452
v  2.5209 -0.2952 -0.3631
v  3.3036 -0.8295 0.1124
v  3.3614 -0.8174 0.0817
v  3.2789 -0.7398 -0.0238
v  3.2235 -0.7539 0.0123
v  3.3742 -0.9156 0.2357
v  3.4359 -0.9023 0.2106
v  2.1576 -0.5620 0.1190
v  2.0896 -0.6236 0.1948
v  2.1537 -0.7216 0.1471
v  2.2453 -0.6611 0.0875
v  1.7648 -0.9917 0.7012
v  1.8112 -1.1234 0.6671
v  1.9302 -1.0921 0.5956
v  1.8895 -0.9573 0.6424
v  1.8076 -0.6657 0.5742
v  1.8880 -0.8004 0.5856
v  1.9323 -0.7989 0.5156
v  1.8615 -0.6710 0.5191
v  1.9046 -0.6859 0.4519
v  1.9693 -0.8021 0.4344
v  2.0161 -0.7943 0.3478
v  1.9556 -0.6872 0.3800
v  2.0177 -0.6669 0.2857
v  2.0752 -0.7669 0.2418
v  2.3830 -0.7691 0.0433
v  2.2719 -0.8257 0.0810
v  2.4189 -0.9395 0.0101
v  2.5352 -0.8704 -0.0056
v  2.6276 -0.8163 -0.0172
v  2.4745 -0.7120 0.0040
v  2.5347 -0.6587 -0.0512
v  2.6902 -0.7579 -0.0496
v  2.7359 -0.7032 -0.0961
v  2.5814 -0.6140 -0.1139
v  2.6337 -0.5763 -0.1740
v  2.7787 -0.6545 -0.1457
v  2.8231 -0.6031 -0.1863
v  2.6883 -0.5372 -0.2266
v  2.7484 -0.4635 -0.2457
v  2.8755 -0.5345 -0.2082
v  2.9202 -0.5048 -0.2712
v  2.7903 -0.4353 -0.3136
v  3.0518 -1.2142 0.1434
v  2.9802 -1.1516 0.0576
v  2.9655 -1.2189 0.0242
v  3.0454 -1.2848 0.1112
v  3.1084 -1.3482 0.2128
v  3.1102 -1.2759 0.2438
v  3.1715 -1.5000 0.2775
v  3.1995 -1.5830 0.2130
v  3.2429 -1.6521 0.3523
v  3.2084 -1.5699 0.4072
v  3.1613 -1.4151 0.3264
v  3.1128 -1.4288 0.1564
v  3.1309 -1.5114 0.0856
v  2.8893 -1.0835 -0.0006
v  2.9192 -1.0185 0.0219
v  2.8390 -0.9564 -0.0194
v  2.7863 -1.0135 -0.0384
v  2.7322 -1.0751 -0.0648
v  2.8576 -1.1479 -0.0336
v  2.9539 -0.9394 0.0191
v  2.9956 -0.8646 -0.0072
v  2.9233 -0.8166 -0.0488
v  2.8823 -0.8857 -0.0227
v  2.7994 -0.8299 -0.0430
v  2.8428 -0.7669 -0.0758
v  2.7443 -0.8935 -0.0286
v  2.6674 -0.9471 -0.0350
v  2.5916 -1.0087 -0.0518
v  3.0883 -0.7454 -0.0517
v  3.0112 -0.6996 -0.1049
v  2.9662 -0.7579 -0.0831
v  3.0414 -0.8040 -0.0378
v  2.8837 -0.7115 -0.1163
v  2.9262 -0.6535 -0.1458
v  3.1450 -0.6941 -0.0629
v  3.1975 -0.6771 -0.1055
v  3.1150 -0.6203 -0.1702
v  3.0649 -0.6422 -0.1208
v  2.9776 -0.5936 -0.1694
v  3.0252 -0.5646 -0.2242
v  1.8348 -1.2280 0.6036
v  1.8333 -1.3010 0.5192
v  1.9188 -1.2727 0.4477
v  1.9349 -1.1956 0.5264
v  1.9570 -0.9410 0.5684
v  1.9988 -1.0771 0.5214
v  2.0263 -1.0670 0.4238
v  1.9908 -0.9359 0.4809
v  2.0296 -0.9302 0.3869
v  2.0777 -1.0574 0.3328
v  2.1528 -1.0470 0.1974
v  2.0861 -0.9134 0.2867
v  2.1593 -0.8788 0.1577
v  2.2513 -0.9732 0.0914
v  2.2975 -1.0421 0.0415
v  2.4033 -1.0582 -0.0177
v  2.2476 -1.1091 0.0589
v  2.3582 -1.1474 -0.0421
v  2.4991 -1.1857 -0.1263
v  2.6512 -1.2510 -0.1351
v  2.6885 -1.1600 -0.0980
v  2.5388 -1.0980 -0.0824
v  2.8247 -1.2281 -0.0784
v  2.7986 -1.3154 -0.1313
v  2.9362 -1.3781 -0.0984
v  2.9454 -1.2954 -0.0306
v  2.9528 -1.4656 -0.1754
v  2.9922 -1.5143 -0.3237
v  3.1537 -1.5756 -0.2031
v  3.0823 -1.5319 -0.1038
v  3.2471 -1.6349 -0.0767
v  3.1739 -1.5914 0.0074
v  3.0423 -1.4474 -0.0187
v  2.0001 -1.1835 0.4532
v  1.9803 -1.2617 0.3770
v  2.0358 -1.2643 0.3074
v  2.0404 -1.1755 0.3700
v  2.0961 -1.1702 0.2860
v  2.0893 -1.2650 0.2344
v  2.1453 -1.2689 0.1373
v  2.1590 -1.1747 0.1888
v  2.2226 -1.1907 0.0495
v  2.2011 -1.2735 0.0120
v  2.2891 -1.2826 -0.1183
v  2.3195 -1.2192 -0.0708
v  2.6123 -1.3300 -0.1741
v  2.5752 -1.3891 -0.2258
v  2.7587 -1.4514 -0.2665
v  2.7896 -1.3990 -0.1955
v  2.4587 -1.2577 -0.1598
v  2.4165 -1.3215 -0.1880
v  2.6716 -1.4700 -0.3268
v  2.5196 -1.4212 -0.2661
v  2.4732 -1.4420 -0.3105
v  2.5364 -1.4723 -0.3655
v  2.6005 -1.4846 -0.4672
v  2.7700 -1.4876 -0.4152
v  2.3870 -1.4625 -0.3932
v  2.3609 -1.4255 -0.2947
v  2.2061 -1.4157 -0.2693
v  2.2308 -1.4627 -0.4012
v  2.2548 -1.4684 -0.5202
v  2.4210 -1.4690 -0.4986
v  1.6050 -1.4803 -0.4269
v  1.6034 -1.4961 -0.5221
v  1.7242 -1.4959 -0.5239
v  1.7242 -1.4818 -0.4338
v  1.7228 -1.4793 -0.3437
v  1.6015 -1.4777 -0.3308
v  2.2540 -1.3471 -0.1748
v  2.3813 -1.3778 -0.2350
v  1.5982 -1.4748 -0.2422
v  1.4800 -1.4475 -0.2264
v  1.7195 -1.4811 -0.2548
v  1.7120 -1.4921 -0.1744
v  1.5871 -1.4937 -0.1626
v  1.4670 -1.4482 -0.1397
v  1.8470 -1.4885 -0.5236
v  1.9761 -1.4832 -0.5257
v  1.9688 -1.4795 -0.4302
v  1.8460 -1.4857 -0.4369
v  1.9558 -1.4546 -0.3345
v  1.8384 -1.4615 -0.3447
v  2.1071 -1.4780 -0.5235
v  2.0963 -1.4693 -0.4182
v  2.0725 -1.4423 -0.3057
v  0.8456 -1.4627 0.1443
v  0.9234 -1.5352 0.1475
v  0.8417 -1.5889 0.2445
v  0.7920 -1.5031 0.2389
v  1.1591 -1.5378 0.1165
v  1.1757 -1.4779 0.0772
v  1.2783 -1.5120 0.0775
v  1.1944 -1.4289 0.0175
v  1.2982 -1.4475 0.0471
v  1.4169 -1.4947 0.0125
v  1.3969 -1.5488 0.0221
v  1.3777 -1.6054 0.0319
v  1.2594 -1.5747 0.0861
v  0.8822 -1.2818 -0.0277
v  0.9647 -1.3636 -0.0181
v  0.8796 -1.3147 0.0107
v  0.8649 -1.2633 -0.0030
v  0.8753 -1.3899 0.0658
v  0.9502 -1.4382 0.0655
v  1.0040 -1.4545 0.0487
v  1.0273 -1.4006 -0.0338
v  1.0724 -1.4229 -0.0456
v  1.0519 -1.4665 0.0292
v  1.0413 -1.5003 0.0817
v  1.0002 -1.5135 0.1151
v  1.1043 -1.4694 0.0469
v  1.0812 -1.5205 0.0979
v  1.1241 -1.4248 -0.0195
v  1.3754 -1.4135 -0.2260
v  1.3594 -1.4020 -0.1351
v  1.2576 -1.3785 -0.1509
v  1.2718 -1.3917 -0.2379
v  0.8252 -1.2371 -0.1711
v  0.8846 -1.2861 -0.2381
v  0.9759 -1.3232 -0.1893
v  0.8714 -1.2649 -0.1250
v  0.9832 -1.3347 -0.0989
v  0.8883 -1.2796 -0.0721
v  1.3309 -1.4036 -0.0373
v  1.2274 -1.3834 -0.0579
v  1.4412 -1.4662 -0.0589
v  1.1643 -1.4087 -0.4295
v  1.1587 -1.3927 -0.3414
v  1.0323 -1.3586 -0.3509
v  1.0445 -1.3702 -0.4429
v  1.0490 -1.3746 -0.5208
v  1.1678 -1.4175 -0.5178
v  1.1483 -1.3892 -0.0955
v  1.0882 -1.3831 -0.1190
v  1.0927 -1.3671 -0.1982
v  1.1657 -1.3803 -0.1799
v  1.0378 -1.3517 -0.2545
v  1.0792 -1.3614 -0.2714
v  1.0429 -1.3526 -0.1935
v  0.9949 -1.3352 -0.2796
v  0.9178 -1.3115 -0.3121
v  0.9352 -1.3306 -0.3867
v  1.1637 -1.3839 -0.2599
v  0.9538 -1.3441 -0.4582
v  0.9630 -1.3474 -0.5250
v  1.0417 -1.3624 -0.1142
v  0.7588 -1.6604 0.7901
v  0.6862 -1.7069 0.7382
v  0.7428 -1.7850 0.7224
v  0.8043 -1.7310 0.7776
v  0.9669 -1.6089 0.8161
v  1.0330 -1.6424 0.7994
v  0.9197 -1.6861 0.7716
v  0.9840 -1.7141 0.7528
v  1.1048 -1.6817 0.7736
v  1.0559 -1.7490 0.7298
v  1.1451 -1.7856 0.7048
v  1.1889 -1.7229 0.7472
v  1.2926 -1.7624 0.7267
v  1.2617 -1.8199 0.6809
v  1.3780 -1.8393 0.6585
v  1.3924 -1.7834 0.7087
v  1.4665 -1.7752 0.7014
v  1.4672 -1.8356 0.6455
v  1.5519 -1.8135 0.6359
v  1.5441 -1.7458 0.6996
v  1.6546 -1.7015 0.6906
v  1.6548 -1.7754 0.6194
v  1.7608 -1.7398 0.5907
v  1.7722 -1.6551 0.6492
v  1.7613 -1.8316 0.5403
v  1.7542 -1.9212 0.4951
v  1.8284 -1.9280 0.4852
v  1.8462 -1.8294 0.5160
v  1.9083 -1.9501 0.4745
v  1.9301 -1.8313 0.4945
v  1.9413 -1.7223 0.5058
v  1.8556 -1.7254 0.5467
v  1.6640 -1.8515 0.5593
v  1.5628 -1.8757 0.5755
v  1.5619 -1.9372 0.5214
v  1.6634 -1.9270 0.5065
v  1.3613 -1.8897 0.6111
v  1.3407 -1.9394 0.5695
v  1.4557 -1.9400 0.5401
v  1.4664 -1.8898 0.5911
v  1.2349 -1.8749 0.6430
v  1.1104 -1.8440 0.6689
v  1.0862 -1.9150 0.6520
v  1.2122 -1.9367 0.6145
v  1.0136 -1.8104 0.6901
v  0.9355 -1.7796 0.7120
v  0.8933 -1.8556 0.6967
v  0.9816 -1.8816 0.6745
v  0.8669 -1.7616 0.7443
v  0.8136 -1.8288 0.7106
v  0.6635 -1.7056 0.6378
v  0.6724 -1.6964 0.5353
v  0.7176 -1.7859 0.5371
v  0.7118 -1.7942 0.6324
v  1.8674 -1.6310 0.5766
v  1.9458 -1.6243 0.5123
v  1.9411 -1.5396 0.5069
v  1.8675 -1.5447 0.5810
v  1.8453 -1.4789 0.5454
v  1.9205 -1.4712 0.4791
v  1.8911 -1.4310 0.4293
v  1.8207 -1.4364 0.4906
v  2.0150 -1.7163 0.4735
v  2.0072 -1.6224 0.4692
v  2.0649 -1.6193 0.4250
v  2.0842 -1.7062 0.4327
v  2.0441 -1.5428 0.4038
v  1.9976 -1.5412 0.4566
v  2.0220 -1.8204 0.4738
v  2.0290 -1.9205 0.4660
v  2.1279 -1.8982 0.4200
v  2.1083 -1.8021 0.4293
v  2.0461 -2.0031 0.4541
v  1.9502 -2.0196 0.4501
v  1.9742 -2.0769 0.4333
v  2.0583 -2.0765 0.4472
v  2.1529 -2.0730 0.4362
v  2.1450 -1.9885 0.4229
v  1.8420 -2.0135 0.4230
v  1.8084 -2.0243 0.3471
v  1.8499 -2.0455 0.3417
v  1.8834 -2.0397 0.4086
v  1.8708 -2.0824 0.3433
v  1.9104 -2.0804 0.3960
v  1.7891 -1.9961 0.4318
v  1.7194 -1.9862 0.4386
v  1.6762 -2.0120 0.3659
v  1.7501 -2.0155 0.3563
v  1.6312 -1.9866 0.4478
v  1.5314 -1.9887 0.4621
v  1.4912 -2.0060 0.3873
v  1.5881 -2.0114 0.3735
v  1.4254 -1.9814 0.4850
v  1.3119 -1.9806 0.5191
v  1.2807 -1.9947 0.4502
v  1.3896 -1.9958 0.4165
v  1.0672 -1.9471 0.5866
v  1.1881 -1.9722 0.5556
v  1.0557 -1.9595 0.5090
v  1.1672 -1.9815 0.4812
v  0.7304 -1.6994 0.4401
v  0.8172 -1.6922 0.3564
v  0.8633 -1.7584 0.3737
v  0.7725 -1.7777 0.4474
v  0.7861 -1.8472 0.6313
v  0.7811 -1.8532 0.5444
v  0.8693 -1.8837 0.6265
v  0.8625 -1.8962 0.5469
v  0.9617 -1.9164 0.6107
v  0.9543 -1.9288 0.5332
v  0.8210 -1.8373 0.4602
v  0.8952 -1.8105 0.3966
v  0.9174 -1.8481 0.4164
v  0.8856 -1.8730 0.4694
v  1.1322 -1.6047 0.1464
v  1.0477 -1.5662 0.1412
v  1.0829 -1.6892 0.2033
v  0.9909 -1.6196 0.1791
v  0.9656 -1.9000 0.4563
v  0.9791 -1.8525 0.3898
v  1.0654 -1.8648 0.3541
v  1.0571 -1.9234 0.4301
v  0.9057 -1.6651 0.2589
v  0.9603 -1.7314 0.2889
v  0.9819 -1.7942 0.3359
v  1.0786 -1.7880 0.2811
v  1.2345 -1.6387 0.1154
v  1.3521 -1.6637 0.0698
v  1.3208 -1.7277 0.1279
v  1.2082 -1.7094 0.1691
v  1.3669 -1.9593 0.3376
v  1.2608 -1.9518 0.3719
v  1.2615 -1.8810 0.2946
v  1.3683 -1.8915 0.2583
v  1.4720 -1.9055 0.2269
v  1.4681 -1.9688 0.3076
v  1.1573 -1.9383 0.4034
v  1.1605 -1.8724 0.3254
v  1.1810 -1.7910 0.2449
v  1.2867 -1.8025 0.2101
v  1.5595 -1.9814 0.2928
v  1.5623 -1.9275 0.2083
v  1.6487 -1.9474 0.2004
v  1.6449 -1.9907 0.2862
v  1.3976 -1.8145 0.1702
v  1.4397 -1.7405 0.0859
v  1.5633 -1.7534 0.0552
v  1.5083 -1.8316 0.1344
v  1.7273 -1.9949 0.2783
v  1.7385 -1.9612 0.1955
v  1.8152 -1.9808 0.1977
v  1.7962 -2.0056 0.2736
v  1.8439 -2.0318 0.2785
v  1.8624 -2.0208 0.2113
v  1.8701 -2.0740 0.2236
v  1.8576 -2.0779 0.2885
v  2.2153 -1.9738 0.3536
v  2.2333 -2.0621 0.3711
v  2.2692 -2.0538 0.2815
v  2.2528 -1.9670 0.2733
v  2.2318 -1.8784 0.2669
v  2.1972 -1.8819 0.3482
v  2.1762 -1.7841 0.3548
v  2.2063 -1.7825 0.2659
v  2.1768 -1.6904 0.2613
v  2.1528 -1.6869 0.3586
v  2.1224 -1.6070 0.3440
v  2.1306 -1.6253 0.2445
v  2.0634 -1.5804 0.2222
v  2.0719 -1.5428 0.3142
v  1.4837 -1.6752 0.0288
v  1.5205 -1.6154 -0.0010
v  1.6664 -1.6217 -0.0002
v  1.6214 -1.6827 0.0099
v  1.6138 -1.8553 0.1156
v  1.6862 -1.7752 0.0415
v  1.8003 -1.8047 0.0431
v  1.7140 -1.8823 0.1097
v  1.7502 -1.6993 0.0163
v  1.7894 -1.6338 0.0235
v  1.8933 -1.6516 0.0543
v  1.8625 -1.7261 0.0365
v  1.9537 -1.7627 0.0620
v  1.9815 -1.6788 0.0834
v  2.0551 -1.7094 0.1086
v  2.0333 -1.7978 0.0846
v  2.0008 -1.9023 0.0595
v  1.8973 -1.8451 0.0473
v  2.1191 -1.6768 0.1819
v  2.1135 -1.7406 0.1373
v  2.0595 -1.6388 0.1591
v  2.1618 -1.7304 0.1984
v  2.1491 -1.7661 0.1625
v  1.8101 -1.9101 0.1131
v  1.8901 -1.9475 0.1271
v  2.2522 -1.9772 0.2059
v  2.2696 -2.0580 0.2106
v  2.2320 -2.0671 0.1576
v  2.2126 -1.9918 0.1524
v  2.1881 -1.9129 0.1497
v  2.2254 -1.8960 0.2018
v  2.1936 -1.8096 0.2031
v  2.1655 -1.8299 0.1553
v  2.1088 -1.8230 0.1143
v  2.1133 -1.9118 0.1082
v  2.1377 -1.9972 0.1075
v  2.1670 -2.0721 0.1163
v  2.0691 -2.0978 0.0953
v  2.0397 -2.0018 0.0909
v  1.9389 -2.0094 0.1418
v  1.9433 -2.0798 0.1487
v  2.1493 -2.1676 0.1101
v  2.1911 -2.1276 0.1266
v  2.2431 -2.1403 0.1533
v  2.2213 -2.2118 0.1373
v  2.2832 -2.1458 0.2885
v  2.2772 -2.2397 0.2903
v  2.2626 -2.2297 0.2036
v  2.2798 -2.1443 0.2088
v  1.5680 -1.5044 -0.0888
v  1.6948 -1.5200 -0.1075
v  1.6945 -1.5306 -0.0265
v  1.5486 -1.5273 -0.0351
v  1.5386 -1.5641 -0.0052
v  1.6770 -1.5717 0.0066
v  1.9328 -1.4348 -0.2301
v  1.8299 -1.4600 -0.2511
v  1.9091 -1.4557 -0.1361
v  1.8169 -1.4733 -0.1651
v  1.7953 -1.5009 -0.0971
v  1.8761 -1.4874 -0.0680
v  1.8492 -1.5086 -0.0222
v  1.7872 -1.5141 -0.0261
v  2.1113 -1.3805 -0.1342
v  2.0305 -1.4078 -0.1901
v  2.0587 -1.4106 0.0106
v  1.9925 -1.4440 -0.0811
v  2.0691 -1.3420 0.1692
v  2.0175 -1.3353 0.2406
v  1.9976 -1.3742 0.1957
v  2.0299 -1.3992 0.1295
v  2.1172 -1.3468 0.0728
v  2.1671 -1.3398 -0.0590
v  1.8113 -1.3458 0.4294
v  1.7839 -1.3902 0.3629
v  1.8675 -1.3955 0.2854
v  1.8928 -1.3323 0.3651
v  1.9800 -1.6037 0.1331
v  1.8885 -1.5782 0.0934
v  1.9767 -1.5436 0.1967
v  1.8717 -1.5186 0.1595
v  1.7905 -1.5737 0.0434
v  1.7778 -1.5277 0.0697
v  1.8211 -1.5059 0.0559
v  1.8811 -1.4981 0.0353
v  1.9091 -1.4690 0.1151
v  1.8459 -1.4716 0.1503
v  1.9430 -1.4786 -0.0079
v  1.9756 -1.4545 0.0701
v  1.9549 -1.3229 0.2975
v  1.9444 -1.3778 0.2238
v  1.8098 -1.4153 0.4290
v  1.8647 -1.4250 0.3617
v  1.8972 -1.4516 0.3003
v  1.9406 -1.4462 0.3833
v  1.9033 -1.4393 0.3432
v  1.9584 -1.4637 0.3282
v  1.9669 -1.4274 0.1523
v  1.8990 -1.4301 0.1929
v  1.8657 -1.4647 0.2358
v  1.9363 -1.4852 0.2508
v  2.0084 -1.4892 0.3661
v  1.9758 -1.4788 0.4254
v  2.0015 -1.5026 0.2784
v  2.3359 -1.6892 1.5555
v  2.2330 -1.6530 1.6066
v  2.2791 -1.6341 1.6332
v  2.3807 -1.6594 1.5824
v  2.4950 -1.6724 1.5146
v  2.4576 -1.7081 1.4872
v  2.4262 -1.7583 1.4670
v  2.2959 -1.7312 1.5342
v  2.1650 -1.6838 1.5847
v  2.1436 -1.7756 1.5504
v  2.2738 -1.8051 1.5189
v  2.4095 -1.8275 1.4548
v  2.4116 -1.9057 1.4499
v  2.2757 -1.8905 1.5160
v  2.1315 -1.8777 1.5620
v  1.7870 -1.6980 2.0291
v  1.7192 -1.7085 2.0449
v  1.7413 -1.7170 2.0910
v  1.8083 -1.7053 2.0660
v  1.8773 -1.6940 2.0391
v  1.8556 -1.6842 2.0085
v  1.8339 -1.6882 1.9708
v  1.7691 -1.7080 1.9877
v  1.7046 -1.7257 1.9966
v  1.8375 -1.7223 2.1011
v  1.7746 -1.7338 2.1381
v  1.8174 -1.7490 2.1887
v  1.8715 -1.7410 2.1349
v  1.9256 -1.7287 2.0852
v  1.9012 -1.7100 2.0640
v  1.9247 -1.6691 1.9815
v  1.9473 -1.6796 2.0096
v  2.0182 -1.6624 1.9736
v  1.9942 -1.6526 1.9448
v  1.9658 -1.6490 1.9115
v  1.8995 -1.6684 1.9467
v  1.9823 -1.7107 2.0466
v  2.0453 -1.6923 2.0099
v  2.0328 -1.6772 1.9952
v  1.9654 -1.6945 2.0308
v  2.1207 -1.6677 1.9722
v  2.1979 -1.6487 1.9334
v  2.1772 -1.6286 1.9118
v  2.1053 -1.6493 1.9546
v  2.1616 -1.6164 1.8663
v  2.0880 -1.6338 1.9283
v  2.5250 -1.6075 1.7124
v  2.4069 -1.6068 1.7659
v  2.4413 -1.6178 1.8016
v  2.5640 -1.6181 1.7485
v  2.4782 -1.6422 1.8299
v  2.6045 -1.6435 1.7779
v  2.7324 -1.6358 1.7048
v  2.6885 -1.6118 1.6761
v  2.6453 -1.6028 1.6415
v  2.1179 -1.6078 1.8327
v  2.0608 -1.6258 1.8941
v  2.0833 -1.6007 1.8001
v  2.0289 -1.6202 1.8606
v  2.3317 -1.6104 1.8001
v  2.2806 -1.6102 1.8181
v  2.3019 -1.6199 1.8493
v  2.3579 -1.6201 1.8326
v  2.3298 -1.6371 1.8738
v  2.3886 -1.6390 1.8589
v  2.1902 -1.6197 1.6547
v  2.1421 -1.6197 1.6307
v  2.1356 -1.5978 1.6808
v  2.1739 -1.6026 1.7048
v  2.2097 -1.6079 1.7276
v  2.2323 -1.6177 1.6816
v  2.1533 -1.6013 1.7666
v  2.1894 -1.6092 1.7883
v  2.1183 -1.5951 1.7384
v  2.2671 -1.6401 1.8993
v  2.2425 -1.6218 1.8760
v  2.2274 -1.6116 1.8401
v  2.6404 -1.6499 1.4667
v  2.6062 -1.6849 1.4410
v  2.5322 -1.6448 1.5439
v  2.5681 -1.6230 1.5734
v  2.6775 -1.6216 1.4945
v  2.2439 -1.6107 1.7411
v  2.2668 -1.6150 1.7042
v  2.2695 -1.6121 1.7486
v  2.2941 -1.6141 1.7299
v  2.3474 -1.6131 1.6932
v  2.3170 -1.6214 1.6625
v  2.4564 -1.6215 1.6415
v  2.3773 -1.6086 1.7279
v  2.4898 -1.6108 1.6748
v  2.6053 -1.6079 1.6059
v  2.3127 -1.6128 1.7629
v  2.2724 -1.6142 1.7787
v  2.2309 -1.6132 1.7905
v  1.9994 -1.7225 1.5721
v  2.0192 -1.6539 1.5846
v  2.0712 -1.6651 1.5800
v  2.0551 -1.7461 1.5591
v  2.0351 -1.8264 1.5696
v  1.9747 -1.7936 1.5778
v  2.0873 -1.6156 1.6176
v  2.0451 -1.6224 1.6183
v  2.0593 -1.6136 1.6562
v  2.0939 -1.5995 1.6650
v  2.0521 -1.6175 1.7014
v  2.0820 -1.5996 1.7177
v  2.0484 -1.6057 1.7739
v  2.0221 -1.6261 1.7513
v  1.9976 -1.6253 1.8289
v  1.9740 -1.6423 1.7998
v  1.9185 -1.6733 1.8400
v  1.9387 -1.6565 1.8751
v  1.8752 -1.6851 1.9065
v  1.8585 -1.7082 1.8673
v  1.7845 -1.7471 1.8806
v  1.8115 -1.7137 1.9274
v  1.7494 -1.7400 1.9404
v  1.7291 -1.7816 1.8948
v  1.6746 -1.8138 1.9022
v  1.6876 -1.7647 1.9464
v  1.7022 -1.6530 1.5704
v  1.6147 -1.6962 1.5453
v  1.5995 -1.6795 1.5660
v  1.6909 -1.6321 1.5990
v  1.6790 -1.6292 1.6323
v  1.5829 -1.6728 1.5921
v  1.7882 -1.5973 1.6310
v  1.7765 -1.6032 1.6683
v  1.7979 -1.6174 1.5976
v  1.6665 -1.6385 1.6652
v  1.5647 -1.6746 1.6213
v  1.5399 -1.6862 1.6504
v  1.6421 -1.6593 1.6949
v  1.7388 -1.6483 1.7293
v  1.7649 -1.6207 1.7007
v  1.5979 -1.6882 1.7190
v  1.5049 -1.7073 1.6769
v  1.4692 -1.7375 1.6991
v  1.5504 -1.7188 1.7399
v  1.6252 -1.7107 1.7736
v  1.6843 -1.6813 1.7531
v  1.5217 -1.7533 1.7531
v  1.4465 -1.7767 1.7115
v  1.4407 -1.8197 1.7059
v  1.5157 -1.7946 1.7426
v  1.5816 -1.7826 1.7646
v  1.5918 -1.7423 1.7790
v  1.3703 -1.8014 1.6719
v  1.3900 -1.7592 1.6582
v  1.3401 -1.7864 1.6199
v  1.3171 -1.8279 1.6235
v  1.3269 -1.8634 1.6322
v  1.3709 -1.8459 1.6680
v  1.5199 -1.8509 1.7062
v  1.4407 -1.8653 1.6744
v  1.4463 -1.8988 1.6245
v  1.5350 -1.8949 1.6521
v  1.6151 -1.9027 1.6793
v  1.5910 -1.8475 1.7314
v  1.5559 -1.9067 1.6041
v  1.4640 -1.9057 1.5780
v  1.4873 -1.8952 1.5418
v  1.5800 -1.8995 1.5651
v  1.6687 -1.9127 1.5848
v  1.6415 -1.9213 1.6285
v  1.6050 -1.8711 1.5411
v  1.5122 -1.8726 1.5207
v  1.5411 -1.8462 1.5121
v  1.6321 -1.8351 1.5304
v  1.7246 -1.8314 1.5350
v  1.6965 -1.8758 1.5563
v  1.4158 -1.7339 1.6312
v  1.4451 -1.7200 1.6028
v  1.3724 -1.7771 1.5602
v  1.3483 -1.7819 1.5882
v  1.3738 -1.8825 1.6370
v  1.3232 -1.8884 1.5957
v  1.3429 -1.8939 1.5591
v  1.3833 -1.9034 1.5934
v  1.4721 -1.7159 1.5757
v  1.4967 -1.7183 1.5519
v  1.4317 -1.7752 1.5194
v  1.4008 -1.7755 1.5372
v  1.3056 -1.8460 1.5735
v  1.3320 -1.8458 1.5394
v  1.3636 -1.8417 1.5175
v  1.3985 -1.8338 1.5023
v  1.4036 -1.8758 1.5110
v  1.3717 -1.8879 1.5325
v  1.4048 -1.9028 1.5545
v  1.4317 -1.8901 1.5258
v  1.5519 -1.7688 1.5044
v  1.5037 -1.7719 1.4997
v  1.5465 -1.7340 1.5209
v  1.5686 -1.7436 1.5164
v  1.6236 -1.7218 1.5311
v  1.6188 -1.7524 1.5185
v  1.5216 -1.7246 1.5331
v  1.4652 -1.7734 1.5060
v  1.7056 -1.6881 1.5503
v  1.7952 -1.6515 1.5710
v  1.7884 -1.6865 1.5491
v  1.7040 -1.7223 1.5339
v  1.6641 -1.7992 1.5247
v  1.5768 -1.8199 1.5114
v  1.6020 -1.7962 1.5114
v  1.6908 -1.7668 1.5217
v  1.7736 -1.7405 1.5289
v  1.7518 -1.7827 1.5300
v  1.5348 -1.8143 1.4945
v  1.5286 -1.8297 1.4973
v  1.4933 -1.8481 1.4955
v  1.4814 -1.8328 1.4880
v  1.7015 -1.7438 1.5230
v  1.7835 -1.7114 1.5333
v  1.6133 -1.7763 1.5124
v  1.5407 -1.7938 1.4959
v  1.4829 -1.8069 1.4877
v  1.4609 -1.8707 1.5050
v  1.4389 -1.8552 1.4947
v  1.4370 -1.8209 1.4914
v  1.7104 -1.8253 1.8576
v  1.7267 -1.7948 1.8498
v  1.7164 -1.8499 1.8184
v  1.7064 -1.8749 1.8283
v  1.6795 -1.9179 1.8400
v  1.6708 -1.8583 1.8702
v  1.6233 -1.7876 1.9473
v  1.6095 -1.8397 1.9072
v  1.5519 -1.8579 1.9135
v  1.5694 -1.8092 1.9513
v  1.5898 -1.7679 2.0043
v  1.6423 -1.7451 2.0003
v  1.6058 -1.7543 2.0684
v  1.6576 -1.7278 2.0588
v  1.6147 -1.7586 2.1453
v  1.6794 -1.7334 2.1174
v  1.6591 -1.7755 2.2082
v  1.7145 -1.7509 2.1737
v  1.7015 -1.7960 2.2638
v  1.7599 -1.7655 2.2331
v  1.2771 -2.3077 2.1116
v  1.3145 -2.2980 2.0672
v  1.3356 -2.3343 2.0719
v  1.2889 -2.3423 2.1274
v  1.2771 -2.3028 2.1858
v  1.2633 -2.2821 2.1704
v  1.2452 -2.2681 2.1551
v  1.2739 -2.2760 2.1028
v  1.3096 -2.2627 2.0638
v  1.6077 -1.8033 2.2434
v  1.5719 -1.7891 2.1983
v  1.5271 -1.8169 2.2429
v  1.5573 -1.8351 2.2810
v  1.5907 -1.8656 2.3152
v  1.6460 -1.8293 2.2903
v  1.5050 -1.8770 2.3186
v  1.4792 -1.8574 2.2903
v  1.4257 -1.9009 2.3356
v  1.4483 -1.9183 2.3579
v  1.4709 -1.9389 2.3785
v  1.5322 -1.9030 2.3439
v  1.3877 -1.9667 2.3855
v  1.3672 -1.9486 2.3668
v  1.3104 -1.9974 2.3846
v  1.3291 -2.0145 2.4044
v  1.3479 -2.0322 2.4232
v  1.4077 -1.9853 2.4034
v  1.2643 -2.0476 2.3860
v  1.2297 -2.0982 2.3720
v  1.2484 -2.1148 2.3905
v  1.2817 -2.0646 2.4062
v  1.2671 -2.1315 2.4065
v  1.2997 -2.0821 2.4246
v  1.2303 -2.1633 2.3591
v  1.2109 -2.1498 2.3405
v  1.2141 -2.1944 2.2875
v  1.2424 -2.1983 2.3010
v  1.2601 -2.2117 2.3177
v  1.2465 -2.1781 2.3762
v  1.2613 -2.2327 2.2327
v  1.2255 -2.2364 2.2218
v  1.2822 -2.2446 2.2473
v  1.5628 -1.7780 2.0701
v  1.5558 -1.7953 2.0136
v  1.5288 -1.8120 2.0191
v  1.5328 -1.8055 2.0684
v  1.5233 -1.7997 2.1139
v  1.5572 -1.7762 2.1253
v  1.5355 -1.7908 2.1702
v  1.5046 -1.8036 2.1537
v  1.4741 -1.8149 2.1962
v  1.4994 -1.8137 2.2141
v  1.5350 -1.8239 1.9613
v  1.5190 -1.8675 1.9252
v  1.4988 -1.8706 1.9331
v  1.5116 -1.8282 1.9662
v  1.5109 -1.9039 1.9072
v  1.5459 -1.8953 1.8914
v  1.5371 -1.9290 1.8760
v  1.4999 -1.9356 1.8953
v  1.4734 -1.9374 1.8988
v  1.4872 -1.9046 1.9127
v  1.4812 -1.9759 1.8906
v  1.5156 -1.9746 1.8687
v  1.4921 -2.0248 1.8818
v  1.4646 -2.0178 1.9081
v  1.4378 -2.0175 1.9067
v  1.4553 -1.9778 1.8928
v  1.2484 -2.0311 2.3625
v  1.2929 -1.9835 2.3602
v  1.2773 -1.9741 2.3405
v  1.2399 -2.0212 2.3389
v  1.2148 -2.0810 2.3493
v  1.2085 -2.0687 2.3263
v  1.1800 -2.1202 2.3047
v  1.1893 -2.1353 2.3246
v  1.1618 -2.1780 2.2678
v  1.1836 -2.1894 2.2785
v  1.1924 -2.2417 2.2143
v  1.2177 -2.2691 2.1413
v  1.1646 -2.2409 2.2068
v  1.1921 -2.2698 2.1298
v  1.2256 -2.2642 2.0703
v  1.2499 -2.2657 2.0859
v  1.2594 -2.2408 2.0259
v  1.2845 -2.2433 2.0466
v  1.3161 -2.2143 2.0164
v  1.2883 -2.2091 1.9918
v  1.3198 -2.1725 1.9643
v  1.3489 -2.1786 1.9917
v  1.3810 -2.2045 1.9999
v  1.3457 -2.2379 2.0319
v  0.9067 -1.9900 2.1618
v  0.9965 -1.9672 2.1959
v  0.9981 -1.9378 2.1683
v  0.9005 -1.9684 2.1414
v  0.8100 -1.9879 2.1221
v  0.8283 -2.0079 2.1381
v  0.8610 -2.0187 2.1528
v  0.9148 -2.0108 2.1799
v  0.9958 -1.9952 2.2233
v  1.0904 -2.1072 1.9320
v  1.1303 -2.1379 1.9445
v  1.0930 -2.1625 1.9708
v  1.0414 -2.1333 1.9587
v  0.9958 -2.1017 1.9511
v  1.0583 -2.0724 1.9264
v  1.1313 -2.0371 1.9123
v  1.1495 -2.0763 1.9113
v  1.1765 -2.1098 1.9244
v  0.9964 -2.0037 1.9395
v  1.0205 -2.0204 1.9366
v  0.9478 -2.0540 1.9450
v  0.9241 -2.0347 1.9427
v  0.9187 -2.0108 1.9511
v  0.9669 -1.9849 1.9474
v  1.0567 -1.9450 1.9527
v  1.0825 -1.9652 1.9429
v  1.1043 -1.9826 1.9352
v  1.0382 -2.0427 1.9313
v  0.9682 -2.0752 1.9478
v  1.1188 -2.0062 1.9251
v  0.9283 -2.1546 2.0946
v  0.8718 -2.1210 2.0742
v  0.8972 -2.1196 2.0175
v  0.9583 -2.1576 2.0315
v  1.0229 -2.1916 2.0519
v  0.9884 -2.1826 2.1239
v  0.9712 -2.1421 2.1918
v  0.9145 -2.1249 2.1530
v  0.8745 -2.1133 2.1225
v  0.9974 -2.1488 1.9897
v  1.0582 -2.1814 2.0045
v  0.9407 -2.1145 1.9797
v  0.9400 -1.9702 1.9797
v  0.8801 -2.0127 1.9775
v  0.8493 -1.9997 2.0138
v  0.9182 -1.9552 2.0193
v  1.0228 -1.9187 2.0322
v  1.0367 -1.9304 1.9875
v  0.9055 -1.9373 2.0624
v  1.0147 -1.9053 2.0805
v  0.8265 -1.9752 2.0510
v  0.8361 -1.9503 2.0853
v  0.8997 -1.9313 2.1046
v  1.0086 -1.8985 2.1249
v  0.8456 -2.0358 2.1474
v  0.8499 -2.0585 2.1416
v  0.9240 -2.0464 2.1832
v  0.9212 -2.0269 2.1858
v  0.9943 -2.0420 2.2322
v  0.9959 -2.0166 2.2364
v  0.9213 -2.0789 2.1734
v  0.8575 -2.0870 2.1327
v  0.9844 -2.0823 2.2161
v  0.8655 -2.0428 1.9683
v  0.8845 -2.0679 1.9696
v  0.8285 -2.0667 2.0166
v  0.8217 -2.0329 2.0061
v  0.7869 -2.0054 2.0530
v  0.7866 -2.0318 2.0728
v  0.8093 -1.9687 2.1025
v  0.8998 -1.9502 2.1270
v  1.0038 -1.9158 2.1495
v  0.7974 -2.0426 2.1109
v  0.8145 -2.0734 2.0838
v  0.9067 -2.0889 1.9736
v  0.8610 -2.0928 2.0126
v  0.8383 -2.0955 2.0710
v  1.1519 -1.8945 1.9980
v  1.1653 -1.9084 1.9585
v  1.1412 -1.8849 2.0452
v  1.2602 -1.8490 2.0596
v  1.2702 -1.8576 2.0110
v  1.2778 -1.8692 1.9650
v  1.1312 -1.8741 2.0928
v  1.1191 -1.8657 2.1365
v  1.2277 -1.8382 2.1474
v  1.2459 -1.8410 2.1047
v  1.1075 -1.8819 2.1673
v  1.0939 -1.9093 2.1925
v  1.1856 -1.8907 2.2155
v  1.2090 -1.8587 2.1836
v  1.1841 -1.9337 1.9443
v  1.2872 -1.8981 1.9383
v  1.2943 -1.9280 1.9211
v  1.1996 -1.9555 1.9323
v  1.2097 -1.9807 1.9190
v  1.2986 -1.9570 1.9069
v  1.3002 -1.9875 1.8935
v  1.2163 -2.0102 1.9044
v  1.3455 -1.9335 2.3461
v  1.4034 -1.8914 2.3112
v  1.3824 -1.8863 2.2917
v  1.3270 -1.9266 2.3261
v  1.2238 -2.0482 1.8965
v  1.2999 -2.0245 1.8848
v  1.3018 -2.0594 1.8930
v  1.2374 -2.0824 1.9074
v  1.4553 -1.8510 2.2635
v  1.4327 -1.8477 2.2448
v  1.0785 -1.9454 2.2238
v  1.0633 -1.9806 2.2538
v  1.1244 -1.9698 2.2798
v  1.1551 -1.9307 2.2494
v  1.0517 -2.0078 2.2714
v  1.0429 -2.0393 2.2708
v  1.0840 -2.0424 2.3051
v  1.1005 -2.0024 2.3024
v  1.0329 -2.0830 2.2515
v  1.0195 -2.1484 2.2264
v  1.0679 -2.1465 2.2464
v  1.0738 -2.0893 2.2829
v  1.0348 -2.1986 2.1549
v  1.0676 -2.2154 2.0754
v  1.1016 -2.2338 2.0968
v  1.0740 -2.2088 2.1801
v  1.1026 -2.2056 2.0215
v  1.1367 -2.1853 1.9833
v  1.1741 -2.2044 1.9945
v  1.1374 -2.2261 2.0371
v  1.4156 -2.1613 1.9669
v  1.3606 -2.1284 1.9478
v  1.3888 -2.1329 1.9755
v  1.3991 -2.0839 1.9390
v  1.4253 -2.0911 1.9485
v  1.4462 -2.1145 1.9339
v  1.1721 -2.1592 1.9553
v  1.2117 -2.1309 1.9346
v  1.2475 -2.1450 1.9429
v  1.2109 -2.1756 1.9645
v  1.2581 -2.1047 1.9169
v  1.2839 -2.1191 1.9234
v  1.3071 -2.0844 1.9029
v  1.3123 -2.1010 1.9111
v  1.4476 -2.0543 1.9246
v  1.4704 -2.0701 1.9053
v  1.4219 -2.0500 1.9223
v  1.3132 -2.1276 1.9266
v  1.3375 -2.1281 1.9339
v  1.2966 -2.1652 1.9523
v  1.2762 -2.1575 1.9476
v  1.3428 -2.0977 1.9128
v  1.3726 -2.0903 1.9232
v  1.4943 -1.8316 1.9634
v  1.4807 -1.8734 1.9323
v  1.4467 -1.8806 1.9259
v  1.4569 -1.8404 1.9553
v  1.4636 -1.8081 1.9984
v  1.5054 -1.8117 2.0142
v  1.5057 -1.8021 2.0623
v  1.4618 -1.7918 2.0480
v  1.4520 -1.7857 2.0963
v  1.4964 -1.7983 2.1070
v  1.3769 -1.8136 2.0280
v  1.3820 -1.8319 1.9801
v  1.3671 -1.8063 2.0773
v  1.3826 -1.8640 1.9439
v  1.3797 -1.8970 1.9153
v  1.4789 -1.8006 2.1467
v  1.4345 -1.7885 2.1402
v  1.4096 -1.8117 2.1815
v  1.4511 -1.8120 2.1888
v  1.3509 -1.8049 2.1223
v  1.3298 -1.8204 2.1651
v  1.4120 -1.8457 2.2352
v  1.3751 -1.8471 2.2245
v  1.3317 -1.8847 2.2680
v  1.3640 -1.8843 2.2810
v  1.3031 -1.8506 2.2043
v  1.2689 -1.8855 2.2429
v  1.4688 -1.9078 1.9123
v  1.4558 -1.9407 1.8958
v  1.4282 -1.9484 1.8881
v  1.4376 -1.9138 1.9039
v  1.3766 -1.9283 1.8937
v  1.3729 -1.9638 1.8793
v  1.4400 -1.9820 1.8905
v  1.4229 -2.0213 1.9022
v  1.4027 -2.0296 1.8951
v  1.4162 -1.9902 1.8844
v  1.3668 -2.0047 1.8784
v  1.3600 -2.0427 1.8878
v  1.4080 -2.0525 1.9167
v  1.3867 -2.0855 1.9295
v  1.3909 -2.0599 1.9100
v  1.3551 -2.0712 1.9004
v  1.2269 -1.9251 2.2791
v  1.1862 -1.9641 2.3096
v  1.2352 -1.9621 2.3368
v  1.2824 -1.9233 2.3054
v  1.3106 -1.9227 2.3179
v  1.2621 -1.9669 2.3396
v  1.2304 -2.0161 2.3328
v  1.2094 -2.0135 2.3284
v  1.1914 -2.0565 2.2998
v  1.2042 -2.0637 2.3173
v  1.1593 -2.0068 2.3214
v  1.1460 -2.0474 2.2933
v  1.1763 -2.1138 2.2961
v  1.1682 -2.1030 2.2806
v  1.1491 -2.1602 2.2529
v  1.1550 -2.1705 2.2610
v  1.1188 -2.1433 2.2440
v  1.1300 -2.0888 2.2715
v  1.1518 -2.2366 2.2018
v  1.1418 -2.2319 2.1995
v  1.1629 -2.2635 2.1197
v  1.1778 -2.2680 2.1240
v  1.1135 -2.2183 2.1918
v  1.1351 -2.2510 2.1109
v  1.2122 -2.2615 2.0633
v  1.1971 -2.2571 2.0577
v  1.2327 -2.2332 2.0117
v  1.2465 -2.2375 2.0173
v  1.1703 -2.2448 2.0489
v  1.2074 -2.2212 2.0041
v  1.2754 -2.2048 1.9829
v  1.2638 -2.2010 1.9778
v  1.3071 -2.1684 1.9559
v  1.2418 -2.1904 1.9717
v  1.3492 -2.1272 1.9388
v  1.3544 -2.2721 2.0289
v  1.3917 -2.2358 1.9922
v  1.4012 -2.2601 1.9908
v  1.3648 -2.2948 2.0278
v  1.3839 -2.3009 2.0203
v  1.4167 -2.2768 1.9927
v  1.4286 -2.2918 2.0036
v  1.3841 -2.3146 2.0326
v  1.4251 -2.1924 1.9583
v  1.4571 -2.1443 1.9239
v  1.4715 -2.1769 1.9241
v  1.4343 -2.2216 1.9576
v  1.4520 -2.2461 1.9655
v  1.4949 -2.2065 1.9378
v  1.5211 -2.2324 1.9582
v  1.4722 -2.2655 1.9799
v  1.5309 -2.0368 1.8590
v  1.5759 -2.0592 1.8623
v  1.5212 -2.1222 1.8891
v  1.4928 -2.0931 1.8881
v  1.6072 -1.8811 1.8813
v  1.5991 -1.9211 1.8637
v  1.5693 -1.9756 1.8508
v  1.6256 -1.9934 1.8494
v  1.5508 -2.1563 1.9086
v  1.6109 -2.0991 1.8844
v  1.6451 -2.1413 1.9150
v  1.5814 -2.1898 1.9345
v  1.6661 -2.0427 1.8672
v  1.7118 -2.0121 1.8443
v  1.7555 -2.0687 1.8760
v  1.7043 -2.0934 1.9025
v  1.7218 -1.9307 1.8026
v  1.7208 -1.9046 1.7891
v  1.7461 -1.9501 1.7549
v  1.7610 -1.9766 1.7774
v  1.7799 -2.0043 1.8000
v  1.7284 -1.9682 1.8142
v  1.7535 -2.0173 1.8328
v  1.8043 -2.0294 1.8189
v  1.8294 -2.0520 1.8360
v  1.7906 -2.0576 1.8582
v  1.8502 -2.0107 1.6981
v  1.8834 -2.0349 1.7285
v  1.8329 -2.0237 1.7715
v  1.8044 -2.0032 1.7415
v  1.7761 -1.9811 1.7114
v  1.8141 -1.9891 1.6640
v  1.8564 -2.0397 1.7897
v  1.9080 -2.0511 1.7459
v  1.9254 -2.0643 1.7563
v  1.8749 -2.0544 1.8018
v  1.8928 -1.9965 1.6435
v  1.9388 -1.9418 1.6094
v  1.9868 -1.9742 1.6233
v  1.9321 -2.0224 1.6684
v  1.8537 -1.9612 1.6263
v  1.8930 -1.9123 1.5997
v  1.9905 -1.8855 1.5877
v  1.9361 -1.8543 1.5893
v  2.0504 -1.9275 1.5947
v  1.9630 -2.0403 1.6885
v  2.0279 -2.0048 1.6446
v  2.0635 -2.0307 1.6705
v  1.9876 -2.0574 1.7047
v  2.5693 -1.9976 1.3824
v  2.5447 -1.9240 1.3781
v  2.7031 -2.0153 1.3090
v  2.7541 -2.0715 1.3283
v  2.6154 -2.0561 1.4038
v  2.4807 -2.0419 1.4765
v  2.4360 -1.9816 1.4546
v  2.1876 -1.9637 1.5762
v  2.2396 -2.0200 1.6026
v  2.1466 -2.0124 1.6465
v  2.1009 -1.9750 1.6145
v  1.9534 -1.6976 1.5662
v  1.9290 -1.7688 1.5731
v  1.8963 -1.7506 1.5613
v  1.9221 -1.6795 1.5562
v  1.9501 -1.6323 1.5915
v  1.9808 -1.6431 1.5920
v  2.0105 -1.6259 1.6220
v  1.9773 -1.6096 1.6194
v  1.9941 -1.6096 1.6482
v  2.0270 -1.6232 1.6515
v  1.9883 -1.6132 1.6802
v  2.0208 -1.6269 1.6881
v  1.9639 -1.6227 1.7160
v  1.9954 -1.6408 1.7286
v  1.9506 -1.6521 1.7718
v  1.9239 -1.6369 1.7558
v  1.8746 -1.6606 1.7903
v  1.8965 -1.6730 1.8094
v  1.8402 -1.7035 1.8342
v  1.8226 -1.6902 1.8138
v  1.7661 -1.7202 1.8290
v  1.7804 -1.7328 1.8465
v  1.8931 -1.8326 1.5706
v  1.8554 -1.8922 1.5793
v  1.8265 -1.8748 1.5632
v  1.8621 -1.8141 1.5584
v  1.8189 -1.9413 1.6042
v  1.7821 -1.9744 1.6391
v  1.7572 -1.9613 1.6233
v  1.7914 -1.9230 1.5906
v  1.7249 -1.9324 1.7341
v  1.7019 -1.9248 1.7194
v  1.7269 -1.9544 1.6734
v  1.7491 -1.9653 1.6891
v  1.7278 -1.7778 1.8342
v  1.7139 -1.7673 1.8195
v  1.6849 -1.8205 1.7880
v  1.7057 -1.8320 1.8011
v  1.7074 -1.8852 1.7696
v  1.6836 -1.8763 1.7571
v  1.6310 -1.8537 1.7429
v  1.6550 -1.9103 1.6953
v  1.6741 -1.9151 1.7039
v  1.6532 -1.8630 1.7473
v  1.6521 -1.8020 1.7774
v  1.6250 -1.7883 1.7732
v  1.8390 -1.6926 1.5419
v  1.8506 -1.6609 1.5639
v  1.8950 -1.6438 1.5763
v  1.8764 -1.6817 1.5446
v  1.8526 -1.7361 1.5447
v  1.8232 -1.7332 1.5376
v  1.7991 -1.7833 1.5362
v  1.8233 -1.7927 1.5425
v  1.7915 -1.8507 1.5469
v  1.7709 -1.8388 1.5400
v  1.8416 -1.8017 1.5495
v  1.8742 -1.7408 1.5520
v  1.8075 -1.8613 1.5546
v  1.9019 -1.6759 1.5477
v  1.9254 -1.6332 1.5849
v  1.8654 -1.6312 1.5920
v  1.8735 -1.6053 1.6212
v  1.9285 -1.5884 1.6303
v  1.9160 -1.6137 1.6022
v  1.9503 -1.6031 1.6098
v  1.9666 -1.5942 1.6405
v  1.8674 -1.5909 1.6529
v  1.8523 -1.5994 1.6884
v  1.9049 -1.5988 1.7034
v  1.9244 -1.5863 1.6662
v  1.9619 -1.5976 1.6741
v  1.9393 -1.6076 1.7111
v  1.8307 -1.6209 1.7215
v  1.7964 -1.6499 1.7509
v  1.8318 -1.6524 1.7675
v  1.8736 -1.6215 1.7380
v  1.9021 -1.6267 1.7479
v  1.8555 -1.6539 1.7793
v  1.7408 -1.6814 1.7756
v  1.6819 -1.7111 1.7948
v  1.7220 -1.7141 1.8097
v  1.7785 -1.6836 1.7914
v  1.8039 -1.6846 1.8024
v  1.7486 -1.7158 1.8194
v  1.6430 -1.7460 1.7914
v  1.6779 -1.7553 1.8005
v  1.6996 -1.7615 1.8095
v  1.6693 -1.8119 1.7819
v  1.7411 -1.8876 1.5653
v  1.7598 -1.8998 1.5738
v  1.7274 -1.9411 1.6047
v  1.7108 -1.9294 1.5957
v  1.7741 -1.9103 1.5814
v  1.7408 -1.9505 1.6130
v  1.6823 -1.9339 1.6443
v  1.6995 -1.9409 1.6547
v  1.7122 -1.9469 1.6630
v  1.6873 -1.9195 1.7107
v  1.6679 -1.8701 1.7513
v  1.3479 -2.3279 0.3282
v  1.3431 -2.3128 0.2893
v  1.2418 -2.3353 0.3063
v  1.2495 -2.3545 0.3426
v  1.1554 -2.3717 0.3223
v  1.1675 -2.3886 0.3530
v  1.1756 -2.3818 0.3880
v  1.2567 -2.3416 0.3783
v  1.3558 -2.3166 0.3636
v  1.4460 -2.2874 0.3038
v  1.4469 -2.2883 0.2670
v  1.4532 -2.2807 0.3430
v  1.5382 -2.2453 0.3196
v  1.5330 -2.2488 0.2763
v  1.5408 -2.2598 0.2406
v  1.5997 -2.2316 0.2573
v  1.6204 -2.2466 0.2259
v  1.6015 -2.2259 0.2990
v  1.6576 -2.2147 0.2787
v  1.6646 -2.2269 0.2372
v  1.6794 -2.2420 0.2151
v  1.8282 -2.1286 0.3025
v  1.8395 -2.1309 0.2302
v  1.7819 -2.1746 0.2361
v  1.7755 -2.1637 0.3185
v  1.8047 -2.1702 0.3912
v  1.8523 -2.1326 0.3643
v  1.7207 -2.1884 0.3326
v  1.7212 -2.2018 0.2561
v  1.6613 -2.2013 0.3476
v  1.6746 -2.2065 0.4164
v  1.7414 -2.1927 0.4054
v  1.8540 -2.1827 0.4347
v  1.9010 -2.1376 0.4094
v  1.9096 -2.2069 0.4681
v  1.9671 -2.1422 0.4391
v  1.7740 -2.2109 0.4465
v  1.6899 -2.2262 0.4562
v  1.7101 -2.2324 0.4754
v  1.7821 -2.2300 0.4735
v  1.6073 -2.2095 0.3654
v  1.5449 -2.2231 0.3850
v  1.5676 -2.2459 0.4438
v  1.6229 -2.2223 0.4300
v  1.6345 -2.2421 0.4666
v  1.5810 -2.2634 0.4781
v  1.6004 -2.2656 0.5081
v  1.6613 -2.2439 0.4933
v  1.7344 -2.2529 0.5039
v  1.6529 -2.2781 0.5376
v  1.7282 -2.3133 0.5452
v  1.8279 -2.2682 0.5036
v  1.4616 -2.2548 0.4039
v  1.3680 -2.2925 0.4211
v  1.3987 -2.3207 0.4696
v  1.4894 -2.2839 0.4555
v  1.5061 -2.3079 0.4861
v  1.4170 -2.3441 0.5026
v  1.4268 -2.3320 0.5405
v  1.5203 -2.3069 0.5180
v  1.2711 -2.3149 0.4383
v  1.1840 -2.3464 0.4550
v  1.2265 -2.3739 0.5094
v  1.3073 -2.3425 0.4897
v  1.3284 -2.3619 0.5253
v  1.2498 -2.3869 0.5453
v  1.2537 -2.3763 0.5788
v  1.3356 -2.3488 0.5623
v  1.5592 -2.3093 0.5601
v  1.4577 -2.3297 0.5884
v  1.5102 -2.3707 0.6217
v  1.6242 -2.3472 0.5759
v  1.2574 -2.3425 0.2485
v  1.2913 -2.3903 0.2092
v  1.1760 -2.4114 0.2237
v  1.1558 -2.3709 0.2676
v  1.3677 -2.3273 0.2359
v  1.4111 -2.3756 0.2036
v  1.0844 -2.4176 0.2910
v  1.0907 -2.4445 0.2467
v  1.0493 -2.4703 0.2682
v  1.0417 -2.4667 0.3072
v  1.0607 -2.4678 0.3460
v  1.0977 -2.4230 0.3367
v  1.1128 -2.4313 0.3627
v  1.0828 -2.4705 0.3696
v  1.0767 -2.4602 0.4129
v  1.1171 -2.4213 0.4008
v  1.1194 -2.3950 0.4711
v  1.0694 -2.4494 0.4836
v  1.1103 -2.4611 0.5366
v  1.1585 -2.4128 0.5269
v  1.1814 -2.4220 0.5609
v  1.1418 -2.4710 0.5669
v  1.1422 -2.4655 0.5969
v  1.1866 -2.4183 0.5905
v  1.1946 -2.4245 0.6289
v  1.1520 -2.4675 0.6355
v  1.1743 -2.4706 0.6608
v  1.2088 -2.4462 0.6626
v  1.2766 -2.4110 0.6585
v  1.2621 -2.3824 0.6215
v  1.4704 -2.3127 0.2288
v  1.5691 -2.2889 0.2106
v  1.6102 -2.3330 0.1851
v  1.5103 -2.3574 0.2020
v  1.9032 -2.1488 0.1584
v  1.9909 -2.1795 0.1076
v  1.8838 -2.2513 0.1100
v  1.8312 -2.2032 0.1720
v  1.7482 -2.2277 0.2066
v  1.7492 -2.2516 0.1842
v  1.6762 -2.2702 0.1923
v  1.7294 -2.2889 0.1432
v  2.0803 -2.2262 0.1077
v  2.1585 -2.2753 0.1372
v  2.0705 -2.3149 0.1539
v  2.0055 -2.2838 0.1104
v  1.9455 -2.3289 0.0994
v  1.9913 -2.3563 0.1363
v  1.9400 -2.4024 0.1008
v  1.9076 -2.3751 0.0758
v  1.8523 -2.3565 0.0668
v  1.8659 -2.3075 0.0860
v  1.7541 -2.3158 0.1014
v  1.7701 -2.3607 0.0733
v  1.7211 -2.3973 0.1211
v  1.6906 -2.3585 0.1616
v  1.8980 -2.4340 0.0534
v  1.8995 -2.4926 0.0511
v  1.8626 -2.4925 0.0359
v  1.8540 -2.4239 0.0460
v  1.9249 -2.4525 0.0793
v  1.9179 -2.4862 0.0738
v  1.7948 -2.4254 0.0472
v  1.8244 -2.4916 0.0494
v  1.7890 -2.4875 0.0705
v  1.7563 -2.4492 0.0873
v  1.8376 -2.5266 0.0716
v  1.8668 -2.5328 0.0658
v  1.8667 -2.5396 0.1090
v  1.8402 -2.5311 0.1108
v  1.8213 -2.5104 0.1186
v  1.8061 -2.5097 0.0920
v  1.8958 -2.5282 0.0757
v  1.9162 -2.5084 0.0956
v  1.9104 -2.5148 0.1203
v  1.8924 -2.5332 0.1138
v  1.1390 -2.5166 0.6409
v  1.1287 -2.5137 0.5967
v  1.1557 -2.5533 0.5894
v  1.1702 -2.5573 0.6381
v  1.1924 -2.5359 0.6684
v  1.1765 -2.5055 0.6710
v  1.1413 -2.5098 0.5598
v  1.0942 -2.5196 0.5313
v  1.1353 -2.5530 0.5120
v  1.1560 -2.5333 0.5505
v  1.0679 -2.5121 0.4145
v  1.0465 -2.5283 0.4811
v  1.1101 -2.5403 0.4019
v  1.1119 -2.5709 0.4564
v  1.0795 -2.5031 0.3696
v  1.0523 -2.5121 0.3494
v  1.0840 -2.5433 0.3426
v  1.1019 -2.5252 0.3660
v  1.0678 -2.5616 0.3028
v  1.0206 -2.5206 0.3094
v  1.0479 -2.5139 0.2622
v  1.0783 -2.5462 0.2654
v  1.1110 -2.4944 0.2329
v  1.2041 -2.4716 0.2122
v  1.2279 -2.5211 0.2342
v  1.1303 -2.5387 0.2490
v  1.1414 -2.5571 0.2905
v  1.2362 -2.5353 0.2770
v  1.2361 -2.5187 0.3184
v  1.1475 -2.5390 0.3307
v  1.3268 -2.4573 0.1990
v  1.4543 -2.4450 0.1878
v  1.4854 -2.5120 0.2027
v  1.3529 -2.5149 0.2183
v  1.5619 -2.4288 0.1824
v  1.6437 -2.4194 0.1790
v  1.6943 -2.4893 0.1980
v  1.6037 -2.5033 0.1928
v  1.3538 -2.3493 0.6102
v  1.3758 -2.3822 0.6475
v  1.2256 -2.4815 0.6834
v  1.2372 -2.5264 0.6770
v  1.3070 -2.5089 0.6775
v  1.2940 -2.4549 0.6804
v  1.3879 -2.4331 0.6679
v  1.3910 -2.4926 0.6651
v  1.4850 -2.4834 0.6356
v  1.4861 -2.4286 0.6423
v  1.5864 -2.4932 0.5981
v  1.6859 -2.4924 0.5655
v  1.6225 -2.4324 0.5898
v  1.5657 -2.4491 0.6122
v  1.2319 -2.5656 0.6354
v  1.2162 -2.5637 0.5792
v  1.2890 -2.5549 0.5677
v  1.3052 -2.5595 0.6327
v  1.3826 -2.5428 0.6201
v  1.3666 -2.5420 0.5544
v  1.4593 -2.5372 0.5393
v  1.4735 -2.5271 0.5959
v  1.2056 -2.5395 0.5386
v  1.1939 -2.5470 0.4966
v  1.2650 -2.5320 0.4836
v  1.2761 -2.5300 0.5260
v  1.1801 -2.5595 0.4407
v  1.1667 -2.5348 0.3908
v  1.2409 -2.5213 0.3809
v  1.2526 -2.5426 0.4294
v  1.1555 -2.5244 0.3577
v  1.2365 -2.5097 0.3476
v  1.3585 -2.5368 0.2614
v  1.4901 -2.5512 0.2444
v  1.4798 -2.5342 0.2959
v  1.3532 -2.5133 0.3058
v  1.3491 -2.5143 0.4711
v  1.3561 -2.5161 0.5130
v  1.4525 -2.5132 0.4989
v  1.4486 -2.5100 0.4587
v  1.3419 -2.5281 0.4187
v  1.3383 -2.5086 0.3706
v  1.4513 -2.5219 0.3636
v  1.4458 -2.5316 0.4097
v  1.3446 -2.4955 0.3358
v  1.4658 -2.5113 0.3286
v  1.5850 -2.5543 0.3257
v  1.5997 -2.5584 0.2876
v  1.6992 -2.5586 0.2840
v  1.6904 -2.5646 0.3232
v  1.6823 -2.5678 0.3608
v  1.5702 -2.5558 0.3632
v  1.6114 -2.5543 0.2340
v  1.7071 -2.5370 0.2383
v  1.7018 -2.4194 0.1795
v  1.7519 -2.4258 0.1714
v  1.7936 -2.4597 0.2095
v  1.7487 -2.4742 0.2093
v  1.7895 -2.4615 0.1323
v  1.8212 -2.4746 0.1504
v  1.7617 -2.5161 0.2454
v  1.7903 -2.4979 0.2535
v  1.7844 -2.5213 0.2798
v  1.7586 -2.5398 0.2841
v  1.5615 -2.5496 0.4053
v  1.6753 -2.5659 0.3997
v  1.6746 -2.5539 0.4359
v  1.5621 -2.5221 0.4485
v  1.7615 -2.5534 0.3180
v  1.7978 -2.5191 0.3024
v  1.8149 -2.5184 0.3274
v  1.7676 -2.5620 0.3516
v  1.9523 -2.4287 0.1438
v  1.9373 -2.4534 0.1948
v  1.9138 -2.4922 0.1474
v  1.9300 -2.4748 0.1164
v  1.8408 -2.4903 0.1532
v  1.8636 -2.5026 0.1524
v  1.8591 -2.4782 0.2151
v  1.8299 -2.4688 0.2104
v  1.8156 -2.4848 0.2658
v  1.8371 -2.4821 0.2828
v  1.8904 -2.5027 0.1549
v  1.8982 -2.4856 0.2005
v  2.0467 -2.1485 0.4521
v  2.0030 -2.2205 0.4714
v  2.1047 -2.2439 0.4631
v  2.1422 -2.1531 0.4508
v  2.2415 -2.1530 0.3905
v  2.2297 -2.2391 0.3941
v  2.1968 -2.2935 0.2032
v  2.2118 -2.3086 0.2783
v  2.1046 -2.3480 0.2663
v  2.1049 -2.3322 0.2034
v  2.0156 -2.3770 0.1801
v  2.0149 -2.3965 0.2245
v  2.1899 -2.3135 0.3681
v  2.1153 -2.3247 0.4299
v  2.0951 -2.3725 0.3970
v  2.1195 -2.3650 0.3435
v  1.9061 -2.4805 0.2336
v  1.8877 -2.4833 0.2612
v  1.9379 -2.4589 0.2445
v  1.9295 -2.4708 0.2972
v  1.9191 -2.2968 0.5002
v  1.8150 -2.3637 0.5320
v  1.8886 -2.4166 0.5090
v  1.9890 -2.3372 0.4837
v  1.7103 -2.4067 0.5603
v  1.7862 -2.4670 0.5338
v  1.9908 -2.4206 0.2530
v  2.0141 -2.4104 0.2907
v  1.5674 -2.5311 0.4851
v  1.6869 -2.5581 0.4678
v  1.7030 -2.5665 0.5043
v  1.5762 -2.5537 0.5234
v  1.8208 -2.5131 0.5114
v  1.7099 -2.5431 0.5439
v  1.9233 -2.4594 0.4813
v  1.8228 -2.5483 0.4785
v  1.9290 -2.4920 0.4337
v  1.5881 -2.5431 0.5744
v  1.8030 -2.5623 0.4423
v  1.7824 -2.5667 0.4155
v  1.8530 -2.5179 0.3839
v  1.8753 -2.5069 0.4113
v  1.7732 -2.5686 0.3854
v  1.8333 -2.5206 0.3550
v  1.8616 -2.4802 0.3110
v  1.8873 -2.4872 0.3428
v  1.9068 -2.4937 0.3742
v  1.9544 -2.4836 0.3632
v  2.0200 -2.3829 0.4562
v  2.0300 -2.4196 0.4125
v  2.0297 -2.4230 0.3489
v  -0.4139 -1.0691 -0.3925
v  -0.4507 -0.9783 -0.3631
v  -0.4283 -0.9973 -0.4612
v  -0.3924 -1.0391 -0.4712
v  -0.4225 -0.9852 -0.5205
v  -0.3787 -1.0183 -0.5305
v  -0.6278 -0.8823 -0.2140
v  -0.5035 -1.0490 -0.2507
v  -0.6271 -0.9667 -0.1522
v  -0.4536 -1.1160 -0.2777
v  -0.4760 -0.9639 -0.4641
v  -0.4760 -0.9614 -0.5170
v  -0.4902 -0.9362 -0.4144
v  -0.5378 -0.9144 -0.4349
v  -0.5374 -0.9320 -0.4678
v  -0.5372 -0.9332 -0.5162
v  -0.6637 -0.7873 -0.2190
v  -0.7337 -0.6900 -0.2030
v  -0.6798 -0.7674 -0.3038
v  -0.5794 -0.8677 -0.3285
v  -0.6117 -0.8894 -0.4652
v  -0.5917 -0.8680 -0.4228
v  -0.6865 -0.8018 -0.4124
v  -0.7144 -0.8519 -0.4505
v  -0.7144 -0.8611 -0.5167
v  -0.6108 -0.8928 -0.5149
v  -0.6384 -0.7571 -0.3708
v  -0.5543 -0.8629 -0.3835
v  -0.8404 -0.8042 -0.4238
v  -0.8015 -0.7287 -0.3913
v  -0.8845 -0.6470 -0.3885
v  -0.9344 -0.7423 -0.4162
v  -0.9526 -0.7814 -0.5185
v  -0.8473 -0.8272 -0.5203
v  -0.7871 -0.6649 -0.2881
v  -0.8610 -0.5672 -0.2827
v  -0.8283 -0.5781 -0.3675
v  -0.7452 -0.6614 -0.3660
v  -0.8325 -0.5908 -0.1987
v  -0.8835 -0.4831 -0.1920
v  0.4086 0.8793 -0.1354
v  0.3864 0.8304 -0.0812
v  0.5449 0.7954 -0.0814
v  0.5652 0.8366 -0.1390
v  0.5791 0.8714 -0.2033
v  0.4267 0.9184 -0.1966
v  0.2678 0.9891 -0.1840
v  0.2677 0.9424 -0.1198
v  0.2452 0.8925 -0.0793
v  0.4323 0.9307 -0.2650
v  0.4333 0.9309 -0.3371
v  0.3035 0.9712 -0.3397
v  0.2963 0.9709 -0.2650
v  0.5794 0.8800 -0.2702
v  0.5788 0.8820 -0.3345
v  0.0951 1.0399 -0.1873
v  0.0025 1.0592 -0.1516
v  0.0438 1.0596 -0.1175
v  0.1550 1.0465 -0.1486
v  0.1614 1.0115 -0.2222
v  0.0872 1.0209 -0.2468
v  0.0340 1.0414 -0.2141
v  -0.0418 1.0614 -0.1796
v  0.2042 0.9924 -0.3419
v  0.1938 0.9956 -0.2766
v  0.1295 1.0049 -0.3438
v  0.1175 1.0079 -0.2919
v  -0.0136 1.0286 -0.2272
v  -0.0840 1.0483 -0.1957
v  0.0337 1.0136 -0.2601
v  -0.0163 0.9820 -0.2620
v  -0.0604 0.9987 -0.2296
v  -0.1254 1.0148 -0.1969
v  0.0710 0.9885 -0.3448
v  0.0604 0.9959 -0.2992
v  0.0120 0.9583 -0.3451
v  0.0055 0.9637 -0.3006
v  -0.5643 0.6287 -0.2650
v  -0.5928 0.6242 -0.2142
v  -0.5720 0.6484 -0.2225
v  -0.5454 0.6484 -0.2701
v  -0.5343 0.6544 -0.3165
v  -0.5471 0.6308 -0.3120
v  -0.5777 0.6209 -0.3064
v  -0.5878 0.6067 -0.2574
v  -0.6095 0.5925 -0.2022
v  -0.5232 0.6633 -0.2717
v  -0.5498 0.6655 -0.2248
v  -0.5128 0.6815 -0.2234
v  -0.4879 0.6820 -0.2723
v  -0.4701 0.6784 -0.3247
v  -0.5091 0.6663 -0.3208
v  -0.4243 0.7008 -0.2721
v  -0.4437 0.6926 -0.2177
v  -0.3714 0.7212 -0.2139
v  -0.3551 0.7287 -0.2720
v  -0.3477 0.7387 -0.3342
v  -0.4115 0.7049 -0.3295
v  -0.1210 0.9450 -0.2251
v  -0.1744 0.9628 -0.1918
v  -0.0890 0.9333 -0.2625
v  -0.1676 0.8865 -0.2587
v  -0.1854 0.8963 -0.2243
v  -0.2237 0.9079 -0.1903
v  -0.2248 0.8490 -0.2420
v  -0.2795 0.8138 -0.2084
v  -0.2605 0.8624 -0.1931
v  -0.2273 0.8635 -0.2186
v  -0.0713 0.9226 -0.3440
v  -0.0753 0.9237 -0.3024
v  -0.1509 0.8806 -0.3423
v  -0.1571 0.8809 -0.2986
v  -0.2140 0.8435 -0.2858
v  -0.2081 0.8505 -0.3412
v  -0.2519 0.8179 -0.3400
v  -0.2589 0.8071 -0.2740
v  -0.3028 0.7674 -0.2710
v  -0.3201 0.7603 -0.2096
v  -0.2956 0.7774 -0.3378
v  -0.7368 0.2529 0.2064
v  -0.6975 0.2938 0.2211
v  -0.7203 0.2851 0.1676
v  -0.7579 0.2420 0.1647
v  -0.8084 0.2072 0.1521
v  -0.7723 0.2309 0.2026
v  -0.7420 0.2416 0.2574
v  -0.6999 0.2516 0.2542
v  -0.6721 0.2952 0.2753
v  -0.7692 0.2400 0.1352
v  -0.7509 0.2555 0.1236
v  -0.7753 0.2275 0.0919
v  -0.8003 0.2159 0.1170
v  -0.8321 0.1700 0.0867
v  -0.8503 0.1506 0.1093
v  -0.8065 0.1907 0.0585
v  -0.8568 0.1717 0.0311
v  -0.8691 0.1182 0.0465
v  -0.8791 0.0839 0.0680
v  -0.7569 0.2384 0.0679
v  -0.7369 0.2554 0.0424
v  -0.7518 0.2247 0.0021
v  -0.7694 0.1911 0.0257
v  -0.8023 0.2489 -0.0104
v  -0.8309 0.2064 0.0042
v  -0.7469 0.2715 -0.0042
v  -0.7689 0.2934 -0.0194
v  -0.7347 0.2965 0.0175
v  -0.7181 0.3370 -0.0278
v  -0.6355 0.6122 -0.2481
v  -0.6295 0.6307 -0.2996
v  -0.6793 0.6137 -0.2936
v  -0.6805 0.6013 -0.2385
v  -0.6773 0.5728 -0.1880
v  -0.6415 0.5785 -0.1962
v  -0.8860 0.2378 0.0156
v  -0.8539 0.2857 0.0033
v  -0.9189 0.3160 -0.0011
v  -0.9474 0.2615 0.0156
v  -0.9714 0.1887 0.0274
v  -0.9135 0.1811 0.0331
v  -0.8166 0.3305 -0.0074
v  -0.7814 0.3700 -0.0225
v  -0.8410 0.3931 -0.0268
v  -0.8803 0.3586 -0.0142
v  -0.6745 0.5451 -0.1400
v  -0.7109 0.5660 -0.1788
v  -0.7067 0.5413 -0.1367
v  -0.7542 0.5531 -0.1751
v  -0.7514 0.5323 -0.1373
v  -0.7523 0.5116 -0.1058
v  -0.7088 0.5172 -0.0992
v  -0.6799 0.5208 -0.0955
v  -0.7165 0.5885 -0.2300
v  -0.7174 0.5999 -0.2874
v  -0.7562 0.5850 -0.2808
v  -0.7563 0.5716 -0.2248
v  -0.7538 0.4078 -0.0354
v  -0.7014 0.3926 -0.0329
v  -0.6972 0.4421 -0.0409
v  -0.7336 0.4460 -0.0475
v  -0.7830 0.4565 -0.0576
v  -0.8094 0.4253 -0.0413
v  -0.7193 0.4856 -0.0672
v  -0.7593 0.4866 -0.0773
v  -0.6916 0.4874 -0.0616
v  -0.2561 0.0143 0.6485
v  -0.2729 0.0610 0.6152
v  -0.2079 0.0837 0.6060
v  -0.2456 0.1200 0.5587
v  -0.2963 0.0843 0.5725
v  -0.2279 0.1473 0.5939
v  -0.1863 0.1050 0.6241
v  -0.3171 0.1180 0.4983
v  -0.3917 0.1019 0.4690
v  -0.3672 0.0691 0.5042
v  -0.3229 0.0909 0.5291
v  -0.2773 0.2052 0.5699
v  -0.3257 0.2748 0.5525
v  -0.3477 0.2569 0.5227
v  -0.2914 0.1916 0.5283
v  -0.4737 0.2760 0.4884
v  -0.5460 0.2235 0.4237
v  -0.4946 0.1870 0.4368
v  -0.4275 0.2226 0.4995
v  -0.3850 0.3302 0.5078
v  -0.4180 0.4015 0.5027
v  -0.5130 0.3291 0.4987
v  -0.6099 0.2606 0.4140
v  -0.3714 0.1693 0.5076
v  -0.4451 0.1440 0.4596
v  -0.4143 0.0345 0.4801
v  -0.4412 0.0635 0.4318
v  -0.4872 0.0182 0.4098
v  -0.4678 0.0090 0.4705
v  -0.6662 0.2348 0.3142
v  -0.6970 0.2149 0.3148
v  -0.6525 0.1775 0.3609
v  -0.6265 0.2058 0.3622
v  -0.6597 0.2785 0.3442
v  -0.4933 0.1051 0.4161
v  -0.5360 0.1441 0.3875
v  -0.5727 0.1039 0.3702
v  -0.5303 0.0667 0.3910
v  -0.6112 0.1388 0.3647
v  -0.5778 0.1770 0.3698
v  -0.5323 0.3901 0.5217
v  -0.4459 0.4680 0.4997
v  -0.4761 0.5283 0.5062
v  -0.5483 0.4672 0.5443
v  -0.6418 0.4174 0.5315
v  -0.6277 0.3347 0.4745
v  -0.7141 0.3586 0.2700
v  -0.7023 0.3550 0.3334
v  -0.7272 0.4313 0.3968
v  -0.7346 0.4332 0.3246
v  -0.7297 0.4403 0.2634
v  -0.7122 0.3650 0.2147
v  -0.6847 0.3336 0.4063
v  -0.7064 0.4137 0.4731
v  -0.4092 0.5450 0.5756
v  -0.4406 0.6039 0.5738
v  -0.4469 0.5751 0.5493
v  -0.4174 0.5164 0.5512
v  -0.3881 0.4505 0.5545
v  -0.3771 0.4790 0.5774
v  -0.3578 0.5138 0.6018
v  -0.3916 0.5794 0.6005
v  -0.4249 0.6379 0.5988
v  -0.3616 0.3541 0.5408
v  -0.3550 0.3727 0.5582
v  -0.3935 0.4306 0.5367
v  -0.4205 0.4961 0.5322
v  -0.4496 0.5540 0.5303
v  -0.3426 0.3999 0.5800
v  -0.3221 0.4354 0.6039
v  -0.7289 0.3138 0.1472
v  -0.7376 0.3404 0.1298
v  -0.7378 0.2914 0.0837
v  -0.7442 0.2707 0.1062
v  -0.7142 0.3866 0.1834
v  -0.7485 0.4604 0.2339
v  -0.7862 0.4850 0.2277
v  -0.7523 0.4106 0.1758
v  -0.7335 0.3282 0.0584
v  -0.7535 0.3750 0.1101
v  -0.7605 0.4154 0.0843
v  -0.7264 0.3724 0.0339
v  -0.7845 0.4412 0.1624
v  -0.8187 0.5177 0.2153
v  -0.8401 0.5538 0.1936
v  -0.8022 0.4780 0.1374
v  -0.7105 0.4173 0.0114
v  -0.7311 0.5015 0.0193
v  -0.6923 0.4633 -0.0128
v  -0.7512 0.4575 0.0515
v  -0.8045 0.5142 0.1007
v  -0.8508 0.5845 0.1611
v  -0.8503 0.6150 0.1258
v  -0.7903 0.5531 0.0651
v  -0.6502 0.5581 -0.1357
v  -0.6705 0.5435 -0.0807
v  -0.7009 0.5888 -0.0626
v  -0.6519 0.5931 -0.1405
v  -0.6822 0.5092 -0.0429
v  -0.7193 0.5463 -0.0140
v  -0.8451 0.6480 0.0953
v  -0.7847 0.5920 0.0307
v  -0.8377 0.6824 0.0664
v  -0.7746 0.6326 -0.0007
v  -0.6423 0.6272 -0.1599
v  -0.6903 0.6367 -0.0924
v  -0.6653 0.6678 -0.1148
v  -0.6169 0.6556 -0.1753
v  -0.7514 0.6708 -0.0242
v  -0.8182 0.7178 0.0436
v  -0.7946 0.7488 0.0226
v  -0.7263 0.7026 -0.0472
v  -0.5873 0.6732 -0.1825
v  -0.6368 0.6899 -0.1343
v  -0.5918 0.7060 -0.1422
v  -0.5436 0.6844 -0.1811
v  -0.7018 0.7257 -0.0719
v  -0.7731 0.7721 -0.0014
v  -0.7484 0.7939 -0.0328
v  -0.6679 0.7482 -0.0978
v  -0.4705 0.6881 -0.1645
v  -0.5216 0.7165 -0.1264
v  -0.4614 0.7548 -0.1319
v  -0.3931 0.7118 -0.1494
v  -0.6127 0.7724 -0.1152
v  -0.7095 0.8186 -0.0704
v  -0.6588 0.8458 -0.0944
v  -0.5555 0.8014 -0.1251
v  -0.4262 0.8023 -0.1466
v  -0.3612 0.7743 -0.1671
v  -0.4004 0.8514 -0.1492
v  -0.3353 0.8262 -0.1702
v  -0.5161 0.8395 -0.1349
v  -0.6154 0.8794 -0.1087
v  -0.5766 0.9179 -0.1114
v  -0.4863 0.8854 -0.1398
v  -0.3783 0.9062 -0.1467
v  -0.3117 0.8794 -0.1683
v  -0.3549 0.9606 -0.1388
v  -0.2824 0.9323 -0.1614
v  -0.5426 0.9565 -0.1008
v  -0.4606 0.9357 -0.1353
v  -0.5102 0.9963 -0.0862
v  -0.4315 0.9810 -0.1145
v  -0.2465 0.9856 -0.1586
v  -0.3264 1.0084 -0.1278
v  -0.2970 1.0501 -0.1181
v  -0.2096 1.0326 -0.1570
v  -0.4017 1.0244 -0.1000
v  -0.4765 1.0386 -0.0765
v  -0.4434 1.0806 -0.0677
v  -0.3725 1.0650 -0.0889
v  -0.1754 1.0673 -0.1523
v  -0.2675 1.0834 -0.1069
v  -0.2344 1.1098 -0.0897
v  -0.1383 1.0884 -0.1354
v  -0.3432 1.1004 -0.0760
v  -0.4112 1.1190 -0.0543
v  -0.3756 1.1487 -0.0331
v  -0.3100 1.1287 -0.0574
v  -0.1010 1.0810 -0.1029
v  -0.1980 1.1042 -0.0543
v  -0.1676 1.0853 -0.0184
v  -0.0679 1.0702 -0.0688
v  -0.2736 1.1229 -0.0198
v  -0.3391 1.1401 0.0073
v  -0.3105 1.1159 0.0491
v  -0.2451 1.1000 0.0186
v  -0.2884 1.0958 0.0898
v  -0.2239 1.0828 0.0525
v  -0.2742 1.0670 0.1363
v  -0.2105 1.0596 0.0910
v  -0.1274 1.0586 0.0491
v  -0.1444 1.0734 0.0125
v  0.1760 1.0203 -0.0959
v  0.0768 1.0609 -0.0737
v  0.0860 1.0281 -0.0321
v  0.1641 0.9737 -0.0580
v  -0.0412 1.0648 -0.0352
v  -0.0194 1.0535 0.0059
v  0.0694 0.9680 -0.0256
v  0.0484 0.9194 -0.0027
v  0.1229 0.9396 0.0188
v  0.1442 0.9156 -0.0469
v  0.2336 0.9453 0.0412
v  0.2515 0.8925 -0.0270
v  0.0169 0.9370 0.1005
v  -0.0384 0.9261 0.0423
v  -0.1370 0.9576 0.1232
v  -0.0980 0.9263 0.1903
v  -0.0576 0.9603 0.2543
v  0.0757 0.9642 0.1521
v  -0.1920 0.9142 0.2583
v  -0.1670 0.9663 0.3341
v  -0.2136 0.9606 0.1882
v  -0.2747 0.9656 0.2462
v  -0.2571 0.9340 0.3065
v  -0.2405 0.9712 0.3694
v  -0.0319 0.9973 0.0234
v  -0.1299 1.0158 0.0854
v  -0.2114 1.0139 0.1365
v  -0.2719 1.0178 0.1911
v  -0.2862 0.4817 0.6249
v  -0.2463 0.4156 0.6355
v  -0.2110 0.4683 0.6246
v  -0.2487 0.5242 0.6159
v  -0.2845 0.5899 0.6044
v  -0.3224 0.5555 0.6176
v  -0.3573 0.6190 0.6127
v  -0.3196 0.6509 0.5975
v  -0.3547 0.7100 0.5960
v  -0.3919 0.6768 0.6110
v  -0.2280 0.5474 0.6007
v  -0.1986 0.5046 0.6081
v  -0.1955 0.5293 0.5971
v  -0.2116 0.5604 0.5891
v  -0.2317 0.6072 0.5745
v  -0.2565 0.6031 0.5880
v  -0.2868 0.6627 0.5763
v  -0.2549 0.6660 0.5564
v  -0.2872 0.7339 0.5402
v  -0.3213 0.7266 0.5697
v  -0.1952 0.6063 0.5547
v  -0.1820 0.6344 0.5941
v  -0.1944 0.6720 0.5283
v  -0.2370 0.6899 0.3699
v  -0.2602 0.7327 0.5001
v  -0.2262 0.6679 0.5374
v  -0.3767 -0.0630 0.6574
v  -0.3944 -0.0785 0.6589
v  -0.3325 -0.1058 0.6660
v  -0.3255 -0.0624 0.6674
v  0.1079 -0.3631 0.6103
v  0.1149 -0.2931 0.6188
v  -0.0277 -0.2679 0.6596
v  -0.0334 -0.3351 0.6609
v  -0.2552 -0.0511 0.6808
v  -0.2667 -0.1190 0.6715
v  -0.1863 -0.1323 0.6697
v  -0.1645 -0.0556 0.6856
v  -0.0591 -0.0980 0.6679
v  -0.0821 -0.1562 0.6566
v  0.0326 -0.1842 0.6236
v  0.0499 -0.1461 0.6267
v  -0.1687 -0.3295 0.6995
v  -0.1591 -0.2546 0.7027
v  -0.3064 -0.2382 0.7417
v  -0.3109 -0.3316 0.7265
v  -0.1480 -0.2240 0.6766
v  -0.0179 -0.2397 0.6408
v  -0.0024 -0.2280 0.6276
v  -0.1293 -0.2113 0.6578
v  -0.2353 -0.1881 0.6899
v  -0.2573 -0.2026 0.7085
v  -0.1082 -0.1927 0.6449
v  -0.2116 -0.1719 0.6719
v  0.0134 -0.2115 0.6168
v  -0.8266 0.1954 0.1609
v  -0.8346 0.1944 0.1675
v  -0.8001 0.2213 0.2105
v  -0.7898 0.2226 0.2042
v  -0.7663 0.2385 0.2629
v  -0.7572 0.2394 0.2582
v  -0.7235 0.2141 0.3234
v  -0.7119 0.2140 0.3185
v  -0.6822 0.1824 0.3775
v  -0.6683 0.1781 0.3698
v  -0.5241 0.0415 0.4384
v  -0.5439 0.0552 0.4552
v  -0.5232 0.0366 0.4926
v  -0.5030 0.0252 0.4810
v  -0.5131 0.0156 0.5382
v  -0.4916 0.0065 0.5303
v  -0.5465 0.0423 0.5145
v  -0.5355 0.0236 0.5591
v  -0.5672 0.0601 0.4793
v  0.1610 -0.1737 0.5809
v  0.1531 -0.2057 0.5947
v  0.2571 -0.2150 0.5726
v  0.2634 -0.1827 0.5652
v  0.1444 -0.2272 0.6037
v  0.1352 -0.2423 0.6112
v  0.2516 -0.2550 0.5862
v  0.2535 -0.2376 0.5790
v  0.1248 -0.2586 0.6180
v  0.2479 -0.2756 0.5903
v  1.3306 -0.2281 0.2322
v  1.3578 -0.1447 0.1712
v  1.2592 -0.1130 0.2290
v  1.2664 -0.1906 0.2469
v  1.1153 0.0160 0.2760
v  1.1602 -0.0210 0.2569
v  1.2100 0.0260 0.2994
v  1.1629 0.0657 0.3061
v  0.3930 -0.1917 0.3702
v  0.3407 -0.2067 0.3689
v  0.3698 -0.2227 0.3972
v  0.4114 -0.2129 0.3891
v  0.4883 -0.2010 0.3851
v  0.4701 -0.1751 0.3741
v  1.0070 -0.3060 0.3761
v  1.1237 -0.2857 0.3396
v  1.1390 -0.1963 0.3163
v  1.0007 -0.2349 0.3596
v  0.8579 -0.2731 0.3787
v  0.8738 -0.3381 0.4144
v  1.2099 -0.2264 0.2929
v  1.2230 -0.1780 0.2713
v  1.1984 -0.1443 0.2749
v  1.1642 -0.1115 0.2814
v  1.2058 -0.0584 0.2425
v  1.1267 -0.0786 0.2934
v  1.0704 -0.1280 0.3225
v  1.0995 -0.1547 0.3186
v  1.2011 -0.2997 0.3152
v  0.8875 -0.0815 0.3309
v  0.7735 -0.1217 0.3378
v  0.7873 -0.1532 0.3398
v  0.9164 -0.1160 0.3342
v  1.0413 -0.1009 0.3261
v  1.0901 -0.0450 0.3071
v  0.9400 -0.1447 0.3364
v  0.8044 -0.1795 0.3527
v  0.8230 -0.2043 0.3654
v  0.9619 -0.1693 0.3449
v  0.6159 -0.1511 0.3644
v  0.6292 -0.1816 0.3639
v  0.3690 -0.2400 0.4532
v  0.3516 -0.2130 0.4398
v  0.3341 -0.2109 0.4879
v  0.3443 -0.2331 0.4988
v  0.3595 -0.2525 0.5106
v  0.3966 -0.2603 0.4697
v  0.4391 -0.2574 0.4440
v  0.4020 -0.2389 0.4207
v  0.9845 -0.1931 0.3549
v  0.8415 -0.2316 0.3707
v  0.4224 -0.2817 0.4834
v  0.4738 -0.2819 0.4618
v  0.3706 -0.2783 0.5156
v  0.3047 -0.1869 0.5162
v  0.3103 -0.2145 0.5324
v  0.3246 -0.1864 0.4746
v  0.3119 -0.2377 0.5397
v  0.3185 -0.2560 0.5494
v  0.3401 -0.1901 0.4275
v  0.6965 -0.2685 0.3861
v  0.6729 -0.2403 0.3810
v  0.5481 -0.2526 0.4154
v  0.5815 -0.2786 0.4290
v  0.6156 -0.3113 0.4524
v  0.7234 -0.2974 0.4173
v  0.3212 -0.2791 0.5520
v  0.6497 -0.2068 0.3791
v  0.5158 -0.2247 0.4023
v  0.5814 -0.3845 0.4674
v  0.6406 -0.3774 0.4521
v  0.5541 -0.3165 0.4701
v  0.5169 -0.2822 0.4479
v  0.4799 -0.2552 0.4318
v  0.7442 -0.3631 0.4337
v  0.4430 -0.2271 0.4156
v  1.2232 0.5268 -0.2777
v  1.2353 0.5364 -0.3355
v  1.1323 0.6493 -0.3321
v  1.1205 0.6444 -0.2682
v  0.8811 0.7257 -0.1552
v  0.8744 0.7067 -0.1017
v  0.9285 0.6628 -0.1210
v  0.9393 0.6896 -0.1628
v  0.9520 0.7104 -0.2112
v  0.8904 0.7392 -0.2116
v  0.8126 0.7699 -0.2130
v  0.8053 0.7591 -0.1497
v  0.7951 0.7382 -0.0911
v  0.9922 0.6457 -0.1764
v  1.0097 0.6747 -0.2170
v  0.9870 0.6219 -0.1347
v  0.7002 0.8009 -0.1422
v  0.6833 0.7666 -0.0850
v  0.7096 0.8213 -0.2087
v  0.7156 0.8218 -0.2726
v  0.7205 0.8219 -0.3322
v  0.8294 0.7695 -0.2730
v  0.8414 0.7682 -0.3303
v  0.9140 0.7487 -0.2694
v  0.9280 0.7480 -0.3295
v  0.9827 0.7390 -0.2632
v  0.9976 0.7438 -0.3297
v  1.0433 0.7048 -0.2648
v  1.0570 0.7100 -0.3303
v  -0.9018 -0.4272 -0.1941
v  -0.9581 -0.3913 -0.0737
v  -0.9662 -0.3466 -0.0978
v  -0.9725 -0.3214 -0.1082
v  -0.9241 -0.4022 -0.2061
v  -0.9091 -0.4792 -0.2993
v  -0.8881 -0.5078 -0.2899
v  -0.9689 -0.3945 -0.2169
v  -0.9977 -0.3061 -0.1246
v  -1.0396 -0.3052 -0.1306
v  -1.0127 -0.3913 -0.2170
v  -0.9763 -0.4258 -0.3289
v  -0.9347 -0.4525 -0.3137
v  -0.9307 -0.6166 -0.3797
v  -0.9571 -0.6068 -0.3732
v  -0.9951 -0.7090 -0.4097
v  -0.9771 -0.7171 -0.4115
v  -1.0118 -0.7564 -0.5131
v  -0.9963 -0.7629 -0.5151
v  -1.0314 -0.7489 -0.5131
v  -1.0187 -0.7004 -0.4089
v  -0.9862 -0.5973 -0.3677
v  -1.0218 -0.5859 -0.3637
v  -1.0512 -0.6890 -0.4097
v  -1.0620 -0.7399 -0.5151
v  -0.9938 -0.5021 -0.3615
v  -0.9464 -0.5155 -0.3707
v  -0.9066 -0.5230 -0.3797
v  -0.8699 -0.5305 -0.3836
v  -1.0721 -0.2343 -0.0435
v  -1.0564 -0.2476 -0.0363
v  -1.0929 -0.1651 0.0178
v  -1.1099 -0.1518 0.0124
v  -1.1300 -0.1383 0.0065
v  -1.0966 -0.2248 -0.0481
v  -1.0592 -0.1469 0.0792
v  -1.0376 -0.1187 0.1056
v  -1.0504 -0.0986 0.0827
v  -1.0733 -0.1286 0.0584
v  -1.0634 -0.0828 0.0732
v  -1.0878 -0.1129 0.0494
v  -1.0766 -0.1783 0.0235
v  -1.0588 -0.1932 0.0446
v  -1.0471 -0.2635 -0.0331
v  -1.0442 -0.2807 -0.0149
v  -1.0788 -0.0664 0.0652
v  -1.1039 -0.0973 0.0425
v  -1.1000 -0.0493 0.0573
v  -1.1238 -0.0822 0.0353
v  -0.9368 0.1136 0.0617
v  -0.9960 0.1067 0.0623
v  -1.0206 0.0176 0.0942
v  -0.9498 0.0599 0.0923
v  -0.5953 0.0908 0.4590
v  -0.5757 0.0841 0.4320
v  -0.6119 0.1176 0.4169
v  -0.6295 0.1230 0.4440
v  -0.6312 0.1416 0.3897
v  -0.6463 0.1501 0.4035
v  -0.5968 0.1048 0.3967
v  -0.6625 0.1535 0.4267
v  -0.5582 0.0697 0.4117
v  -0.2892 -0.1506 0.6801
v  -0.3539 -0.1255 0.6738
v  -0.3795 -0.1247 0.6921
v  -0.3151 -0.1610 0.6977
v  -0.5174 -0.0399 0.6544
v  -0.4964 -0.0537 0.6301
v  -0.5084 -0.0105 0.5886
v  -0.5290 0.0018 0.6110
v  -0.3392 -0.1694 0.7168
v  -0.4046 -0.1238 0.7103
v  -0.4442 -0.0854 0.6693
v  -0.4709 -0.0868 0.6894
v  -0.4170 -0.0854 0.6603
v  -0.4681 -0.0590 0.6209
v  -0.4855 -0.0196 0.5810
v  -0.8647 0.1504 0.1283
v  -0.8844 0.0880 0.1055
v  -0.8942 0.1003 0.1228
v  -0.8727 0.1552 0.1421
v  -0.9153 0.0949 0.1631
v  -0.8951 0.1436 0.1818
v  -1.0416 -0.0422 0.0866
v  -1.0245 -0.0568 0.0945
v  -0.9766 -0.0240 0.1056
v  -0.9952 -0.0116 0.1021
v  -1.0677 -0.0237 0.0774
v  -0.9430 0.0351 0.0985
v  -0.9208 0.0224 0.0997
v  -0.8775 0.0758 0.0868
v  -0.8595 0.1462 0.1211
v  -0.9198 0.0287 0.1217
v  -0.9387 0.0267 0.1606
v  -0.9627 -0.0346 0.1173
v  -0.9725 -0.0399 0.1537
v  -1.0121 -0.0702 0.1035
v  -1.0038 -0.0891 0.1333
v  -0.1397 -0.8470 -1.2535
v  -0.1154 -0.9704 -1.2187
v  -0.1901 -0.9486 -1.2223
v  -0.2134 -0.8217 -1.2559
v  -0.2329 -0.7239 -1.2776
v  -0.1564 -0.7491 -1.2793
v  -0.0675 -0.7756 -1.2592
v  -0.0565 -0.8714 -1.2297
v  -0.0381 -0.9801 -1.1857
v  0.0492 -0.8973 -1.1859
v  0.0533 -0.9942 -1.1433
v  0.0484 -0.8010 -1.2083
v  0.1733 -0.8459 -1.1637
v  0.1599 -0.9356 -1.1354
v  0.1478 -1.0171 -1.0898
v  0.2527 -0.9859 -1.0735
v  0.2343 -1.0583 -1.0278
v  0.2747 -0.9038 -1.1099
v  0.3640 -0.9509 -1.0314
v  0.3397 -1.0222 -0.9882
v  0.3199 -1.0811 -0.9396
v  -0.0946 -1.1121 -1.1263
v  -0.0812 -1.2304 -0.9859
v  -0.1507 -1.2271 -0.9905
v  -0.1651 -1.1037 -1.1349
v  -0.0227 -1.1133 -1.1058
v  -0.0122 -1.2061 -0.9711
v  0.0550 -1.1003 -1.0635
v  0.0609 -1.1870 -0.9493
v  0.1396 -1.1051 -1.0180
v  0.1394 -1.1883 -0.9205
v  0.2223 -1.1318 -0.9629
v  0.2169 -1.1861 -0.8729
v  0.3084 -1.1340 -0.8811
v  0.3066 -1.1741 -0.8103
v  -0.3572 -0.9918 -1.1193
v  -0.3904 -0.8874 -1.1626
v  -0.3319 -0.8991 -1.1866
v  -0.3038 -1.0370 -1.1151
v  -0.3067 -1.1671 -1.0020
v  -0.3825 -1.0282 -1.0780
v  -0.4428 -0.9046 -1.1328
v  -0.2388 -1.0778 -1.1279
v  -0.2622 -0.9166 -1.2010
v  -0.2268 -1.2118 -0.9944
v  -0.3639 -0.7852 -1.2245
v  -0.4263 -0.7956 -1.1974
v  -0.4872 -0.8104 -1.1652
v  -0.5066 -0.7266 -1.1660
v  -0.4533 -0.7081 -1.2069
v  -0.3916 -0.6922 -1.2386
v  -0.2901 -0.7965 -1.2429
v  -0.3157 -0.7024 -1.2661
v  0.2209 -1.2075 -0.7574
v  0.2362 -1.1925 -0.6583
v  0.1554 -1.1802 -0.6603
v  0.1404 -1.2195 -0.7785
v  0.3156 -1.1889 -0.7242
v  0.3331 -1.1994 -0.6496
v  0.2596 -1.1763 -0.6128
v  0.3550 -1.1939 -0.6089
v  0.1791 -1.1491 -0.6141
v  0.0702 -1.2196 -0.7897
v  0.0887 -1.1685 -0.6590
v  0.0215 -1.1531 -0.6600
v  0.0005 -1.2271 -0.7941
v  0.1138 -1.1272 -0.6127
v  0.0442 -1.1047 -0.6124
v  -0.0787 -1.2292 -0.7972
v  -0.0668 -1.1425 -0.6640
v  -0.1531 -1.1288 -0.6720
v  -0.1556 -1.2356 -0.8002
v  -0.0526 -1.1015 -0.6124
v  -0.1465 -1.0964 -0.6144
v  -0.2282 -1.2246 -0.8086
v  -0.2198 -1.1322 -0.6776
v  -0.2734 -1.1329 -0.6813
v  -0.2901 -1.2091 -0.8133
v  -0.3239 -1.1241 -0.6801
v  -0.3710 -1.1042 -0.6712
v  -0.4079 -1.1571 -0.7891
v  -0.3526 -1.1966 -0.8071
v  -0.4368 -1.1174 -0.9220
v  -0.3855 -1.1547 -0.9572
v  -0.2112 -1.0811 -0.6165
v  -0.2598 -1.0716 -0.6160
v  -0.3448 -1.0585 -0.6020
v  -0.3031 -1.0646 -0.6117
v  -0.4338 -1.0260 -1.0410
v  -0.4983 -0.8974 -1.0929
v  -0.4841 -1.0053 -1.0045
v  -0.5188 -0.8671 -1.0365
v  -0.5132 -0.9934 -0.9645
v  -0.4688 -1.0948 -0.8774
v  -0.5138 -1.0568 -0.8559
v  -0.5490 -0.9848 -0.9410
v  -0.5952 -0.8725 -0.9947
v  -0.5513 -0.8558 -0.9897
v  -0.5979 -0.9517 -0.9406
v  -0.6422 -0.8793 -0.9954
v  -0.6001 -0.9821 -0.8950
v  -0.7084 -0.8920 -0.9876
v  -0.7976 -0.8102 -1.1132
v  -0.7906 -0.7273 -1.1244
v  -0.7128 -0.7316 -1.0841
v  -0.7141 -0.8087 -1.0551
v  -0.8345 -0.8617 -1.0566
v  -0.9365 -0.8424 -1.1131
v  -0.8954 -0.7919 -1.1631
v  -0.8838 -0.7124 -1.1586
v  -0.5217 -0.7925 -1.1018
v  -0.5371 -0.7169 -1.1023
v  -0.5385 -0.7684 -1.0408
v  -0.5534 -0.6964 -1.0427
v  -0.6559 -0.8001 -1.0356
v  -0.6154 -0.7821 -1.0266
v  -0.6633 -0.7203 -1.0561
v  -0.6260 -0.7064 -1.0415
v  -0.5788 -0.7645 -1.0085
v  -0.5919 -0.6957 -1.0275
v  -0.7905 -0.6669 -1.1301
v  -0.8750 -0.6600 -1.1618
v  -0.8640 -0.6198 -1.1741
v  -0.7829 -0.6244 -1.1442
v  -0.7147 -0.6226 -1.1172
v  -0.7193 -0.6671 -1.0983
v  -0.6755 -0.6555 -1.0721
v  -0.6689 -0.6187 -1.1026
v  -0.6339 -0.6155 -1.0949
v  -0.6399 -0.6467 -1.0600
v  -0.6035 -0.6411 -1.0515
v  -0.6039 -0.6086 -1.0841
v  -0.5756 -0.6030 -1.0705
v  -0.5634 -0.6325 -1.0491
v  -0.7642 -0.5952 -1.1653
v  -0.6931 -0.6027 -1.1420
v  -0.8475 -0.5898 -1.1987
v  -0.8180 -0.5722 -1.2441
v  -0.7284 -0.5994 -1.2141
v  -0.6503 -0.6093 -1.1833
v  -0.5201 -0.6545 -1.1575
v  -0.5448 -0.6508 -1.1016
v  -0.5603 -0.6026 -1.1038
v  -0.5328 -0.6015 -1.1461
v  -0.6480 -0.6034 -1.1297
v  -0.6184 -0.5928 -1.1200
v  -0.6089 -0.5890 -1.1612
v  -0.5840 -0.5708 -1.1499
v  -0.5892 -0.5801 -1.1083
v  -0.5554 -0.5715 -1.1424
v  -0.6675 -0.5732 -1.2767
v  -0.5870 -0.5613 -1.2303
v  -0.7648 -0.5776 -1.3233
v  -0.7045 -0.5294 -1.3934
v  -0.5990 -0.5169 -1.3363
v  -0.5074 -0.5250 -1.2901
v  -0.4710 -0.6364 -1.2011
v  -0.4079 -0.6204 -1.2386
v  -0.4841 -0.5864 -1.1903
v  -0.4146 -0.5672 -1.2251
v  -0.5472 -0.5499 -1.2071
v  -0.5239 -0.5469 -1.1952
v  -0.4651 -0.5277 -1.2618
v  -0.4472 -0.5245 -1.2433
v  -0.4252 -0.5215 -1.2188
v  -0.5001 -0.5527 -1.1837
v  -0.5357 -0.4705 -1.3893
v  -0.4232 -0.4960 -1.3487
v  -0.6635 -0.4720 -1.4413
v  -0.6348 -0.4140 -1.4778
v  -0.4888 -0.4120 -1.4263
v  -0.3137 -0.4405 -1.3901
v  -0.3321 -0.6285 -1.2803
v  -0.3357 -0.5683 -1.2662
v  -0.2492 -0.5801 -1.3014
v  -0.2448 -0.6448 -1.3030
v  -0.3775 -0.5216 -1.3175
v  -0.2770 -0.5033 -1.3545
v  -0.2685 -0.5290 -1.3224
v  -0.3639 -0.5336 -1.2918
v  -0.2567 -0.5389 -1.2986
v  -0.3470 -0.5352 -1.2698
v  -0.1596 -0.6619 -1.3063
v  -0.1568 -0.5904 -1.3156
v  -0.0523 -0.5993 -1.2996
v  -0.0629 -0.6803 -1.2860
v  -0.1543 -0.4238 -1.3881
v  -0.1549 -0.4830 -1.3609
v  -0.0253 -0.4752 -1.3318
v  -0.0181 -0.4206 -1.3578
v  -0.0359 -0.5061 -1.2974
v  -0.1551 -0.5231 -1.3336
v  -0.1559 -0.5437 -1.3127
v  -0.0456 -0.5397 -1.2865
v  0.0555 -0.6950 -1.2265
v  0.0686 -0.6081 -1.2468
v  0.1977 -0.6449 -1.2032
v  0.1855 -0.7368 -1.1853
v  0.2930 -0.7982 -1.1369
v  0.3063 -0.6999 -1.1405
v  0.4068 -0.7792 -1.0931
v  0.3874 -0.8632 -1.0733
v  -0.9200 -0.7664 -0.8885
v  -1.0245 -0.7445 -0.9436
v  -1.0005 -0.8421 -1.0151
v  -0.8949 -0.8578 -0.9606
v  -0.7680 -0.8921 -0.8906
v  -0.7857 -0.8117 -0.8244
v  -0.9186 -0.6788 -0.8677
v  -0.7883 -0.7226 -0.8149
v  -0.8110 -0.6281 -0.8133
v  -0.9144 -0.5901 -0.8690
v  -1.0153 -0.5698 -0.9123
v  -1.0206 -0.6538 -0.9214
v  -0.4683 -0.3391 -1.4466
v  -0.4740 -0.2633 -1.4492
v  -0.2997 -0.2532 -1.4091
v  -0.2987 -0.3452 -1.4181
v  -0.6184 -0.3464 -1.5016
v  -0.6163 -0.2737 -1.5070
v  -0.1632 0.1502 -1.3078
v  -0.1848 0.1162 -1.2851
v  -0.2288 0.1614 -1.2581
v  -0.2142 0.1977 -1.2832
v  -0.1842 0.2525 -1.2992
v  -0.1343 0.2000 -1.3140
v  -0.0693 0.1420 -1.3258
v  -0.1035 0.0929 -1.3290
v  -0.1250 0.0639 -1.3089
v  -0.2643 0.2494 -1.2566
v  -0.2820 0.2152 -1.2319
v  -0.3259 0.2828 -1.2108
v  -0.3174 0.3079 -1.2351
v  -0.2920 0.3473 -1.2616
v  -0.2436 0.2951 -1.2801
v  -0.5043 -0.1996 -1.4378
v  -0.5468 -0.1412 -1.4156
v  -0.4519 -0.1446 -1.3824
v  -0.3899 -0.1964 -1.4000
v  -0.6299 -0.2031 -1.4906
v  -0.6540 -0.1401 -1.4597
v  -0.4126 0.0041 -1.2418
v  -0.3992 -0.0364 -1.2803
v  -0.4373 -0.0544 -1.2691
v  -0.4562 -0.0173 -1.2260
v  -0.4623 0.0049 -1.1692
v  -0.4166 0.0261 -1.1829
v  -0.3583 0.0508 -1.1979
v  -0.3476 0.0243 -1.2491
v  -0.3355 -0.0212 -1.2837
v  -0.0093 0.0203 -1.3365
v  -0.0326 -0.0133 -1.3178
v  0.0217 0.0755 -1.3222
v  0.1206 0.0147 -1.2883
v  0.0969 -0.0433 -1.3002
v  0.0777 -0.0806 -1.2948
v  -0.1354 0.0482 -1.2932
v  -0.0417 -0.0287 -1.3019
v  -0.0491 -0.0525 -1.2897
v  -0.1595 0.0236 -1.2711
v  0.0605 -0.0962 -1.2792
v  0.0589 -0.1162 -1.2658
v  0.9207 0.0889 -0.9685
v  0.9802 0.0380 -0.9659
v  0.9202 0.0027 -0.9726
v  0.8678 0.0491 -0.9731
v  0.7899 0.0908 -0.9790
v  0.8233 0.1357 -0.9741
v  0.8583 0.1769 -0.9651
v  0.9708 0.1225 -0.9556
v  1.0534 0.0545 -0.9462
v  0.9646 -0.0407 -0.9676
v  1.0091 -0.0053 -0.9604
v  1.0512 -0.0182 -0.9539
v  1.0082 -0.0725 -0.9674
v  0.1764 -0.1144 -1.2421
v  0.2643 -0.1463 -1.2040
v  0.1641 -0.1461 -1.2356
v  0.1427 -0.1272 -1.2513
v  0.1977 -0.0790 -1.2369
v  0.2861 -0.1006 -1.1932
v  0.2145 -0.0273 -1.2210
v  0.3054 -0.0495 -1.1865
v  0.3260 -0.1113 -1.1498
v  0.3469 -0.1198 -1.1118
v  0.3328 -0.1553 -1.1120
v  0.3125 -0.1521 -1.1521
v  0.3447 -0.0648 -1.1490
v  0.3647 -0.0775 -1.1138
v  0.3299 0.0085 -1.1733
v  0.3665 -0.0113 -1.1445
v  0.3716 0.0754 -1.1487
v  0.4010 0.0486 -1.1271
v  0.4143 0.0290 -1.1035
v  0.3856 -0.0268 -1.1141
v  0.4546 0.1155 -1.0853
v  0.4424 0.1538 -1.1060
v  0.5359 0.2142 -1.0220
v  0.5370 0.1671 -1.0247
v  0.5262 0.1227 -1.0237
v  0.4512 0.0892 -1.0700
v  0.6817 0.1653 -1.0001
v  0.6988 0.2133 -0.9931
v  0.6690 0.1199 -0.9983
v  0.4656 0.0620 -1.0136
v  0.4414 0.0599 -1.0466
v  0.4170 0.0077 -1.0007
v  0.4190 0.0088 -1.0573
v  0.5047 0.0339 -1.0126
v  0.5412 -0.0022 -1.0116
v  0.4802 -0.0261 -1.0103
v  0.4478 -0.0135 -0.9976
v  0.5818 0.0667 -1.0104
v  0.5983 0.0245 -1.0031
v  0.6783 0.0617 -0.9917
v  0.6611 0.0052 -0.9908
v  0.7678 0.0329 -0.9781
v  0.7144 -0.0244 -0.9831
v  0.3950 -0.0413 -1.0596
v  0.3751 -0.0889 -1.0599
v  0.3871 -0.0451 -1.0010
v  0.3676 -0.0920 -1.0045
v  0.4123 -0.0577 -0.9878
v  0.4637 -0.0571 -1.0077
v  0.4561 -0.0918 -1.0059
v  0.3926 -0.0986 -0.9857
v  0.5866 -0.0669 -0.9997
v  0.5682 -0.0358 -1.0041
v  0.7441 -0.0564 -0.9807
v  0.8216 -0.0036 -0.9754
v  0.8561 -0.0432 -0.9741
v  0.7607 -0.0893 -0.9808
v  0.3556 -0.1278 -1.0604
v  0.3421 -0.1612 -1.0630
v  0.3580 -0.1322 -1.0118
v  0.3493 -0.1674 -1.0155
v  0.3843 -0.1342 -0.9915
v  0.4550 -0.1208 -1.0078
v  0.4602 -0.1477 -1.0120
v  0.3849 -0.1657 -0.9993
v  0.5981 -0.0953 -1.0009
v  0.6070 -0.1234 -1.0032
v  0.2033 -0.5926 -1.1931
v  0.0763 -0.5545 -1.2431
v  0.0842 -0.5112 -1.2336
v  0.2194 -0.5562 -1.1786
v  0.4271 -0.7294 -1.0877
v  0.3206 -0.6488 -1.1288
v  0.3445 -0.6276 -1.1212
v  0.4523 -0.7072 -1.0923
v  0.1040 -0.4928 -1.2725
v  0.1190 -0.4450 -1.2973
v  0.2581 -0.4878 -1.2333
v  0.2112 -0.5237 -1.2189
v  0.3148 -0.5343 -1.1903
v  0.3558 -0.5592 -1.1537
v  0.3018 -0.5629 -1.1563
v  0.2717 -0.5440 -1.1918
v  0.3539 -0.3995 -1.2310
v  0.3666 -0.4785 -1.2128
v  0.2594 -0.3985 -1.2698
v  0.2564 -0.3220 -1.2626
v  0.3408 -0.3231 -1.2294
v  0.4015 -0.3173 -1.1947
v  0.4276 -0.3910 -1.1972
v  0.4483 -0.4687 -1.1888
v  0.3794 -0.5246 -1.1803
v  0.4078 -0.5511 -1.1499
v  0.4501 -0.5169 -1.1653
v  0.4508 -0.5410 -1.1523
v  0.4929 -0.3873 -1.1692
v  0.5142 -0.4622 -1.1651
v  0.4631 -0.3153 -1.1670
v  0.5181 -0.3154 -1.1443
v  0.5479 -0.3851 -1.1481
v  0.5675 -0.4573 -1.1460
v  0.3841 -0.6113 -1.1232
v  0.4807 -0.6745 -1.0987
v  0.4286 -0.5950 -1.1298
v  0.5093 -0.6368 -1.1091
v  0.4649 -0.5715 -1.1289
v  0.5331 -0.5920 -1.1123
v  0.4926 -0.5433 -1.1319
v  0.5492 -0.5434 -1.1098
v  0.5118 -0.5119 -1.1490
v  0.5659 -0.5076 -1.1313
v  0.6155 -0.5058 -1.1198
v  0.6761 -0.5007 -1.1100
v  0.6637 -0.5423 -1.0584
v  0.6022 -0.5464 -1.0862
v  0.6110 -0.4517 -1.1312
v  0.6685 -0.4434 -1.1159
v  0.4837 -1.4805 -1.3499
v  0.4238 -1.5884 -1.3509
v  0.4488 -1.5794 -1.2593
v  0.4917 -1.4760 -1.2681
v  0.5459 -1.3680 -1.2684
v  0.5514 -1.3723 -1.3435
v  0.5811 -1.3825 -1.3985
v  0.5041 -1.4864 -1.4185
v  0.4447 -1.5918 -1.4349
v  0.5537 -1.4781 -1.4605
v  0.6057 -1.4795 -1.4811
v  0.5638 -1.5413 -1.4901
v  0.5139 -1.5642 -1.4727
v  0.6172 -1.3867 -1.4392
v  0.6667 -1.3876 -1.4674
v  1.2927 -0.9364 -1.5570
v  1.1280 -1.1063 -1.5698
v  1.0749 -1.0252 -1.5271
v  1.2272 -0.8431 -1.5115
v  1.3977 -0.6727 -1.4615
v  1.4754 -0.7744 -1.5178
v  1.5438 -0.8953 -1.5402
v  1.3485 -1.0455 -1.5631
v  1.1776 -1.1977 -1.5860
v  1.4123 -1.2472 -1.5343
v  1.6172 -1.1464 -1.4983
v  1.6341 -1.2443 -1.4430
v  1.4374 -1.3275 -1.4944
v  1.6272 -1.3180 -1.3654
v  1.4482 -1.3914 -1.4335
v  1.2858 -1.4267 -1.5467
v  1.3052 -1.4797 -1.4932
v  1.2525 -1.3596 -1.5769
v  1.3863 -1.1509 -1.5594
v  1.2172 -1.2826 -1.5869
v  1.5884 -1.0248 -1.5300
v  1.0034 -1.2215 -1.5800
v  0.9108 -1.3164 -1.5726
v  0.8620 -1.2639 -1.5337
v  0.9547 -1.1561 -1.5348
v  1.0565 -1.2987 -1.5952
v  0.9697 -1.3797 -1.5825
v  1.2016 -1.5083 -1.5531
v  1.2336 -1.5517 -1.5048
v  1.1956 -1.6079 -1.4861
v  1.1532 -1.5770 -1.5322
v  1.0966 -1.5214 -1.5626
v  1.1576 -1.4477 -1.5835
v  1.1081 -1.3757 -1.5947
v  1.0332 -1.4505 -1.5747
v  0.8416 -1.4148 -1.5562
v  0.7822 -1.5126 -1.5357
v  0.7298 -1.4728 -1.5287
v  0.7898 -1.3702 -1.5343
v  0.9033 -1.4652 -1.5521
v  0.8440 -1.5529 -1.5227
v  0.5670 -1.4998 -1.0989
v  0.5696 -1.3839 -1.0802
v  0.5361 -1.3725 -1.1759
v  0.5118 -1.4895 -1.1818
v  0.4950 -1.5919 -1.1760
v  0.5747 -1.5960 -1.1021
v  0.9708 -1.5218 -1.5308
v  0.9110 -1.5984 -1.4980
v  1.0408 -1.5883 -1.5283
v  0.9855 -1.6482 -1.4785
v  1.0698 -1.6949 -1.4653
v  1.1108 -1.6376 -1.5039
v  1.1705 -1.6589 -1.4682
v  1.1492 -1.7132 -1.4430
v  1.2981 -1.5118 -1.4196
v  1.2391 -1.5701 -1.4435
v  1.3038 -1.5132 -1.3517
v  1.2566 -1.5649 -1.3508
v  1.2596 -1.5964 -1.3791
v  1.2158 -1.6116 -1.4411
v  1.2068 -1.6477 -1.4404
v  1.2569 -1.6155 -1.3951
v  1.2674 -1.6560 -1.4164
v  1.2048 -1.6981 -1.4322
v  1.4357 -1.4389 -1.3563
v  1.4030 -1.4696 -1.2912
v  1.5908 -1.3661 -1.2778
v  1.5368 -1.3991 -1.2039
v  1.3931 -1.4991 -1.3060
v  1.5279 -1.4276 -1.2387
v  1.5137 -1.4530 -1.2833
v  1.3806 -1.5232 -1.3407
v  1.3781 -1.5481 -1.3761
v  1.5134 -1.4867 -1.3302
v  1.5212 -1.5472 -1.3669
v  1.3903 -1.5997 -1.4162
v  0.6384 -1.5162 -1.5002
v  0.6917 -1.4323 -1.5048
v  0.6738 -1.5658 -1.5063
v  0.6166 -1.6481 -1.4814
v  0.5826 -1.5882 -1.4963
v  0.7526 -1.3334 -1.4933
v  0.8249 -1.2243 -1.4817
v  0.7335 -1.2975 -1.4546
v  0.7986 -1.1931 -1.4367
v  0.6562 -1.1251 -1.3313
v  0.7032 -1.1408 -1.3749
v  0.6493 -1.2679 -1.3815
v  0.6108 -1.2553 -1.3337
v  0.5824 -1.2434 -1.2588
v  0.6111 -1.1049 -1.2555
v  0.6796 -1.2768 -1.4144
v  0.7382 -1.1536 -1.3922
v  0.7631 -1.1620 -1.4022
v  0.7086 -1.2757 -1.4291
v  0.7355 -1.2548 -1.4316
v  0.7833 -1.1671 -1.4125
v  0.9149 -1.1104 -1.4750
v  1.0253 -0.9681 -1.4672
v  0.8819 -1.0784 -1.4234
v  0.9849 -0.9351 -1.4064
v  1.3085 -0.3634 -1.0155
v  1.2535 -0.3812 -1.0123
v  1.2574 -0.3175 -0.9697
v  1.2630 -0.2532 -0.9306
v  1.3219 -0.2813 -0.9346
v  1.3038 -0.3204 -0.9712
v  1.3756 -0.3283 -0.9810
v  0.4612 -1.1999 -0.5987
v  0.4485 -1.2025 -0.6312
v  0.5581 -1.1802 -0.6131
v  0.5619 -1.1858 -0.5878
v  0.4346 -1.1838 -0.6824
v  0.4220 -1.1538 -0.7382
v  0.5371 -1.1466 -0.6866
v  0.5486 -1.1652 -0.6475
v  0.4205 -1.1336 -0.7951
v  0.4272 -1.0960 -0.8467
v  0.5263 -1.0905 -0.7654
v  0.5282 -1.1240 -0.7255
v  0.4446 -1.0486 -0.8972
v  0.4653 -0.9881 -0.9461
v  0.5501 -0.9955 -0.8607
v  0.5365 -1.0465 -0.8113
v  0.4815 -0.9184 -0.9944
v  0.4949 -0.8537 -1.0308
v  0.5654 -0.8928 -0.9568
v  0.5589 -0.9442 -0.9132
v  0.5110 -0.8068 -1.0447
v  0.5308 -0.7734 -1.0561
v  0.5886 -0.8069 -1.0055
v  0.5757 -0.8501 -0.9874
v  0.5524 -0.7324 -1.0679
v  0.5728 -0.6798 -1.0764
v  0.6237 -0.7093 -1.0407
v  0.6045 -0.7651 -1.0240
v  0.5929 -0.6167 -1.0893
v  0.6483 -0.6322 -1.0633
v  0.6965 -0.7940 -0.9864
v  0.6850 -0.8472 -0.9517
v  0.6382 -0.8225 -0.9714
v  0.6518 -0.7795 -1.0000
v  0.6747 -0.7175 -1.0238
v  0.7209 -0.7243 -1.0190
v  1.3888 -1.4396 -0.6119
v  1.3696 -1.4123 -0.6956
v  1.4723 -1.4369 -0.6987
v  1.4872 -1.4585 -0.6149
v  1.2847 -1.4210 -0.6061
v  1.2630 -1.3942 -0.6857
v  0.7077 -1.2437 -0.5908
v  0.6390 -1.2073 -0.5877
v  0.6376 -1.2006 -0.6177
v  0.7033 -1.2318 -0.6289
v  0.7931 -1.2721 -0.5867
v  0.7786 -1.2580 -0.6303
v  0.8542 -1.2910 -0.6326
v  0.8764 -1.3092 -0.5841
v  0.6293 -1.1849 -0.6506
v  0.6184 -1.1604 -0.6823
v  0.6793 -1.1850 -0.6988
v  0.6936 -1.2093 -0.6648
v  0.7609 -1.2389 -0.6720
v  0.7412 -1.2115 -0.7093
v  0.8088 -1.2357 -0.7161
v  0.8341 -1.2665 -0.6762
v  0.6097 -1.1251 -0.7067
v  0.6038 -1.0907 -0.7358
v  0.6560 -1.1200 -0.7561
v  0.6657 -1.1561 -0.7270
v  0.7198 -1.1761 -0.7403
v  0.6998 -1.1373 -0.7743
v  0.7399 -1.1482 -0.7907
v  0.7717 -1.1980 -0.7537
v  0.6546 -1.0704 -0.7901
v  0.6062 -1.0547 -0.7815
v  0.6129 -1.0102 -0.8311
v  0.6555 -1.0204 -0.8296
v  0.6168 -0.9630 -0.8789
v  0.6207 -0.9131 -0.9183
v  0.6643 -0.9312 -0.8969
v  0.6571 -0.9717 -0.8642
v  0.6941 -0.9784 -0.8923
v  0.6791 -0.9977 -0.8709
v  0.7129 -1.0345 -0.8726
v  0.6841 -1.0391 -0.8498
v  0.6280 -0.8660 -0.9464
v  0.6744 -0.8895 -0.9220
v  0.7238 -1.0935 -0.8354
v  0.6890 -1.0891 -0.8151
v  0.7516 -1.0871 -0.8512
v  0.7682 -1.0804 -0.8632
v  0.7878 -1.1684 -0.8216
v  0.7714 -1.1591 -0.8069
v  0.7411 -1.0120 -0.8864
v  0.7707 -0.9675 -0.9039
v  0.6192 -1.2655 -0.9439
v  0.6077 -1.3912 -0.9881
v  0.6580 -1.3871 -0.9359
v  0.6794 -1.3114 -0.8875
v  0.7150 -1.2258 -0.8559
v  0.6670 -1.1557 -0.9065
v  0.6684 -1.0724 -0.9976
v  0.5704 -1.2382 -1.0324
v  0.5616 -1.2330 -1.1501
v  0.6046 -1.0838 -1.1350
v  0.7128 -0.9468 -0.9112
v  0.7301 -0.8944 -0.9301
v  0.7613 -1.0907 -0.8816
v  0.7928 -0.9986 -0.9351
v  0.7679 -1.0243 -0.9600
v  0.7362 -1.1063 -0.8929
v  0.7459 -1.1823 -0.8464
v  0.7670 -1.1792 -0.8397
v  0.7838 -1.1752 -0.8328
v  0.7909 -0.9819 -0.9166
v  0.7733 -1.0815 -0.8724
v  0.6759 -0.9468 -1.1598
v  0.7376 -0.9398 -1.0703
v  0.7761 -0.8267 -1.1200
v  0.7460 -0.8263 -1.1885
v  0.7510 -0.8317 -1.2607
v  0.6646 -0.9605 -1.2656
v  0.7409 -0.8239 -0.9684
v  0.7565 -0.7458 -1.0117
v  0.7895 -0.7595 -1.0163
v  0.7794 -0.8561 -0.9582
v  0.8180 -0.8978 -0.9919
v  0.8053 -0.8776 -0.9675
v  0.8106 -0.7757 -1.0279
v  0.8183 -0.7942 -1.0477
v  0.8032 -0.9262 -1.0261
v  0.8080 -0.8148 -1.0769
v  0.7883 -0.6709 -1.0421
v  0.7706 -0.6353 -1.0409
v  0.8584 -0.5463 -1.0816
v  0.8176 -0.6587 -1.0619
v  0.7147 -0.6266 -1.0388
v  0.7521 -0.5413 -1.0626
v  0.7679 -0.4900 -1.1021
v  0.8813 -0.4763 -1.0991
v  0.7651 -0.4325 -1.1009
v  0.8853 -0.4136 -1.0900
v  0.8305 -0.6698 -1.0766
v  0.8859 -0.5851 -1.0922
v  0.8820 -0.6156 -1.1032
v  0.8323 -0.6915 -1.0878
v  0.8305 -0.7151 -1.1053
v  0.8745 -0.6459 -1.1191
v  0.8623 -0.6774 -1.1360
v  0.8247 -0.7322 -1.1369
v  0.9599 -0.5532 -1.0982
v  1.0119 -0.5603 -1.1113
v  0.9701 -0.5832 -1.1247
v  0.9358 -0.5874 -1.1154
v  0.9828 -0.5099 -1.0872
v  1.0800 -0.5177 -1.0779
v  1.0009 -0.4540 -1.0800
v  1.1046 -0.4413 -1.0445
v  1.0100 -0.3835 -1.0606
v  1.1173 -0.3668 -1.0180
v  0.7086 -0.9846 -1.3306
v  0.7785 -0.8487 -1.3116
v  0.8200 -0.8710 -1.3378
v  0.7554 -1.0055 -1.3667
v  0.8572 -1.0582 -1.3925
v  0.9491 -0.9194 -1.3693
v  0.8325 -1.0441 -1.3733
v  0.9109 -0.9071 -1.3544
v  0.8674 -0.8928 -1.3439
v  0.7984 -1.0263 -1.3706
v  1.1788 -0.4480 -1.0234
v  1.2344 -0.4457 -1.0458
v  1.2102 -0.5216 -1.0667
v  1.1522 -0.5249 -1.0437
v  1.1937 -0.3767 -1.0003
v  1.2847 -0.4368 -1.0792
v  1.2466 -0.5115 -1.1393
v  1.3375 -0.4211 -1.1015
v  1.2677 -0.5336 -1.2617
v  1.1640 -0.7748 -1.4463
v  1.3264 -0.5957 -1.3808
v  1.1112 -0.7438 -1.3722
v  1.0589 -0.7476 -1.3190
v  1.0097 -0.7622 -1.2878
v  1.1027 -0.6420 -1.2020
v  1.1579 -0.6089 -1.2425
v  1.2022 -0.5560 -1.1677
v  1.1658 -0.5785 -1.1195
v  0.8356 -0.7289 -1.2245
v  0.8228 -0.7317 -1.1803
v  0.8813 -0.6624 -1.1555
v  0.9053 -0.6543 -1.1798
v  1.1057 -0.5827 -1.1143
v  1.0481 -0.5809 -1.1360
v  1.0404 -0.6526 -1.1964
v  0.9836 -0.6492 -1.2074
v  0.9967 -0.5929 -1.1468
v  0.9519 -0.6081 -1.1466
v  0.9390 -0.6502 -1.1991
v  0.9142 -0.6194 -1.1337
v  0.9026 -0.7497 -1.2784
v  0.8612 -0.7345 -1.2624
v  0.9552 -0.7633 -1.2768
v  1.5791 -0.3029 -0.9716
v  1.5460 -0.3660 -1.0514
v  1.4547 -0.3391 -0.9982
v  1.4906 -0.2838 -0.9407
v  1.4123 -0.2628 -0.9134
v  1.4444 -0.1988 -0.8602
v  1.5226 -0.2341 -0.8967
v  1.6063 -0.2604 -0.9254
v  1.4029 -0.3977 -1.0852
v  1.4248 -0.4410 -1.1630
v  1.8771 0.0411 -0.4309
v  1.7210 0.1173 -0.4179
v  2.0075 -0.0130 -0.4426
v  1.9687 -0.0762 -0.5021
v  1.8293 -0.0281 -0.4729
v  1.6663 0.0500 -0.4487
v  1.8045 -0.0743 -0.5210
v  1.9473 -0.1107 -0.5655
v  1.9339 -0.1332 -0.6299
v  1.7860 -0.1082 -0.5729
v  1.6221 -0.0191 -0.5237
v  1.6410 0.0098 -0.4853
v  1.5405 0.2419 -0.4062
v  1.3541 0.3744 -0.3873
v  1.4940 0.1847 -0.4306
v  1.3350 0.3475 -0.4285
v  1.4712 0.1472 -0.4607
v  1.4541 0.1212 -0.4950
v  1.2900 0.2745 -0.4823
v  1.3121 0.3091 -0.4534
v  1.0680 0.5381 -0.5517
v  1.0555 0.5453 -0.5064
v  1.1502 0.4181 -0.4874
v  1.1529 0.4086 -0.5373
v  1.1674 0.4528 -0.4517
v  1.1965 0.4959 -0.4316
v  1.0636 0.5753 -0.4691
v  1.0864 0.6118 -0.4382
v  1.4781 -0.5040 -1.2674
v  1.6101 -0.4430 -1.1996
v  1.6925 -0.5232 -1.3213
v  1.5556 -0.5755 -1.3805
v  1.6888 -0.3285 -1.0114
v  1.6924 -0.3755 -1.0897
v  1.7045 -0.2901 -0.9514
v  1.7920 -0.3115 -0.9825
v  1.7900 -0.3452 -1.0495
v  1.8053 -0.3917 -1.1291
v  1.8567 -0.3528 -1.0674
v  1.8867 -0.4047 -1.1373
v  1.8475 -0.3203 -0.9989
v  1.8922 -0.3281 -1.0097
v  1.9104 -0.3526 -1.0608
v  1.9574 -0.4049 -1.1222
v  2.0592 -0.1278 -0.6106
v  2.0723 -0.1208 -0.5340
v  2.1521 -0.1795 -0.5596
v  2.1519 -0.1597 -0.6406
v  2.1386 -0.1581 -0.7198
v  2.0447 -0.1277 -0.6706
v  2.1102 -0.0707 -0.4599
v  2.1913 -0.1360 -0.4706
v  1.6432 -0.6879 -1.4439
v  1.7217 -0.8147 -1.4725
v  1.7897 -0.6387 -1.3915
v  1.8793 -0.7723 -1.4185
v  1.7339 -0.4302 -1.1952
v  1.8063 -0.5129 -1.2878
v  1.8411 -0.4502 -1.2035
v  1.9035 -0.5253 -1.2686
v  1.9296 -0.4658 -1.1978
v  1.9877 -0.5400 -1.2403
v  2.0072 -0.4704 -1.1648
v  2.0709 -0.5446 -1.1976
v  2.0886 -0.4578 -1.1006
v  2.1481 -0.5297 -1.1164
v  2.0301 -0.3958 -1.0683
v  2.0947 -0.3640 -1.0042
v  2.1567 -0.4205 -1.0200
v  2.2212 -0.4910 -1.0303
v  2.1775 -0.3726 -0.9328
v  2.1779 -0.3224 -0.8474
v  2.2752 -0.3840 -0.8609
v  2.2566 -0.4343 -0.9412
v  2.1026 -0.3253 -0.9167
v  2.1034 -0.2744 -0.8423
v  2.2077 -0.2717 -0.7921
v  2.2268 -0.2384 -0.7262
v  2.3121 -0.3275 -0.7247
v  2.2964 -0.3462 -0.7909
v  2.1310 -0.2159 -0.7856
v  2.3074 -0.3210 -0.6430
v  2.2289 -0.2341 -0.6547
v  2.2222 -0.2450 -0.5631
v  2.3223 -0.3069 -0.5591
v  2.2782 -0.1991 -0.4776
v  2.3794 -0.2555 -0.4714
v  3.5965 -1.3085 0.5175
v  3.5900 -1.2110 0.3555
v  3.5684 -1.1710 0.4044
v  3.5690 -1.2641 0.5599
v  3.5491 -1.3496 0.7109
v  3.5714 -1.3956 0.6734
v  3.6027 -1.4471 0.6392
v  3.6243 -1.3560 0.4763
v  3.6218 -1.2610 0.3105
v  3.3995 -1.6193 1.1391
v  3.4798 -1.5485 0.9791
v  3.4611 -1.4955 1.0066
v  3.3765 -1.5672 1.1593
v  3.2768 -1.6233 1.2968
v  3.3005 -1.6756 1.2819
v  3.3165 -1.7298 1.2671
v  3.4195 -1.6741 1.1204
v  3.5055 -1.6027 0.9534
v  3.5601 -1.2138 0.6069
v  3.5608 -1.1158 0.4579
v  3.5312 -1.3012 0.7485
v  3.3411 -1.5208 1.1743
v  3.4281 -1.4489 1.0292
v  3.2410 -1.5762 1.3055
v  3.2015 -1.7685 1.3939
v  3.0807 -1.7955 1.5089
v  3.0800 -1.8491 1.4959
v  3.2046 -1.8239 1.3813
v  3.0674 -1.9021 1.4818
v  3.1962 -1.8795 1.3680
v  3.3212 -1.8466 1.2398
v  3.3243 -1.7873 1.2535
v  3.5215 -1.6673 0.9310
v  3.5814 -1.5907 0.7687
v  3.5602 -1.5272 0.7935
v  3.5231 -1.7320 0.9108
v  3.5875 -1.6549 0.7467
v  3.6338 -1.5724 0.5860
v  3.6251 -1.5072 0.6089
v  3.4207 -1.8562 1.0677
v  3.3846 -1.9062 1.0476
v  3.4817 -1.8423 0.8752
v  3.5113 -1.7880 0.8905
v  3.4348 -1.7997 1.0871
v  3.3054 -1.9038 1.2247
v  3.2713 -1.9560 1.2061
v  3.1954 -2.0270 1.0136
v  3.2887 -1.9748 0.8613
v  3.3634 -1.9440 0.8626
v  3.2682 -1.9985 1.0225
v  3.1588 -2.0447 1.1729
v  3.0874 -2.0728 1.1556
v  3.0940 -2.0333 1.3206
v  3.1431 -1.9867 1.3393
v  3.0038 -2.0023 1.4478
v  2.9529 -2.0462 1.4253
v  2.8904 -2.0790 1.3968
v  3.0332 -2.0718 1.2998
v  3.2204 -2.0032 1.1884
v  3.6524 -1.5425 0.3984
v  3.6315 -1.6069 0.3865
v  3.6338 -1.5207 0.2080
v  3.6535 -1.4515 0.2210
v  3.6576 -1.3873 0.2393
v  3.6585 -1.4820 0.4153
v  3.6266 -1.6309 0.5685
v  3.6044 -1.6912 0.5554
v  3.3655 -1.9229 0.7066
v  3.4202 -1.8646 0.5497
v  3.4939 -1.8192 0.5465
v  3.4412 -1.8857 0.7041
v  3.5079 -1.8327 0.7052
v  3.5547 -1.7700 0.7134
v  3.4301 -1.8975 0.8665
v  3.5585 -1.7591 0.5475
v  3.4559 -1.0470 -0.2017
v  3.4676 -1.1260 -0.2433
v  3.3602 -1.0542 -0.3618
v  3.3570 -0.9727 -0.3202
v  3.3346 -0.9003 -0.2631
v  3.4288 -0.9772 -0.1474
v  3.5196 -1.0626 -0.0114
v  3.5487 -1.1282 -0.0624
v  3.5630 -1.2035 -0.1025
v  2.4095 -0.4307 -0.7820
v  2.5587 -0.5162 -0.7560
v  2.5354 -0.5562 -0.8411
v  2.3877 -0.4653 -0.8598
v  2.4213 -0.4105 -0.7047
v  2.5680 -0.4883 -0.6716
v  2.4325 -0.3971 -0.6205
v  2.5851 -0.4688 -0.5833
v  2.4601 -0.3681 -0.5369
v  2.6119 -0.4407 -0.4994
v  3.4030 -0.9236 -0.0910
v  3.3117 -0.8452 -0.2034
v  3.3036 -0.7955 -0.1466
v  3.3842 -0.8824 -0.0336
v  3.4692 -0.9709 0.0975
v  3.4915 -1.0114 0.0422
v  2.5096 -0.3151 -0.4585
v  2.6523 -0.3810 -0.4307
v  3.3942 -0.8270 0.0245
v  3.3072 -0.7488 -0.0849
v  3.4735 -0.9166 0.1556
v  2.3548 -0.5141 -0.9486
v  2.2942 -0.5721 -1.0339
v  2.4794 -0.6074 -0.9301
v  2.3931 -0.6644 -1.0136
v  1.8080 -1.0811 -1.4388
v  1.7756 -0.9513 -1.4659
v  1.9472 -0.9105 -1.4168
v  1.9756 -1.0429 -1.3808
v  1.9011 -0.6239 -1.3464
v  1.9921 -0.7518 -1.3678
v  1.9938 -0.6231 -1.3126
v  2.0811 -0.7438 -1.3221
v  2.0690 -0.6347 -1.2652
v  2.1583 -0.7425 -1.2676
v  2.1483 -0.6324 -1.2108
v  2.2396 -0.7314 -1.2031
v  2.2222 -0.6126 -1.1260
v  2.3138 -0.7060 -1.1109
v  2.6438 -0.7135 -0.8676
v  2.8091 -0.8174 -0.7732
v  2.6986 -0.8818 -0.8596
v  2.5352 -0.7664 -0.9508
v  2.7162 -0.6622 -0.7836
v  2.8858 -0.7681 -0.6982
v  2.7436 -0.6162 -0.7003
v  2.9163 -0.7166 -0.6237
v  2.7488 -0.5803 -0.6186
v  2.9198 -0.6701 -0.5511
v  2.7562 -0.5518 -0.5357
v  2.9160 -0.6298 -0.4793
v  2.7661 -0.5228 -0.4557
v  2.9174 -0.5857 -0.4126
v  2.8002 -0.4528 -0.3955
v  2.9353 -0.5235 -0.3505
v  3.4308 -1.2684 -0.2842
v  3.3089 -1.1918 -0.4050
v  3.3419 -1.1241 -0.3841
v  3.4585 -1.1977 -0.2664
v  3.5558 -1.2750 -0.1251
v  3.5301 -1.3469 -0.1413
v  3.5874 -1.6008 0.1988
v  3.5198 -1.6744 0.1986
v  3.4847 -1.5927 0.0139
v  3.5519 -1.5139 0.0150
v  3.4123 -1.5088 -0.1591
v  3.4792 -1.4267 -0.1563
v  3.5989 -1.4320 0.0280
v  3.2197 -1.0474 -0.4900
v  3.0866 -0.9715 -0.5812
v  3.1327 -0.9164 -0.5348
v  3.2506 -0.9832 -0.4579
v  3.1762 -1.1118 -0.5195
v  3.0305 -1.0319 -0.6236
v  3.2563 -0.9076 -0.4114
v  3.2411 -0.8391 -0.3522
v  3.1507 -0.8498 -0.4832
v  3.1453 -0.7871 -0.4236
v  3.0440 -0.7907 -0.5515
v  3.0447 -0.7350 -0.4872
v  3.0178 -0.8489 -0.6143
v  2.9559 -0.8988 -0.6780
v  2.8816 -0.9584 -0.7316
v  3.2227 -0.7854 -0.2903
v  3.1323 -0.7360 -0.3606
v  3.1314 -0.6827 -0.3030
v  3.2192 -0.7327 -0.2335
v  3.0357 -0.6876 -0.4217
v  3.0352 -0.6360 -0.3621
v  3.2239 -0.6845 -0.1705
v  3.1365 -0.6337 -0.2395
v  3.0436 -0.5819 -0.2986
v  1.7750 -1.2619 -1.3036
v  1.8090 -1.1864 -1.3834
v  1.9551 -1.1477 -1.3220
v  1.9049 -1.2282 -1.2528
v  2.0639 -0.8876 -1.3618
v  2.0933 -1.0205 -1.3264
v  2.1462 -0.8764 -1.3026
v  2.1724 -1.0054 -1.2621
v  2.2318 -0.8660 -1.2397
v  2.2793 -0.9905 -1.2025
v  2.3332 -0.8454 -1.1658
v  2.4057 -0.9778 -1.1023
v  2.4142 -0.8153 -1.0484
v  2.5213 -0.9090 -0.9904
v  2.5719 -0.9795 -0.9503
v  2.6846 -0.9993 -0.8680
v  2.6234 -1.0887 -0.8847
v  2.5124 -1.0436 -0.9884
v  2.8189 -1.0472 -0.7600
v  2.9734 -1.1169 -0.6533
v  2.9118 -1.2090 -0.6731
v  2.7487 -1.1378 -0.7663
v  3.1196 -1.1929 -0.5458
v  3.2527 -1.2696 -0.4272
v  3.1850 -1.3557 -0.4347
v  3.0550 -1.2827 -0.5604
v  3.1158 -1.4501 -0.4062
v  3.2354 -1.5228 -0.2773
v  3.3108 -1.4335 -0.3100
v  3.3348 -1.5894 -0.1353
v  2.0149 -1.2108 -1.2072
v  2.0697 -1.1293 -1.2724
v  2.1602 -1.1151 -1.2179
v  2.1191 -1.2080 -1.1669
v  2.2197 -1.2038 -1.1197
v  2.2689 -1.1043 -1.1644
v  2.3767 -1.1056 -1.0951
v  2.3146 -1.2053 -1.0565
v  2.3911 -1.2138 -0.9633
v  2.4583 -1.1260 -0.9924
v  2.5530 -1.1634 -0.8811
v  2.4750 -1.2320 -0.8579
v  2.8883 -1.4317 -0.5307
v  2.7536 -1.3536 -0.6752
v  2.8395 -1.2912 -0.6805
v  2.9844 -1.3713 -0.5480
v  2.6779 -1.2114 -0.7711
v  2.6039 -1.2790 -0.7678
v  2.7559 -1.4532 -0.5440
v  2.6594 -1.3906 -0.6663
v  2.6069 -1.4566 -0.5769
v  2.5786 -1.4150 -0.6526
v  2.4419 -1.4462 -0.6100
v  2.4637 -1.3965 -0.6964
v  2.2717 -1.4473 -0.6305
v  2.2821 -1.3843 -0.7424
v  1.5994 -1.4712 -0.6111
v  1.5868 -1.4610 -0.6901
v  1.7086 -1.4621 -0.6778
v  1.7195 -1.4732 -0.6051
v  2.5255 -1.3399 -0.7464
v  2.3899 -1.3043 -0.8144
v  1.5669 -1.4508 -0.7535
v  1.4501 -1.4219 -0.7682
v  1.4171 -1.4113 -0.8286
v  1.5330 -1.4605 -0.8043
v  1.6580 -1.4637 -0.7869
v  1.6897 -1.4576 -0.7381
v  1.8441 -1.4762 -0.6057
v  1.9756 -1.4689 -0.6119
v  1.8304 -1.4440 -0.6750
v  1.9608 -1.4345 -0.6864
v  2.1162 -1.4559 -0.6245
v  2.1048 -1.4181 -0.7119
v  0.6321 -1.4882 -1.0159
v  0.6611 -1.5734 -1.0243
v  0.7651 -1.5180 -0.9584
v  0.6990 -1.4476 -0.9426
v  1.0445 -1.4532 -0.9548
v  0.9982 -1.5166 -0.9646
v  1.0879 -1.5530 -0.9335
v  1.1426 -1.4845 -0.9563
v  1.1920 -1.5856 -0.8713
v  1.2457 -1.5249 -0.8936
v  1.3134 -1.4487 -0.9403
v  1.1978 -1.4136 -0.9523
v  1.0928 -1.4025 -0.9240
v  0.7796 -1.3009 -0.8377
v  0.8768 -1.3462 -0.8374
v  0.8151 -1.2664 -0.8218
v  0.7826 -1.2507 -0.8288
v  0.7510 -1.3742 -0.8781
v  0.8262 -1.4213 -0.8984
v  0.8813 -1.4338 -0.9065
v  0.9325 -1.3804 -0.8471
v  0.8527 -1.4936 -0.9534
v  0.9002 -1.4802 -0.9362
v  0.9278 -1.4468 -0.9008
v  0.9716 -1.4021 -0.8512
v  0.9309 -1.5000 -0.9496
v  0.9769 -1.4508 -0.9211
v  1.0221 -1.4057 -0.8834
v  1.3441 -1.3905 -0.7657
v  1.3092 -1.3700 -0.8304
v  1.2384 -1.3721 -0.7515
v  1.2046 -1.3553 -0.8123
v  0.8239 -1.2204 -0.7667
v  0.8779 -1.2708 -0.7291
v  0.8513 -1.2478 -0.7859
v  0.9459 -1.3066 -0.7478
v  0.9265 -1.3168 -0.7952
v  0.8454 -1.2628 -0.8053
v  1.2599 -1.3632 -0.9057
v  1.1522 -1.3582 -0.8787
v  1.3708 -1.4074 -0.8932
v  1.1569 -1.4017 -0.6008
v  1.1397 -1.3799 -0.6711
v  1.0376 -1.3643 -0.5918
v  1.0139 -1.3471 -0.6601
v  1.0122 -1.3629 -0.8055
v  1.0709 -1.3683 -0.8372
v  1.1101 -1.3607 -0.7810
v  1.0381 -1.3489 -0.7556
v  1.0019 -1.3364 -0.7151
v  0.9956 -1.3355 -0.7492
v  1.0427 -1.3459 -0.7108
v  0.9727 -1.3210 -0.7002
v  0.9110 -1.2984 -0.6870
v  0.9288 -1.3212 -0.6407
v  1.1278 -1.3668 -0.7291
v  0.9510 -1.3391 -0.5864
v  0.9735 -1.3433 -0.7956
v  0.5152 -1.6530 -1.4748
v  0.4436 -1.6975 -1.4324
v  0.5501 -1.7246 -1.4619
v  0.4876 -1.7771 -1.4157
v  0.7227 -1.6015 -1.4969
v  0.6627 -1.6791 -1.4527
v  0.7813 -1.6346 -1.4818
v  0.7196 -1.7070 -1.4348
v  0.7856 -1.7415 -1.4128
v  0.8466 -1.6734 -1.4578
v  0.9257 -1.7140 -1.4332
v  0.8705 -1.7777 -1.3888
v  1.0256 -1.7526 -1.4139
v  1.1241 -1.7731 -1.3977
v  1.0985 -1.8306 -1.3428
v  0.9840 -1.8116 -1.3654
v  1.1967 -1.7640 -1.3923
v  1.2739 -1.7333 -1.3924
v  1.2717 -1.8036 -1.3220
v  1.1866 -1.8264 -1.3307
v  1.3880 -1.6875 -1.3837
v  1.5079 -1.6408 -1.3410
v  1.4824 -1.7285 -1.2756
v  1.3754 -1.7648 -1.3054
v  1.5337 -1.9213 -1.1588
v  1.4612 -1.9137 -1.1719
v  1.4737 -1.8226 -1.2199
v  1.5584 -1.8203 -1.1939
v  1.5778 -1.7141 -1.2312
v  1.6642 -1.7108 -1.1897
v  1.6420 -1.8226 -1.1709
v  1.6111 -1.9434 -1.1438
v  1.3764 -1.8426 -1.2404
v  1.2754 -1.8670 -1.2578
v  1.3713 -1.9190 -1.1860
v  1.2710 -1.9289 -1.2032
v  1.1657 -1.9320 -1.2244
v  1.0524 -1.9315 -1.2559
v  1.0753 -1.8818 -1.2950
v  1.1793 -1.8814 -1.2743
v  0.9511 -1.8675 -1.3281
v  0.8296 -1.8376 -1.3556
v  0.9265 -1.9282 -1.3031
v  0.8031 -1.9076 -1.3424
v  0.7362 -1.8037 -1.3762
v  0.6640 -1.7728 -1.3972
v  0.7021 -1.8753 -1.3657
v  0.6184 -1.8477 -1.3875
v  0.6026 -1.7545 -1.4288
v  0.5469 -1.8212 -1.4024
v  0.4225 -1.6954 -1.3428
v  0.4572 -1.7854 -1.3353
v  0.4669 -1.7766 -1.2503
v  0.4371 -1.6847 -1.2503
v  1.6035 -1.6168 -1.2692
v  1.6830 -1.6098 -1.2052
v  1.6209 -1.5259 -1.2837
v  1.6965 -1.5213 -1.2106
v  1.6199 -1.4585 -1.2624
v  1.6989 -1.4502 -1.1982
v  1.6191 -1.4131 -1.2243
v  1.6951 -1.4061 -1.1679
v  1.7388 -1.7047 -1.1568
v  1.7458 -1.6077 -1.1625
v  1.7548 -1.5230 -1.1628
v  1.8048 -1.5243 -1.1102
v  1.8049 -1.6037 -1.1181
v  1.8087 -1.6948 -1.1156
v  1.7352 -1.8116 -1.1485
v  1.8206 -1.7927 -1.1027
v  1.8316 -1.8917 -1.0859
v  1.7338 -1.9133 -1.1330
v  1.7440 -1.9975 -1.1148
v  1.7511 -2.0732 -1.1021
v  1.6664 -2.0737 -1.0884
v  1.6471 -2.0142 -1.1118
v  1.8424 -1.9833 -1.0826
v  1.8462 -2.0695 -1.0907
v  1.5406 -2.0076 -1.0914
v  1.6018 -2.0773 -1.0517
v  1.5783 -2.0343 -1.0691
v  1.5626 -2.0796 -0.9994
v  1.5498 -2.0371 -1.0010
v  1.5087 -2.0140 -1.0147
v  1.4919 -1.9913 -1.1065
v  1.4239 -1.9804 -1.1176
v  1.4525 -2.0062 -1.0310
v  1.3807 -2.0029 -1.0479
v  1.3377 -1.9772 -1.1291
v  1.2399 -1.9800 -1.1473
v  1.2959 -2.0026 -1.0616
v  1.2019 -1.9975 -1.0805
v  1.1355 -1.9730 -1.1739
v  1.0241 -1.9722 -1.2109
v  1.1025 -1.9871 -1.1144
v  0.9965 -1.9858 -1.1514
v  0.7844 -1.9383 -1.2822
v  0.9027 -1.9633 -1.2497
v  0.8853 -1.9710 -1.1851
v  0.7766 -1.9481 -1.2146
v  0.4993 -1.6878 -1.1714
v  0.5968 -1.6798 -1.1051
v  0.5234 -1.7709 -1.1730
v  0.6222 -1.7498 -1.1119
v  0.5198 -1.8383 -1.3311
v  0.5947 -1.8747 -1.3245
v  0.5905 -1.8857 -1.2542
v  0.5178 -1.8427 -1.2545
v  0.6824 -1.9076 -1.3073
v  0.6783 -1.9179 -1.2394
v  0.5606 -1.8278 -1.1820
v  0.6386 -1.8021 -1.1258
v  0.6178 -1.8624 -1.1875
v  0.6533 -1.8383 -1.1413
v  0.8785 -1.5466 -0.9685
v  0.8013 -1.6023 -0.9773
v  0.8655 -1.6739 -0.9845
v  0.9442 -1.5852 -0.9640
v  0.6947 -1.8894 -1.1741
v  0.7156 -1.8427 -1.1181
v  0.7843 -1.9126 -1.1484
v  0.8030 -1.8534 -1.0876
v  0.6993 -1.6500 -1.0305
v  0.7311 -1.7187 -1.0475
v  0.7315 -1.7836 -1.0767
v  0.8333 -1.7746 -1.0343
v  1.0333 -1.6198 -0.9288
v  0.9809 -1.6937 -0.9499
v  1.0840 -1.7124 -0.9037
v  1.1380 -1.6464 -0.8756
v  1.0855 -1.9497 -1.0477
v  1.0957 -1.8802 -0.9838
v  0.9936 -1.8693 -1.0259
v  0.9831 -1.9415 -1.0865
v  1.1830 -1.9607 -1.0110
v  1.1939 -1.8952 -0.9441
v  0.8823 -1.9273 -1.1209
v  0.8962 -1.8604 -1.0596
v  0.9323 -1.7774 -0.9997
v  1.0324 -1.7891 -0.9613
v  1.2701 -1.9752 -0.9888
v  1.3511 -1.9862 -0.9739
v  1.3593 -1.9405 -0.8970
v  1.2783 -1.9189 -0.9153
v  1.1366 -1.8018 -0.9145
v  1.1935 -1.7261 -0.8521
v  1.2395 -1.8203 -0.8684
v  1.3067 -1.7407 -0.8067
v  1.4296 -1.9901 -0.9577
v  1.4945 -2.0007 -0.9450
v  1.5142 -1.9771 -0.8722
v  1.4433 -1.9553 -0.8812
v  1.5395 -2.0273 -0.9426
v  1.5487 -2.0752 -0.9461
v  1.5609 -2.0713 -0.8823
v  1.5565 -2.0175 -0.8767
v  1.9126 -1.9689 -1.0129
v  1.9492 -1.9626 -0.9324
v  1.9614 -2.0505 -0.9359
v  1.9261 -2.0582 -1.0254
v  1.9008 -1.8755 -1.0132
v  1.9336 -1.8723 -0.9320
v  1.8884 -1.7749 -1.0264
v  1.8761 -1.6778 -1.0391
v  1.8962 -1.6820 -0.9430
v  1.9154 -1.7747 -0.9382
v  1.8592 -1.5915 -1.0352
v  1.8289 -1.5260 -1.0211
v  1.8128 -1.5644 -0.9334
v  1.8617 -1.6127 -0.9378
v  1.2572 -1.6604 -0.8211
v  1.3195 -1.5994 -0.8169
v  1.3816 -1.6704 -0.7810
v  1.4513 -1.6056 -0.7910
v  1.3371 -1.8461 -0.8365
v  1.4195 -1.7647 -0.7747
v  1.4302 -1.8751 -0.8167
v  1.5244 -1.7960 -0.7582
v  1.4990 -1.6890 -0.7646
v  1.5616 -1.6184 -0.7893
v  1.6003 -1.7164 -0.7639
v  1.6508 -1.6386 -0.7957
v  1.6802 -1.7537 -0.7713
v  1.7497 -1.7902 -0.7783
v  1.7820 -1.7002 -0.8095
v  1.7217 -1.6678 -0.8024
v  1.6127 -1.8372 -0.7463
v  1.7062 -1.8974 -0.7406
v  1.8435 -1.6672 -0.8731
v  1.7981 -1.6269 -0.8655
v  1.8313 -1.7326 -0.8259
v  1.8616 -1.7588 -0.8444
v  1.8766 -1.7223 -0.8795
v  1.5184 -1.9044 -0.8053
v  1.5915 -1.9435 -0.8049
v  1.9476 -1.9733 -0.8662
v  1.9612 -2.0550 -0.8662
v  1.9259 -1.8906 -0.8683
v  1.8891 -1.9076 -0.8193
v  1.9079 -1.9882 -0.8155
v  1.9233 -2.0641 -0.8146
v  1.9006 -1.8028 -0.8767
v  1.8726 -1.8235 -0.8318
v  1.8186 -1.8161 -0.7974
v  1.8154 -1.9067 -0.7829
v  1.8333 -1.9941 -0.7728
v  1.7359 -1.9989 -0.7581
v  1.7592 -2.0957 -0.7524
v  1.8581 -2.0692 -0.7742
v  1.6338 -2.0063 -0.8081
v  1.6336 -2.0774 -0.8076
v  1.8374 -2.1656 -0.7614
v  1.8804 -2.1248 -0.7805
v  1.9082 -2.2090 -0.7864
v  1.9316 -2.1368 -0.8063
v  1.9496 -2.2283 -0.8512
v  1.9632 -2.2405 -0.9369
v  1.9721 -2.1425 -0.9394
v  1.9684 -2.1407 -0.8601
v  1.4859 -1.4616 -0.8503
v  1.4353 -1.4778 -0.8952
v  1.5625 -1.4947 -0.8604
v  1.6078 -1.4881 -0.8207
v  1.3744 -1.5422 -0.8504
v  1.4997 -1.5512 -0.8300
v  1.9275 -1.4062 -0.7542
v  1.8087 -1.4352 -0.7388
v  1.7730 -1.4433 -0.7908
v  1.8826 -1.4223 -0.8141
v  1.7223 -1.4686 -0.8291
v  1.6863 -1.4817 -0.8652
v  1.7683 -1.4727 -0.8776
v  1.8203 -1.4528 -0.8532
v  2.1769 -1.3399 -0.8372
v  2.0549 -1.3750 -0.7894
v  1.9910 -1.4059 -0.8577
v  2.0933 -1.3653 -0.9309
v  2.0524 -1.3527 -1.0150
v  2.0071 -1.3294 -1.0628
v  2.0605 -1.2874 -1.1065
v  2.1464 -1.2888 -1.0594
v  2.2229 -1.2914 -0.9938
v  2.2952 -1.2896 -0.9053
v  1.6523 -1.3657 -1.1467
v  1.7149 -1.3122 -1.2144
v  1.8361 -1.2921 -1.1730
v  1.7604 -1.3595 -1.0905
v  1.7385 -1.5884 -0.8613
v  1.6740 -1.5597 -0.8514
v  1.7536 -1.5232 -0.9347
v  1.6930 -1.4926 -0.9419
v  1.5961 -1.5543 -0.8326
v  1.6341 -1.5054 -0.8828
v  1.7083 -1.4775 -0.9135
v  1.8016 -1.4638 -0.9183
v  1.7269 -1.4453 -0.9772
v  1.8282 -1.4338 -0.9742
v  1.9040 -1.4416 -0.8992
v  1.9480 -1.4146 -0.9590
v  1.9092 -1.3367 -1.0700
v  1.9517 -1.2787 -1.1375
v  1.6348 -1.3882 -1.1812
v  1.7020 -1.3968 -1.1286
v  1.7311 -1.4109 -1.1069
v  1.7370 -1.4193 -1.0791
v  1.7712 -1.4368 -1.0791
v  1.7461 -1.4205 -1.1251
v  1.9355 -1.3876 -1.0187
v  1.8146 -1.3938 -1.0268
v  1.7526 -1.4573 -1.0168
v  1.7232 -1.4249 -1.0398
v  1.7557 -1.4574 -1.1484
v  1.7933 -1.4674 -1.0912
v  1.7853 -1.4819 -1.0110
v  2.6685 -1.9623 1.7588
v  2.6983 -1.9159 1.7754
v  2.5845 -1.8806 1.8290
v  2.5615 -1.9208 1.8198
v  2.5125 -1.9752 1.8084
v  2.6199 -2.0070 1.7293
v  2.7405 -2.0193 1.6428
v  2.7885 -1.9757 1.6716
v  2.8219 -1.9299 1.6946
v  2.5565 -2.0475 1.6839
v  2.4536 -2.0389 1.7473
v  2.3463 -2.0590 1.6987
v  2.4784 -2.0661 1.6353
v  2.6090 -2.0753 1.5622
v  2.6793 -2.0554 1.6055
v  1.9529 -1.8518 2.1549
v  1.9286 -1.8168 2.1569
v  1.8871 -1.8526 2.2018
v  1.9171 -1.8925 2.1955
v  1.9289 -1.9350 2.1676
v  1.9634 -1.8889 2.1348
v  2.0030 -1.8466 2.0983
v  1.9898 -1.8100 2.1091
v  1.9701 -1.7807 2.1086
v  1.8519 -1.8055 2.1969
v  1.9015 -1.7819 2.1497
v  1.9481 -1.7539 2.0991
v  2.0391 -1.7778 2.0672
v  2.0196 -1.7484 2.0630
v  2.0507 -1.8107 2.0602
v  2.0988 -1.7499 2.0222
v  2.1109 -1.7840 2.0196
v  2.0830 -1.7225 2.0215
v  2.0028 -1.7303 2.0593
v  2.0632 -1.7054 2.0175
v  2.1460 -1.6878 1.9848
v  2.2250 -1.6714 1.9457
v  2.1660 -1.7058 1.9848
v  2.2634 -1.7068 1.9383
v  2.6425 -1.6811 1.7962
v  2.5134 -1.6790 1.8455
v  2.5448 -1.7213 1.8508
v  2.6747 -1.7262 1.8047
v  2.8067 -1.7211 1.7321
v  2.7731 -1.6735 1.7239
v  2.1825 -1.7382 1.9836
v  2.2644 -1.7404 1.9376
v  2.1902 -1.7687 1.9797
v  2.2694 -1.7704 1.9352
v  2.4177 -1.6724 1.8724
v  2.3564 -1.6676 1.8872
v  2.3853 -1.7016 1.8918
v  2.4464 -1.7099 1.8767
v  2.4835 -1.8669 1.8558
v  2.4151 -1.8115 1.8742
v  2.4051 -1.8356 1.8726
v  2.4631 -1.8969 1.8543
v  2.4935 -1.8358 1.8587
v  2.4209 -1.7895 1.8749
v  2.3420 -1.7684 1.9000
v  2.3481 -1.7483 1.8990
v  2.3400 -1.7939 1.8974
v  2.2951 -1.6668 1.9129
v  2.3290 -1.7005 1.9109
v  2.9588 -1.8684 1.6068
v  2.9429 -1.9200 1.5913
v  2.9617 -1.8156 1.6202
v  2.8405 -1.8266 1.7221
v  2.8382 -1.8787 1.7096
v  2.4977 -1.8081 1.8611
v  2.4315 -1.7724 1.8727
v  2.5932 -1.8434 1.8371
v  2.5883 -1.8053 1.8436
v  2.4922 -1.7815 1.8640
v  2.4416 -1.7628 1.8708
v  2.6983 -1.7746 1.8046
v  2.5700 -1.7648 1.8486
v  2.7120 -1.8227 1.7984
v  2.8296 -1.7735 1.7306
v  2.4704 -1.7491 1.8699
v  2.4130 -1.7383 1.8781
v  2.3736 -1.7385 1.8892
v  2.3935 -2.0381 1.7837
v  2.4432 -1.9831 1.8299
v  2.3892 -1.9812 1.8450
v  2.3468 -2.0281 1.8132
v  2.2777 -2.0602 1.7889
v  2.3067 -2.0609 1.7524
v  2.3813 -1.8565 1.8715
v  2.3467 -1.8742 1.8656
v  2.3790 -1.9212 1.8585
v  2.4261 -1.9120 1.8558
v  2.3250 -1.8198 1.8941
v  2.2997 -1.8442 1.8839
v  2.2626 -1.8019 1.9313
v  2.2447 -1.8315 1.9167
v  2.1905 -1.8039 1.9722
v  2.1831 -1.8366 1.9564
v  2.1165 -1.8220 2.0085
v  2.1163 -1.8580 1.9891
v  2.0545 -1.8532 2.0417
v  2.0553 -1.8926 2.0152
v  2.0041 -1.8935 2.0735
v  1.9971 -1.9467 2.0384
v  1.9625 -1.9385 2.1021
v  1.9545 -1.9915 2.0656
v  1.9257 -1.9871 2.1279
v  1.9125 -2.0361 2.0837
v  2.1892 -2.2480 2.0289
v  2.1924 -2.2531 2.0031
v  2.2194 -2.1523 1.9820
v  2.2139 -2.1400 2.0048
v  2.2507 -2.0573 1.9562
v  2.2420 -2.0426 1.9789
v  2.2194 -2.0352 1.9963
v  2.1994 -2.1318 2.0245
v  2.1782 -2.2435 2.0526
v  2.1783 -2.1225 2.0475
v  2.1618 -2.2364 2.0777
v  2.1906 -2.0293 2.0180
v  2.1540 -2.0362 2.0465
v  2.1479 -2.1252 2.0756
v  2.1371 -2.2377 2.1060
v  2.1053 -2.1541 2.1107
v  2.0993 -2.2600 2.1367
v  2.1068 -2.0693 2.0826
v  2.0561 -2.1099 2.1137
v  2.0555 -2.1896 2.1395
v  2.0495 -2.2861 2.1590
v  2.0115 -2.2138 2.1355
v  2.0030 -2.3018 2.1500
v  2.0160 -2.1423 2.1127
v  1.9914 -2.1706 2.0858
v  1.9835 -2.2366 2.1079
v  1.9740 -2.3205 2.1233
v  1.9940 -2.3983 2.1562
v  1.9960 -2.4784 2.1443
v  2.0343 -2.4519 2.1425
v  2.0405 -2.3907 2.1602
v  1.9645 -2.4097 2.1272
v  1.9685 -2.4646 2.1244
v  1.9645 -2.2719 2.0516
v  1.9572 -2.3551 2.0770
v  1.9678 -2.2033 2.0233
v  1.9664 -2.2321 1.9492
v  1.9704 -2.3055 1.9880
v  1.9653 -2.3896 2.0256
v  1.9969 -2.3220 1.9434
v  2.0330 -2.3257 1.9121
v  2.0308 -2.4079 1.9583
v  1.9935 -2.4065 1.9857
v  1.9911 -2.2476 1.8965
v  2.0307 -2.2514 1.8618
v  2.0757 -2.3126 1.9018
v  2.1158 -2.2883 1.9007
v  2.0997 -2.3707 1.9392
v  2.0674 -2.3959 1.9441
v  2.0830 -2.2375 1.8515
v  2.1370 -2.2168 1.8490
v  2.0834 -2.3768 2.1432
v  2.0498 -2.4653 2.1246
v  2.0765 -2.4613 2.1060
v  2.1179 -2.3636 2.1218
v  1.9566 -2.4335 2.0865
v  1.9723 -2.4959 2.0946
v  1.9704 -2.4557 2.0452
v  1.9922 -2.5038 2.0580
v  2.1411 -2.3600 2.0963
v  2.0996 -2.4581 2.0859
v  2.1214 -2.4510 2.0630
v  2.1568 -2.3582 2.0702
v  2.0158 -2.5163 2.1174
v  2.0411 -2.5198 2.0824
v  2.0613 -2.5093 2.0543
v  2.0172 -2.4981 2.0296
v  2.0467 -2.4837 2.0057
v  2.0819 -2.4912 2.0292
v  1.9985 -2.4630 2.0121
v  2.0324 -2.4577 1.9864
v  2.1731 -2.3379 2.0121
v  2.1560 -2.3977 2.0029
v  2.1602 -2.3500 1.9762
v  2.1714 -2.3229 1.9887
v  2.1755 -2.2816 1.9515
v  2.1858 -2.2616 1.9747
v  2.1694 -2.3505 2.0414
v  2.1439 -2.4328 2.0340
v  2.2138 -2.1738 1.9520
v  2.2076 -2.1973 1.9246
v  2.2454 -2.1167 1.9018
v  2.2496 -2.0856 1.9281
v  2.1532 -2.2572 1.8995
v  2.1849 -2.2293 1.9009
v  2.1495 -2.3097 1.9323
v  2.1271 -2.3359 1.9334
v  2.1830 -2.1854 1.8587
v  2.2203 -2.1576 1.8695
v  2.1330 -2.3762 1.9531
v  2.1178 -2.3831 1.9489
v  2.1125 -2.4278 1.9711
v  2.0978 -2.4168 1.9576
v  2.2018 -2.2130 1.9086
v  2.2406 -2.1386 1.8830
v  2.1644 -2.2944 1.9381
v  2.1476 -2.3665 1.9634
v  2.1330 -2.4252 1.9866
v  2.0672 -2.4426 1.9690
v  2.0807 -2.4630 1.9873
v  2.1081 -2.4660 2.0078
v  1.9407 -2.0398 2.0324
v  1.9227 -2.0775 1.9922
v  1.9485 -2.0688 1.9971
v  1.9719 -2.0224 2.0347
v  1.8981 -2.0706 2.0433
v  1.8748 -2.1000 1.9894
v  1.8920 -2.0388 2.1528
v  1.8739 -2.0873 2.1098
v  1.8960 -1.9822 2.1941
v  1.8620 -2.0230 2.2134
v  1.8589 -2.0812 2.1741
v  1.8420 -2.1304 2.1367
v  1.8361 -1.9700 2.2448
v  1.8765 -1.9326 2.2261
v  1.8407 -1.8837 2.2406
v  1.7865 -1.9192 2.2775
v  1.7992 -1.8299 2.2384
v  1.7435 -1.8549 2.2731
v  1.3191 -2.3468 2.1437
v  1.3618 -2.3421 2.1033
v  1.3894 -2.3368 2.1258
v  1.3483 -2.3449 2.1601
v  1.3166 -2.3332 2.2097
v  1.2993 -2.3153 2.1981
v  1.6878 -1.8787 2.3049
v  1.6287 -1.9026 2.3356
v  1.6602 -1.9418 2.3454
v  1.7189 -1.9272 2.3116
v  1.5625 -1.9311 2.3630
v  1.4950 -1.9622 2.3939
v  1.5176 -1.9872 2.4067
v  1.5896 -1.9614 2.3753
v  1.4290 -2.0056 2.4174
v  1.3692 -2.0522 2.4359
v  1.3911 -2.0732 2.4467
v  1.4502 -2.0268 2.4311
v  1.2862 -2.1505 2.4195
v  1.3061 -2.1706 2.4309
v  1.3430 -2.1217 2.4467
v  1.3208 -2.1015 2.4366
v  1.2664 -2.1963 2.3858
v  1.2845 -2.2167 2.3946
v  1.2783 -2.2304 2.3273
v  1.2856 -2.2576 2.3398
v  1.3002 -2.2645 2.2601
v  1.3006 -2.2979 2.2743
v  1.8060 -2.0063 2.2570
v  1.8264 -2.0495 2.2220
v  1.7717 -1.9773 2.2908
v  1.7529 -2.0151 2.2910
v  1.7789 -2.0364 2.2582
v  1.8041 -2.0704 2.2312
v  1.7267 -1.9708 2.3175
v  1.7224 -2.0062 2.3226
v  1.6745 -1.9783 2.3491
v  1.6790 -2.0082 2.3540
v  1.8331 -2.1040 2.1906
v  1.8190 -2.1494 2.1562
v  1.8211 -2.1186 2.2036
v  1.8079 -2.1604 2.1704
v  1.8012 -2.1766 2.1306
v  1.7823 -2.2011 2.1125
v  1.8079 -2.1832 2.0845
v  1.8263 -2.1584 2.1070
v  1.7899 -2.1897 2.1470
v  1.7718 -2.2180 2.1292
v  1.7486 -2.2269 2.0984
v  1.7044 -2.2441 2.0918
v  1.7205 -2.2394 2.0584
v  1.7728 -2.2163 2.0667
v  1.7407 -2.2461 2.1139
v  1.6994 -2.2640 2.1074
v  1.3670 -2.1426 2.4536
v  1.4132 -2.0967 2.4529
v  1.3302 -2.1906 2.4390
v  1.3537 -2.2051 2.4371
v  1.3899 -2.1607 2.4466
v  1.4297 -2.1175 2.4575
v  1.3012 -2.2392 2.4093
v  1.3231 -2.2537 2.4136
v  1.2883 -2.2858 2.3581
v  1.3008 -2.3044 2.3713
v  1.2941 -2.3309 2.2884
v  1.2985 -2.3515 2.3005
v  1.3194 -2.3631 2.2199
v  1.3247 -2.3829 2.2320
v  1.3614 -2.3708 2.1720
v  1.4099 -2.3605 2.1441
v  1.4197 -2.3912 2.1499
v  1.3677 -2.3960 2.1808
v  1.4567 -2.3465 2.1253
v  1.4706 -2.3799 2.1335
v  1.4350 -2.3205 2.1018
v  1.4871 -2.3032 2.0826
v  1.5057 -2.3241 2.1149
v  1.5212 -2.3610 2.1221
v  1.4564 -2.5073 2.5861
v  1.4842 -2.5179 2.5921
v  1.5096 -2.4193 2.5633
v  1.4698 -2.4128 2.5615
v  1.4315 -2.4052 2.5596
v  1.4307 -2.4967 2.5777
v  1.4316 -2.5553 2.5921
v  1.4434 -2.5850 2.6121
v  1.4617 -2.6020 2.6255
v  1.5468 -2.5384 2.2826
v  1.5002 -2.5677 2.3114
v  1.4805 -2.5291 2.2691
v  1.5234 -2.5093 2.2464
v  1.5667 -2.4783 2.2236
v  1.5953 -2.4966 2.2535
v  1.6201 -2.4968 2.2896
v  1.5704 -2.5546 2.3214
v  1.5205 -2.5968 2.3555
v  1.6024 -2.5737 2.4072
v  1.5626 -2.6365 2.4352
v  1.5504 -2.6225 2.4099
v  1.5958 -2.5620 2.3805
v  1.6415 -2.4883 2.3502
v  1.6459 -2.4955 2.3779
v  1.6487 -2.5028 2.4106
v  1.6048 -2.5854 2.4408
v  1.5749 -2.6285 2.4578
v  1.5857 -2.5580 2.3540
v  1.5373 -2.6116 2.3867
v  1.6330 -2.4900 2.3219
v  1.3919 -2.5665 2.4430
v  1.4230 -2.5826 2.3946
v  1.4439 -2.6259 2.4381
v  1.4084 -2.6105 2.4792
v  1.3880 -2.5836 2.5059
v  1.3761 -2.5411 2.4873
v  1.3613 -2.4866 2.4632
v  1.3749 -2.5165 2.4097
v  1.4024 -2.5355 2.3549
v  1.4604 -2.5835 2.3484
v  1.4387 -2.5399 2.3036
v  1.4815 -2.6212 2.3951
v  1.5914 -2.5835 2.4827
v  1.5491 -2.6424 2.4938
v  1.6355 -2.4940 2.4499
v  1.6138 -2.4750 2.4885
v  1.5740 -2.5726 2.5259
v  1.5302 -2.6403 2.5398
v  1.5579 -2.5514 2.5668
v  1.5924 -2.4489 2.5266
v  1.5701 -2.4256 2.5587
v  1.5350 -2.5296 2.5951
v  1.5230 -2.5952 2.6125
v  1.5217 -2.6286 2.5868
v  1.4038 -2.4978 2.5537
v  1.4050 -2.5824 2.5710
v  1.4188 -2.5752 2.5905
v  1.4160 -2.4927 2.5680
v  1.4074 -2.4038 2.5530
v  1.3897 -2.4180 2.5373
v  1.3836 -2.5179 2.5275
v  1.3936 -2.5871 2.5410
v  1.3685 -2.4504 2.5089
v  1.5288 -2.6680 2.4794
v  1.5065 -2.6777 2.5333
v  1.4732 -2.6743 2.5143
v  1.5122 -2.6602 2.4536
v  1.4924 -2.6658 2.5930
v  1.4913 -2.6103 2.6283
v  1.4544 -2.6616 2.5891
v  1.5067 -2.5217 2.5956
v  1.5390 -2.4197 2.5631
v  1.4261 -2.6353 2.5988
v  1.4240 -2.6474 2.5543
v  1.4989 -2.6463 2.4299
v  1.4618 -2.6582 2.4773
v  1.4198 -2.6439 2.5217
v  1.6787 -2.3903 2.4048
v  1.6951 -2.4072 2.3677
v  1.7432 -2.3072 2.3242
v  1.7216 -2.2825 2.3595
v  1.6960 -2.2592 2.3960
v  1.6545 -2.3680 2.4416
v  1.6311 -2.3447 2.4787
v  1.6713 -2.2413 2.4330
v  1.6437 -2.2292 2.4689
v  1.6082 -2.3258 2.5141
v  1.5737 -2.3209 2.5277
v  1.6010 -2.2281 2.4864
v  1.5526 -2.2362 2.4989
v  1.5350 -2.3244 2.5331
v  1.6886 -2.4086 2.3338
v  1.7396 -2.3238 2.2877
v  1.6826 -2.4101 2.3051
v  1.7290 -2.3371 2.2568
v  1.6737 -2.4174 2.2773
v  1.7170 -2.3507 2.2296
v  1.6617 -2.4295 2.2483
v  1.7030 -2.3665 2.2034
v  1.4702 -2.0509 2.4425
v  1.4841 -2.0751 2.4462
v  1.5471 -2.0414 2.4190
v  1.5354 -2.0156 2.4132
v  1.6400 -2.4406 2.2164
v  1.6097 -2.4336 2.1934
v  1.6486 -2.3857 2.1600
v  1.6799 -2.3822 2.1771
v  1.6063 -1.9929 2.3802
v  1.6156 -2.0200 2.3860
v  1.4850 -2.3281 2.5378
v  1.4953 -2.2509 2.5121
v  1.4404 -2.2676 2.5240
v  1.4366 -2.3320 2.5422
v  1.4026 -2.3382 2.5424
v  1.3973 -2.2823 2.5317
v  1.3631 -2.3045 2.5193
v  1.3775 -2.3543 2.5289
v  1.3554 -2.3926 2.4931
v  1.3451 -2.3421 2.4789
v  1.3364 -2.3881 2.4216
v  1.3457 -2.4339 2.4418
v  1.3565 -2.4698 2.3814
v  1.3426 -2.4293 2.3584
v  1.3660 -2.4574 2.2975
v  1.3821 -2.4934 2.3221
v  1.4202 -2.5008 2.2729
v  1.4640 -2.4942 2.2371
v  1.4037 -2.4687 2.2462
v  1.4499 -2.4637 2.2089
v  1.5468 -2.2828 2.0696
v  1.5595 -2.2957 2.1033
v  1.6095 -2.2676 2.0605
v  1.6133 -2.2678 2.0956
v  1.6201 -2.2921 2.1102
v  1.5727 -2.3272 2.1139
v  1.5082 -2.4772 2.2132
v  1.5505 -2.4510 2.1946
v  1.4975 -2.4462 2.1852
v  1.5415 -2.4223 2.1692
v  1.5904 -2.4179 2.1729
v  1.5802 -2.3979 2.1525
v  1.6069 -2.3781 2.1397
v  1.6239 -2.3824 2.1478
v  1.6619 -2.2556 2.0902
v  1.6666 -2.2543 2.0570
v  1.6610 -2.2746 2.1074
v  1.5773 -2.3751 2.1325
v  1.5346 -2.3999 2.1481
v  1.5297 -2.3833 2.1344
v  1.5773 -2.3535 2.1200
v  1.6194 -2.3224 2.1153
v  1.6141 -2.3525 2.1244
v  1.8155 -2.1341 2.2115
v  1.8001 -2.1742 2.1792
v  1.8019 -2.0901 2.2427
v  1.8055 -2.1297 2.2621
v  1.8062 -2.1691 2.2252
v  1.7923 -2.2056 2.1927
v  1.7787 -2.0589 2.2729
v  1.7522 -2.0385 2.3044
v  1.7587 -2.0743 2.3333
v  1.7861 -2.0972 2.2984
v  1.7653 -2.1792 2.3277
v  1.7823 -2.2087 2.2889
v  1.7382 -2.1555 2.3640
v  1.7806 -2.2384 2.2513
v  1.7729 -2.2669 2.2189
v  1.7220 -2.0288 2.3344
v  1.7258 -2.0626 2.3649
v  1.6815 -2.0283 2.3667
v  1.6778 -2.0637 2.3885
v  1.7082 -2.1410 2.3981
v  1.6661 -2.1362 2.4248
v  1.6189 -2.0403 2.3951
v  1.6171 -2.0749 2.4114
v  1.5515 -2.0608 2.4259
v  1.5529 -2.0929 2.4388
v  1.6128 -2.1421 2.4436
v  1.5557 -2.1555 2.4645
v  1.7851 -2.2051 2.1558
v  1.7676 -2.2340 2.1358
v  1.7791 -2.2350 2.1669
v  1.7618 -2.2618 2.1439
v  1.7622 -2.2913 2.1908
v  1.7435 -2.3123 2.1655
v  1.7363 -2.2607 2.1184
v  1.6954 -2.2776 2.1126
v  1.7288 -2.2845 2.1251
v  1.6891 -2.2991 2.1168
v  1.7118 -2.3297 2.1442
v  1.6758 -2.3398 2.1314
v  1.6596 -2.2892 2.1112
v  1.6221 -2.3067 2.1126
v  1.6546 -2.3078 2.1142
v  1.6448 -2.3436 2.1253
v  1.4950 -2.1774 2.4861
v  1.4909 -2.1195 2.4664
v  1.4319 -2.1477 2.4892
v  1.4376 -2.2014 2.5045
v  1.4890 -2.0905 2.4557
v  1.4328 -2.1275 2.4720
v  1.3952 -2.1705 2.4557
v  1.3940 -2.1871 2.4703
v  1.3634 -2.2122 2.4369
v  1.3758 -2.2303 2.4418
v  1.3910 -2.2254 2.5050
v  1.3773 -2.2657 2.4717
v  1.3317 -2.2593 2.4148
v  1.3073 -2.3109 2.3758
v  1.3235 -2.3214 2.3806
v  1.3543 -2.2731 2.4167
v  1.3573 -2.3019 2.4464
v  1.3327 -2.3503 2.3988
v  1.3059 -2.3616 2.3081
v  1.3305 -2.3954 2.2418
v  1.3390 -2.4086 2.2547
v  1.3177 -2.3740 2.3184
v  1.3308 -2.3970 2.3365
v  1.3514 -2.4290 2.2743
v  1.3726 -2.4092 2.1892
v  1.4249 -2.4053 2.1553
v  1.4288 -2.4179 2.1630
v  1.3784 -2.4225 2.2011
v  1.3893 -2.4424 2.2213
v  1.4378 -2.4381 2.1832
v  1.4767 -2.3937 2.1393
v  1.5272 -2.3746 2.1279
v  1.4804 -2.4040 2.1460
v  1.4879 -2.4215 2.1623
v  1.5773 -2.3413 2.1172
v  1.4127 -2.3270 2.0740
v  1.3984 -2.3274 2.0536
v  1.4550 -2.3095 2.0331
v  1.4702 -2.3080 2.0537
v  1.4021 -2.3171 2.0352
v  1.4444 -2.3016 2.0152
v  1.5309 -2.2901 2.0410
v  1.5112 -2.2921 2.0187
v  1.5737 -2.2712 2.0050
v  1.5957 -2.2735 2.0315
v  1.4917 -2.2822 1.9978
v  1.5480 -2.2558 1.9799
v  1.6483 -2.2408 1.9877
v  1.7251 -2.1993 1.9776
v  1.7339 -2.2273 2.0166
v  1.6646 -2.2537 2.0215
v  1.8576 -2.1157 2.0733
v  1.8366 -2.1437 2.0461
v  1.7958 -2.1876 2.0257
v  1.7962 -2.1523 1.9810
v  1.6168 -2.2178 1.9601
v  1.6890 -2.1724 1.9448
v  1.7569 -2.1271 1.9374
v  1.8114 -2.1018 1.9176
v  1.9052 -2.1030 1.9406
v  1.9034 -2.1096 1.8844
v  1.9294 -2.1231 1.8937
v  1.9315 -2.1015 1.9485
v  1.8712 -2.1032 1.9230
v  1.8758 -2.0935 1.8719
v  1.8316 -2.0888 1.8907
v  1.8520 -2.0740 1.8543
v  1.9274 -2.1167 1.8317
v  1.9044 -2.0897 1.8235
v  1.9514 -2.0958 1.7771
v  1.9738 -2.1227 1.7872
v  1.9944 -2.1536 1.7957
v  1.9506 -2.1422 1.8404
v  1.9377 -2.0780 1.7667
v  1.8888 -2.0698 1.8134
v  2.0417 -2.1281 1.7472
v  2.0220 -2.1018 1.7308
v  2.1140 -2.0870 1.7117
v  2.1267 -2.1082 1.7401
v  2.1334 -2.1263 1.7682
v  2.0602 -2.1464 1.7725
v  2.2143 -2.0817 1.7421
v  2.2050 -2.0926 1.7768
v  2.2146 -2.0697 1.7057
v  2.0056 -2.0774 1.7178
v  2.0920 -2.0610 1.6890
v  2.8214 -2.0921 1.3625
v  2.7467 -2.0800 1.4823
v  2.6781 -2.0836 1.4412
v  2.5410 -2.0731 1.5159
v  2.1869 -2.0491 1.6718
v  2.2933 -2.0508 1.6409
v  2.3183 -2.0395 1.8454
v  2.2573 -2.0782 1.8238
v  2.2639 -2.0686 1.8115
v  2.3289 -2.0340 1.8338
v  2.3528 -1.9785 1.8609
v  2.3342 -1.9824 1.8736
v  2.3426 -1.9272 1.8645
v  2.3169 -1.8902 1.8643
v  2.3110 -1.9017 1.8846
v  2.3335 -1.9355 1.8820
v  2.2816 -1.8673 1.8823
v  2.2810 -1.8840 1.9004
v  2.2331 -1.8609 1.9069
v  2.2408 -1.8802 1.9255
v  2.1820 -1.8675 1.9464
v  2.1923 -1.8884 1.9590
v  2.1266 -1.8880 1.9836
v  2.1402 -1.9082 1.9933
v  2.0737 -1.9212 2.0124
v  2.0298 -1.9661 2.0358
v  2.0455 -1.9811 2.0445
v  2.0905 -1.9393 2.0205
v  2.2049 -2.1121 1.7924
v  2.1385 -2.1469 1.7823
v  2.2017 -2.1223 1.8053
v  2.1406 -2.1608 1.7925
v  2.0733 -2.1811 1.7986
v  2.0104 -2.1947 1.8125
v  2.0045 -2.1788 1.8034
v  2.0694 -2.1682 1.7858
v  1.9638 -2.1639 1.8493
v  1.9713 -2.1811 1.8572
v  1.9531 -2.1602 1.9108
v  1.9475 -2.1398 1.9023
v  1.9921 -2.0252 2.0368
v  2.0051 -2.0404 2.0442
v  1.9692 -2.0781 2.0020
v  1.9802 -2.0967 2.0138
v  1.9513 -2.1142 1.9560
v  1.9591 -2.1341 1.9674
v  1.9664 -2.1694 2.0017
v  1.9604 -2.1964 1.9295
v  1.9921 -2.1356 2.0603
v  1.9876 -2.1184 2.0380
v  1.9635 -2.1543 1.9859
v  1.9574 -2.1808 1.9209
v  2.2687 -2.0913 1.8659
v  2.2755 -2.0582 1.8886
v  2.2352 -2.1165 1.8499
v  2.2422 -2.0967 1.8374
v  2.2884 -2.0630 1.8549
v  2.2982 -2.0182 1.8818
v  2.1929 -2.1498 1.8346
v  2.1418 -2.1842 1.8213
v  2.1398 -2.1735 1.8079
v  2.1943 -2.1360 1.8210
v  2.1976 -2.1286 1.8133
v  2.2500 -2.0858 1.8307
v  2.1399 -2.1673 1.8007
v  2.3065 -2.0483 1.8499
v  2.3172 -1.9944 1.8788
v  2.2799 -2.0207 1.9100
v  2.2803 -1.9890 1.9336
v  2.3065 -1.9773 1.8983
v  2.3082 -1.9426 1.9188
v  2.3260 -1.9507 1.8914
v  2.3128 -1.9148 1.9007
v  2.2673 -1.9709 1.9590
v  2.2832 -1.9214 1.9404
v  2.2445 -1.9165 1.9624
v  2.2352 -1.9651 1.9769
v  2.2830 -1.8964 1.9180
v  2.2443 -1.8925 1.9430
v  2.1952 -1.9667 1.9973
v  2.1971 -1.9250 1.9854
v  2.1474 -1.9456 2.0127
v  2.1513 -1.9806 2.0250
v  2.1967 -1.9020 1.9727
v  2.1453 -1.9238 2.0027
v  2.1025 -2.0134 2.0601
v  2.0978 -1.9782 2.0424
v  2.0488 -2.0194 2.0651
v  2.0514 -2.0551 2.0868
v  2.0962 -1.9556 2.0301
v  2.0491 -1.9967 2.0524
v  2.0155 -2.0979 2.0847
v  2.0123 -2.0709 2.0622
v  2.0095 -2.0530 2.0503
v  1.9838 -2.1074 2.0243
v  2.0765 -2.1938 1.8128
v  2.0814 -2.2049 1.8242
v  2.0233 -2.2212 1.8341
v  2.0168 -2.2101 1.8242
v  2.0136 -2.2026 1.8184
v  2.0747 -2.1877 1.8062
v  1.9832 -2.2132 1.8738
v  1.9779 -2.1992 1.8662
v  1.9746 -2.1904 1.8615
v  1.9553 -2.1709 1.9157
v  1.9616 -2.1448 1.9759
v  0.9234 -2.3357 -0.9459
v  1.0247 -2.3133 -0.9290
v  1.0293 -2.3280 -0.9676
v  0.9306 -2.3538 -0.9815
v  1.0374 -2.3166 -1.0031
v  0.9381 -2.3417 -1.0178
v  0.8572 -2.3822 -1.0271
v  0.8486 -2.3884 -0.9918
v  0.8372 -2.3721 -0.9625
v  1.1273 -2.2866 -0.9436
v  1.1287 -2.2887 -0.9070
v  1.2247 -2.2645 -0.8845
v  1.2142 -2.2467 -0.9163
v  1.2186 -2.2399 -0.9606
v  1.1343 -2.2790 -0.9830
v  1.2810 -2.2283 -0.8978
v  1.3051 -2.2527 -0.8724
v  1.3650 -2.2493 -0.8643
v  1.3481 -2.2286 -0.8814
v  1.3390 -2.2070 -0.9213
v  1.2817 -2.2185 -0.9403
v  1.5159 -2.1263 -0.9552
v  1.4609 -2.1615 -0.9667
v  1.4675 -2.1736 -0.8850
v  1.5273 -2.1292 -0.8832
v  1.5403 -2.1301 -1.0165
v  1.4908 -2.1684 -1.0395
v  1.4040 -2.1842 -0.9777
v  1.3431 -2.1964 -0.9906
v  1.4037 -2.1961 -0.9006
v  1.4258 -2.1911 -1.0512
v  1.3578 -2.2049 -1.0603
v  1.5889 -2.1347 -1.0615
v  1.6558 -2.1401 -1.0891
v  1.5955 -2.2058 -1.1141
v  1.5402 -2.1812 -1.0822
v  1.4586 -2.2096 -1.0918
v  1.4662 -2.2280 -1.1186
v  1.3937 -2.2321 -1.1181
v  1.3737 -2.2271 -1.0987
v  1.2887 -2.2056 -1.0071
v  1.2268 -2.2217 -1.0257
v  1.3055 -2.2210 -1.0723
v  1.2497 -2.2450 -1.0849
v  1.3178 -2.2433 -1.1079
v  1.2636 -2.2640 -1.1188
v  1.3444 -2.2444 -1.1348
v  1.2833 -2.2668 -1.1480
v  1.4181 -2.2515 -1.1488
v  1.5121 -2.2674 -1.1478
v  1.4113 -2.3123 -1.1867
v  1.3363 -2.2780 -1.1791
v  1.1428 -2.2541 -1.0437
v  1.1709 -2.2832 -1.0956
v  1.0806 -2.3215 -1.1089
v  1.0501 -2.2934 -1.0596
v  1.1883 -2.3082 -1.1267
v  1.2024 -2.3073 -1.1578
v  1.1086 -2.3323 -1.1799
v  1.0987 -2.3444 -1.1423
v  0.9524 -2.3150 -1.0769
v  0.9890 -2.3431 -1.1289
v  0.9080 -2.3743 -1.1487
v  0.8649 -2.3464 -1.0940
v  1.0099 -2.3620 -1.1644
v  1.0172 -2.3492 -1.2011
v  0.9351 -2.3766 -1.2177
v  0.9318 -2.3882 -1.1840
v  1.2414 -2.3099 -1.2002
v  1.3063 -2.3468 -1.2160
v  1.1920 -2.3704 -1.2609
v  1.1392 -2.3296 -1.2279
v  0.9388 -2.3431 -0.8875
v  0.8372 -2.3718 -0.9071
v  0.8575 -2.4129 -0.8623
v  0.9728 -2.3920 -0.8475
v  1.0928 -2.3764 -0.8424
v  1.0492 -2.3277 -0.8752
v  0.7650 -2.4177 -0.9306
v  0.7230 -2.4671 -0.9467
v  0.7322 -2.4697 -0.9067
v  0.7720 -2.4442 -0.8856
v  0.7795 -2.4235 -0.9762
v  0.7440 -2.4690 -0.9849
v  0.7944 -2.4317 -1.0017
v  0.7985 -2.4216 -1.0397
v  0.7577 -2.4602 -1.0525
v  0.7640 -2.4706 -1.0086
v  0.8004 -2.3954 -1.1103
v  0.8405 -2.4138 -1.1659
v  0.7924 -2.4610 -1.1754
v  0.7517 -2.4484 -1.1223
v  0.8630 -2.4223 -1.1997
v  0.8682 -2.4185 -1.2294
v  0.8234 -2.4659 -1.2359
v  0.8234 -2.4713 -1.2060
v  0.8762 -2.4240 -1.2685
v  0.8334 -2.4675 -1.2742
v  0.9437 -2.3824 -1.2607
v  0.9581 -2.4113 -1.2969
v  0.8904 -2.4464 -1.3017
v  0.8560 -2.4708 -1.2995
v  1.1525 -2.3133 -0.8696
v  1.2550 -2.2949 -0.8611
v  1.1925 -2.3582 -0.8451
v  1.2970 -2.3341 -0.8422
v  1.5904 -2.1472 -0.8108
v  1.5161 -2.2026 -0.8201
v  1.5674 -2.2509 -0.7550
v  1.6775 -2.1785 -0.7582
v  1.4334 -2.2308 -0.8541
v  1.4361 -2.2586 -0.8369
v  1.3651 -2.2824 -0.8496
v  1.4247 -2.3019 -0.8191
v  1.7654 -2.2252 -0.7560
v  1.6892 -2.2830 -0.7554
v  1.7542 -2.3143 -0.7983
v  1.8425 -2.2741 -0.7844
v  1.6282 -2.3285 -0.7415
v  1.5894 -2.3748 -0.7170
v  1.6228 -2.4025 -0.7409
v  1.6742 -2.3560 -0.7785
v  1.5485 -2.3065 -0.7287
v  1.5348 -2.3557 -0.7079
v  1.4419 -2.3213 -0.7579
v  1.3837 -2.3540 -0.8224
v  1.4189 -2.3905 -0.7776
v  1.5801 -2.4342 -0.6930
v  1.5362 -2.4246 -0.6853
v  1.5452 -2.4931 -0.6753
v  1.5814 -2.4927 -0.6905
v  1.5990 -2.4863 -0.7120
v  1.6065 -2.4522 -0.7188
v  1.4736 -2.4270 -0.6857
v  1.4527 -2.3607 -0.7185
v  1.4370 -2.4506 -0.7262
v  1.4705 -2.4883 -0.7105
v  1.5051 -2.4921 -0.6890
v  1.5177 -2.5284 -0.7088
v  1.5492 -2.5341 -0.7031
v  1.4851 -2.5119 -0.7300
v  1.5015 -2.5117 -0.7571
v  1.5208 -2.5327 -0.7490
v  1.5486 -2.5399 -0.7472
v  1.5783 -2.5290 -0.7140
v  1.5979 -2.5088 -0.7343
v  1.5741 -2.5335 -0.7526
v  1.5921 -2.5154 -0.7592
v  0.8195 -2.5154 -1.2797
v  0.8515 -2.5572 -1.2771
v  0.8376 -2.5530 -1.2272
v  0.8108 -2.5138 -1.2351
v  0.8588 -2.5057 -1.3096
v  0.8758 -2.5356 -1.3074
v  0.8228 -2.5099 -1.1987
v  0.7751 -2.5200 -1.1701
v  0.8365 -2.5353 -1.1895
v  0.8179 -2.5517 -1.1511
v  0.7491 -2.5127 -1.0543
v  0.7269 -2.5282 -1.1200
v  0.7944 -2.5708 -1.0948
v  0.7922 -2.5392 -1.0406
v  0.7620 -2.5028 -1.0082
v  0.7342 -2.5128 -0.9881
v  0.7837 -2.5241 -1.0046
v  0.7659 -2.5421 -0.9813
v  0.7504 -2.5627 -0.9423
v  0.7031 -2.5249 -0.9498
v  0.7600 -2.5474 -0.9056
v  0.7296 -2.5141 -0.9018
v  0.7915 -2.4925 -0.8716
v  0.8850 -2.4708 -0.8511
v  0.8114 -2.5390 -0.8876
v  0.9092 -2.5219 -0.8733
v  0.8230 -2.5574 -0.9292
v  0.8288 -2.5392 -0.9697
v  0.9175 -2.5190 -0.9574
v  0.9176 -2.5355 -0.9162
v  1.0080 -2.4567 -0.8378
v  1.1357 -2.4443 -0.8268
v  1.0343 -2.5153 -0.8580
v  1.1668 -2.5132 -0.8426
v  1.2426 -2.4283 -0.8223
v  1.3268 -2.4175 -0.8195
v  1.2849 -2.5060 -0.8321
v  1.3772 -2.4902 -0.8371
v  1.0357 -2.3490 -1.2488
v  1.0578 -2.3822 -1.2864
v  0.9079 -2.4831 -1.3220
v  0.9755 -2.4557 -1.3195
v  0.9880 -2.5085 -1.3166
v  0.9193 -2.5269 -1.3156
v  1.0699 -2.4341 -1.3066
v  1.1679 -2.4291 -1.2814
v  1.1667 -2.4827 -1.2745
v  1.0728 -2.4919 -1.3041
v  1.3044 -2.4328 -1.2293
v  1.3677 -2.4923 -1.2050
v  1.2679 -2.4932 -1.2375
v  1.2472 -2.4497 -1.2513
v  0.9128 -2.5660 -1.2739
v  0.9860 -2.5606 -1.2728
v  0.9703 -2.5551 -1.2060
v  0.8976 -2.5634 -1.2167
v  1.0644 -2.5432 -1.2592
v  1.1552 -2.5277 -1.2348
v  1.1408 -2.5376 -1.1779
v  1.0481 -2.5427 -1.1930
v  0.8871 -2.5392 -1.1774
v  0.9575 -2.5302 -1.1647
v  0.9464 -2.5322 -1.1226
v  0.8753 -2.5472 -1.1358
v  0.8612 -2.5599 -1.0794
v  0.9342 -2.5428 -1.0680
v  0.9223 -2.5214 -1.0197
v  0.8479 -2.5350 -1.0297
v  0.8369 -2.5230 -0.9966
v  0.9177 -2.5096 -0.9862
v  1.0400 -2.5375 -0.9005
v  1.0345 -2.5137 -0.9451
v  1.1612 -2.5339 -0.9347
v  1.1710 -2.5513 -0.8830
v  1.0306 -2.5146 -1.1098
v  1.0377 -2.5164 -1.1518
v  1.1340 -2.5127 -1.1378
v  1.1300 -2.5104 -1.0972
v  1.0233 -2.5285 -1.0573
v  1.1271 -2.5326 -1.0485
v  1.1327 -2.5221 -1.0025
v  1.0197 -2.5087 -1.0094
v  1.0256 -2.4959 -0.9738
v  1.1475 -2.5115 -0.9668
v  1.2664 -2.5546 -0.9648
v  1.2811 -2.5586 -0.9258
v  1.2516 -2.5560 -1.0011
v  1.3636 -2.5679 -0.9991
v  1.3719 -2.5646 -0.9622
v  1.3808 -2.5583 -0.9227
v  1.2928 -2.5539 -0.8716
v  1.3890 -2.5362 -0.8763
v  1.3816 -2.4217 -0.8152
v  1.4299 -2.4295 -0.8080
v  1.4286 -2.4755 -0.8475
v  1.4741 -2.4624 -0.8471
v  1.4693 -2.4628 -0.7709
v  1.5014 -2.4755 -0.7889
v  1.4415 -2.5156 -0.8834
v  1.4400 -2.5402 -0.9228
v  1.4662 -2.5216 -0.9189
v  1.4719 -2.4989 -0.8913
v  1.2430 -2.5498 -1.0443
v  1.2436 -2.5226 -1.0872
v  1.3560 -2.5542 -1.0742
v  1.3565 -2.5657 -1.0387
v  1.4432 -2.5534 -0.9564
v  1.4496 -2.5615 -0.9899
v  1.4962 -2.5186 -0.9660
v  1.4791 -2.5191 -0.9410
v  1.5950 -2.4918 -0.7863
v  1.6197 -2.4539 -0.8347
v  1.6343 -2.4286 -0.7843
v  1.6116 -2.4746 -0.7561
v  1.5223 -2.4908 -0.7915
v  1.5091 -2.4682 -0.8497
v  1.5406 -2.4783 -0.8539
v  1.5449 -2.5024 -0.7909
v  1.4961 -2.4854 -0.9046
v  1.5201 -2.4817 -0.9212
v  1.5715 -2.5017 -0.7933
v  1.5809 -2.4852 -0.8392
v  1.7358 -2.1461 -1.1023
v  1.8318 -2.1502 -1.1005
v  1.7909 -2.2437 -1.1089
v  1.6892 -2.2191 -1.1176
v  1.9307 -2.1490 -1.0403
v  1.9152 -2.2429 -1.0389
v  1.8814 -2.2928 -0.8500
v  1.7885 -2.3315 -0.8473
v  1.7880 -2.3475 -0.9087
v  1.8969 -2.3071 -0.9212
v  1.6984 -2.3767 -0.8217
v  1.6976 -2.3962 -0.8655
v  1.7995 -2.3246 -1.0738
v  1.8746 -2.3140 -1.0092
v  1.8037 -2.3641 -0.9859
v  1.7779 -2.3709 -1.0415
v  1.5888 -2.4803 -0.8725
v  1.5693 -2.4836 -0.9001
v  1.6113 -2.4705 -0.9370
v  1.6200 -2.4591 -0.8844
v  1.6033 -2.2959 -1.1435
v  1.6734 -2.3365 -1.1263
v  1.5718 -2.4163 -1.1503
v  1.4982 -2.3632 -1.1736
v  1.3927 -2.4066 -1.2007
v  1.4687 -2.4669 -1.1740
v  1.6732 -2.4204 -0.8936
v  1.6967 -2.4103 -0.9317
v  1.2490 -2.5315 -1.1238
v  1.3685 -2.5586 -1.1065
v  1.2576 -2.5539 -1.1619
v  1.3848 -2.5668 -1.1434
v  1.3914 -2.5423 -1.1830
v  1.5031 -2.5131 -1.1508
v  1.6057 -2.4590 -1.1214
v  1.5050 -2.5479 -1.1191
v  1.6119 -2.4924 -1.0743
v  1.2695 -2.5432 -1.2138
v  1.4852 -2.5623 -1.0828
v  1.5572 -2.5071 -1.0506
v  1.5344 -2.5183 -1.0223
v  1.4637 -2.5670 -1.0519
v  1.4557 -2.5683 -1.0243
v  1.5151 -2.5208 -0.9939
v  1.5446 -2.4825 -0.9489
v  1.5690 -2.4868 -0.9820
v  1.5888 -2.4943 -1.0134
v  1.6366 -2.4834 -1.0028
v  1.7036 -2.3822 -1.0977
v  1.7127 -2.4190 -1.0543
v  1.7122 -2.4230 -0.9901
v  -0.3911 -1.0431 -0.5870
v  -0.4291 -1.0037 -0.5734
v  -0.4525 -0.9920 -0.6410
v  -0.4111 -1.0759 -0.6517
v  -0.6268 -0.8971 -0.7434
v  -0.6265 -0.9775 -0.8056
v  -0.4997 -1.0630 -0.7497
v  -0.4447 -1.1217 -0.7560
v  -0.4760 -0.9684 -0.5652
v  -0.5366 -0.9350 -0.5610
v  -0.5372 -0.9201 -0.5861
v  -0.4911 -0.9446 -0.6003
v  -0.6609 -0.8056 -0.7311
v  -0.5791 -0.8818 -0.6551
v  -0.6774 -0.7793 -0.6655
v  -0.7301 -0.7064 -0.7327
v  -0.6107 -0.8917 -0.5611
v  -0.5903 -0.8734 -0.5926
v  -0.7120 -0.8532 -0.5748
v  -0.6846 -0.8066 -0.5987
v  -0.6360 -0.7655 -0.6148
v  -0.5538 -0.8739 -0.6166
v  -0.8342 -0.8026 -0.6027
v  -0.7948 -0.7286 -0.6155
v  -0.9279 -0.7387 -0.6090
v  -0.8761 -0.6447 -0.6118
v  -0.8248 -0.5803 -0.6024
v  -0.8508 -0.5694 -0.6645
v  -0.7806 -0.6719 -0.6704
v  -0.7407 -0.6676 -0.6121
v  -0.8231 -0.6004 -0.7259
v  -0.8779 -0.5244 -0.7903
v  -0.8694 -0.4865 -0.7165
v  -0.9417 -0.3927 -0.7798
v  -0.9490 -0.4991 -0.8446
v  -0.9967 -0.4035 -0.8218
v  -1.0557 -0.4162 -0.8593
v  -1.0197 -0.4891 -0.8994
v  -1.0237 -0.2777 -0.7967
v  -1.0374 -0.1890 -0.8186
v  -1.0493 -0.2152 -0.8336
v  -1.0446 -0.3035 -0.8119
v  -1.0896 -0.2384 -0.8516
v  -1.0852 -0.3245 -0.8400
v  -1.0372 -0.1421 -0.8236
v  -1.0180 -0.1150 -0.8237
v  -1.0268 -0.1362 -0.8521
v  -1.0344 -0.1695 -0.8480
v  -1.0702 -0.1458 -0.8772
v  -1.0809 -0.1846 -0.8662
v  -1.0129 -0.0980 -0.8570
v  -0.9926 -0.0553 -0.8617
v  -1.0444 -0.0777 -0.9026
v  -1.0583 -0.1119 -0.8893
v  -0.9856 -0.0874 -0.8267
v  -0.9561 -0.0397 -0.8273
v  0.4192 0.8766 -0.5370
v  0.5722 0.8338 -0.5282
v  0.5527 0.7929 -0.5827
v  0.3968 0.8276 -0.5886
v  0.2603 0.8860 -0.5994
v  0.2837 0.9401 -0.5600
v  0.2826 0.9875 -0.4996
v  0.4353 0.9163 -0.4782
v  0.5848 0.8697 -0.4650
v  0.4365 0.9293 -0.4090
v  0.3026 0.9698 -0.4150
v  0.5822 0.8787 -0.3985
v  0.1230 1.0419 -0.5087
v  0.1814 1.0462 -0.5479
v  0.0794 1.0617 -0.5838
v  0.0408 1.0635 -0.5512
v  -0.0008 1.0680 -0.5248
v  0.0640 1.0451 -0.4839
v  0.1062 1.0223 -0.4452
v  0.1785 1.0117 -0.4666
v  0.2014 0.9950 -0.4080
v  0.1261 1.0079 -0.3964
v  0.0177 1.0334 -0.4723
v  -0.0412 1.0568 -0.5095
v  -0.0826 1.0244 -0.5071
v  -0.0291 1.0049 -0.4692
v  0.0040 0.9852 -0.4326
v  0.0539 1.0160 -0.4341
v  0.0695 0.9963 -0.3913
v  0.0148 0.9646 -0.3903
v  -0.5549 0.6364 -0.3591
v  -0.5352 0.6563 -0.3636
v  -0.5489 0.6655 -0.4116
v  -0.5716 0.6410 -0.4099
v  -0.5907 0.6094 -0.4113
v  -0.5793 0.6142 -0.3556
v  -0.4769 0.6882 -0.3781
v  -0.4884 0.6973 -0.4275
v  -0.5259 0.6823 -0.4177
v  -0.5128 0.6709 -0.3702
v  -0.3445 0.7335 -0.3969
v  -0.3477 0.7323 -0.4570
v  -0.4196 0.7063 -0.4432
v  -0.4136 0.7068 -0.3876
v  -0.0907 0.9523 -0.4703
v  -0.1330 0.9732 -0.5080
v  -0.1849 0.9195 -0.5038
v  -0.1559 0.9048 -0.4664
v  -0.1473 0.8922 -0.4288
v  -0.0689 0.9377 -0.4291
v  -0.2255 0.8736 -0.4962
v  -0.2530 0.8227 -0.4756
v  -0.2034 0.8557 -0.4428
v  -0.1988 0.8725 -0.4687
v  -0.0659 0.9251 -0.3862
v  -0.1469 0.8821 -0.3866
v  -0.2039 0.8459 -0.3971
v  -0.2476 0.8108 -0.4067
v  -0.2950 0.7704 -0.4698
v  -0.2918 0.7716 -0.4050
v  -0.7230 0.2701 -0.8162
v  -0.7405 0.2639 -0.7723
v  -0.7017 0.3095 -0.7727
v  -0.6848 0.3135 -0.8293
v  -0.6647 0.3092 -0.8869
v  -0.6896 0.2629 -0.8670
v  -0.7304 0.2500 -0.8727
v  -0.7574 0.2438 -0.8167
v  -0.7905 0.2260 -0.7656
v  -0.7497 0.2644 -0.7420
v  -0.7796 0.2396 -0.7258
v  -0.7549 0.2567 -0.6971
v  -0.7307 0.2833 -0.7272
v  -0.8104 0.1955 -0.7003
v  -0.8297 0.1711 -0.7299
v  -0.8548 0.1044 -0.6989
v  -0.8486 0.1480 -0.6692
v  -0.8324 0.2017 -0.6409
v  -0.7837 0.2184 -0.6652
v  -0.7335 0.2695 -0.6691
v  -0.8072 0.2388 -0.6060
v  -0.7778 0.2815 -0.5856
v  -0.7304 0.2549 -0.5975
v  -0.7459 0.2172 -0.6204
v  -0.7129 0.2886 -0.6409
v  -0.7198 0.3040 -0.5918
v  -0.7418 0.3273 -0.5730
v  -0.6887 0.3715 -0.5659
v  -0.7082 0.3306 -0.6133
v  -0.6737 0.6083 -0.3502
v  -0.6284 0.6191 -0.3535
v  -0.6253 0.5933 -0.4055
v  -0.6632 0.5870 -0.4012
v  -0.8586 0.2729 -0.6167
v  -0.9161 0.3008 -0.6141
v  -0.8893 0.3543 -0.5860
v  -0.8268 0.3210 -0.5950
v  -0.8854 0.2154 -0.6462
v  -0.9389 0.2284 -0.6430
v  -0.7896 0.3644 -0.5791
v  -0.8522 0.3947 -0.5664
v  -0.8137 0.4277 -0.5501
v  -0.7539 0.4039 -0.5610
v  -0.6883 0.5610 -0.4416
v  -0.6986 0.5799 -0.3979
v  -0.6552 0.5656 -0.4499
v  -0.6561 0.5474 -0.4946
v  -0.6861 0.5414 -0.4804
v  -0.7313 0.5358 -0.4641
v  -0.7343 0.5520 -0.4295
v  -0.7422 0.5671 -0.3892
v  -0.7109 0.5954 -0.3456
v  -0.7506 0.5788 -0.3378
v  -0.7263 0.4404 -0.5467
v  -0.6753 0.4272 -0.5570
v  -0.7830 0.4578 -0.5331
v  -0.7580 0.4867 -0.5159
v  -0.7069 0.4769 -0.5340
v  -0.6684 0.4745 -0.5487
v  -0.7356 0.5138 -0.4948
v  -0.6938 0.5138 -0.5135
v  -0.6640 0.5174 -0.5288
v  -0.2763 0.0530 -1.2540
v  -0.2583 0.0061 -1.2879
v  -0.3009 0.0754 -1.2102
v  -0.2512 0.1109 -1.1967
v  -0.2128 0.0749 -1.2458
v  -0.1934 0.0960 -1.2655
v  -0.2364 0.1374 -1.2347
v  -0.3704 0.0603 -1.1398
v  -0.3943 0.0939 -1.1022
v  -0.3208 0.1096 -1.1351
v  -0.3271 0.0827 -1.1668
v  -0.2880 0.1942 -1.2110
v  -0.3001 0.1814 -1.1693
v  -0.3561 0.2468 -1.1597
v  -0.3378 0.2627 -1.1939
v  -0.4837 0.2675 -1.1208
v  -0.4365 0.2144 -1.1345
v  -0.4991 0.1816 -1.0670
v  -0.5508 0.2200 -1.0497
v  -0.6148 0.2606 -1.0331
v  -0.5245 0.3177 -1.1281
v  -0.4295 0.3895 -1.1443
v  -0.3956 0.3187 -1.1478
v  -0.3780 0.1609 -1.1430
v  -0.4497 0.1372 -1.0930
v  -0.4173 0.0261 -1.1154
v  -0.4440 0.0562 -1.0654
v  -0.4670 -0.0007 -1.1040
v  -0.4855 0.0107 -1.0413
v  -0.6621 0.2403 -0.9304
v  -0.6221 0.2072 -0.9797
v  -0.6499 0.1753 -0.9801
v  -0.6905 0.2182 -0.9327
v  -0.6587 0.2860 -0.9577
v  -0.4951 0.0981 -1.0470
v  -0.5345 0.1403 -1.0145
v  -0.5283 0.0599 -1.0217
v  -0.5729 0.0977 -0.9977
v  -0.5799 0.1740 -0.9927
v  -0.6082 0.1348 -0.9880
v  -0.5499 0.3794 -1.1522
v  -0.4581 0.4532 -1.1455
v  -0.6406 0.3336 -1.0915
v  -0.6623 0.4106 -1.1499
v  -0.5701 0.4515 -1.1800
v  -0.4894 0.5110 -1.1555
v  -0.7032 0.3798 -0.8763
v  -0.6988 0.3692 -0.9428
v  -0.6947 0.3910 -0.8220
v  -0.7137 0.4672 -0.8705
v  -0.7269 0.4537 -0.9312
v  -0.7290 0.4429 -1.0058
v  -0.6909 0.3413 -1.0157
v  -0.7190 0.4170 -1.0821
v  -0.4269 0.5227 -1.2315
v  -0.4342 0.4962 -1.2043
v  -0.4646 0.5518 -1.2072
v  -0.4593 0.5782 -1.2347
v  -0.4444 0.6093 -1.2641
v  -0.4100 0.5544 -1.2608
v  -0.3747 0.4926 -1.2568
v  -0.3934 0.4600 -1.2285
v  -0.4035 0.4332 -1.2030
v  -0.3751 0.3402 -1.1844
v  -0.3695 0.3578 -1.2034
v  -0.4078 0.4147 -1.1832
v  -0.4366 0.4772 -1.1836
v  -0.4660 0.5327 -1.1856
v  -0.3582 0.3834 -1.2279
v  -0.3378 0.4174 -1.2546
v  -0.7133 0.3254 -0.6814
v  -0.7139 0.3752 -0.7279
v  -0.7077 0.3446 -0.7478
v  -0.7209 0.3014 -0.7064
v  -0.6934 0.4190 -0.7867
v  -0.7275 0.4931 -0.8382
v  -0.7274 0.4469 -0.7754
v  -0.7609 0.5224 -0.8286
v  -0.7064 0.3637 -0.6548
v  -0.7251 0.4130 -0.7068
v  -0.6961 0.4090 -0.6285
v  -0.7293 0.4554 -0.6807
v  -0.7558 0.4813 -0.7596
v  -0.7893 0.5593 -0.8145
v  -0.7693 0.5211 -0.7346
v  -0.8056 0.5991 -0.7933
v  -0.6786 0.4536 -0.6066
v  -0.7174 0.4983 -0.6491
v  -0.6593 0.4985 -0.5842
v  -0.6932 0.5416 -0.6213
v  -0.7659 0.5599 -0.6999
v  -0.8101 0.6335 -0.7623
v  -0.7476 0.5992 -0.6693
v  -0.8038 0.6663 -0.7309
v  -0.6258 0.5811 -0.4658
v  -0.6233 0.6182 -0.4723
v  -0.6625 0.6235 -0.5496
v  -0.6402 0.5727 -0.5192
v  -0.6494 0.5415 -0.5573
v  -0.6808 0.5845 -0.5925
v  -0.7384 0.6386 -0.6393
v  -0.7937 0.7008 -0.7053
v  -0.7256 0.6784 -0.6144
v  -0.7818 0.7358 -0.6826
v  -0.6090 0.6542 -0.4640
v  -0.5808 0.6824 -0.4589
v  -0.6182 0.7039 -0.5196
v  -0.6475 0.6729 -0.5312
v  -0.6988 0.7159 -0.6007
v  -0.6697 0.7474 -0.5876
v  -0.7298 0.8015 -0.6575
v  -0.7577 0.7709 -0.6689
v  -0.5493 0.6990 -0.4612
v  -0.5053 0.7088 -0.4708
v  -0.5399 0.7401 -0.5113
v  -0.5865 0.7259 -0.5093
v  -0.6409 0.7708 -0.5717
v  -0.6025 0.7934 -0.5555
v  -0.6732 0.8485 -0.6192
v  -0.7037 0.8251 -0.6420
v  -0.4338 0.7086 -0.4962
v  -0.3580 0.7273 -0.5228
v  -0.4089 0.7823 -0.5434
v  -0.4721 0.7468 -0.5377
v  -0.5441 0.8155 -0.5495
v  -0.4849 0.8412 -0.5512
v  -0.5726 0.8984 -0.5803
v  -0.6276 0.8738 -0.5924
v  -0.3217 0.7920 -0.5148
v  -0.3700 0.8284 -0.5380
v  -0.2928 0.8432 -0.5181
v  -0.3411 0.8768 -0.5427
v  -0.4420 0.8782 -0.5512
v  -0.4095 0.9220 -0.5550
v  -0.4842 0.9652 -0.5846
v  -0.5248 0.9303 -0.5772
v  -0.2643 0.8964 -0.5258
v  -0.3159 0.9308 -0.5518
v  -0.2318 0.9488 -0.5381
v  -0.2904 0.9837 -0.5658
v  -0.4502 1.0000 -0.6038
v  -0.3816 0.9703 -0.5672
v  -0.3529 1.0117 -0.5948
v  -0.4184 1.0352 -0.6263
v  -0.1937 1.0008 -0.5462
v  -0.1555 1.0462 -0.5518
v  -0.2314 1.0685 -0.5960
v  -0.2610 1.0293 -0.5821
v  -0.3234 1.0517 -0.6153
v  -0.2946 1.0892 -0.6313
v  -0.3521 1.1114 -0.6594
v  -0.3849 1.0734 -0.6437
v  -0.1215 1.0793 -0.5584
v  -0.0866 1.0980 -0.5753
v  -0.1723 1.1227 -0.6279
v  -0.2029 1.0996 -0.6095
v  -0.2666 1.1212 -0.6480
v  -0.2364 1.1455 -0.6690
v  -0.2895 1.1699 -0.7035
v  -0.3216 1.1456 -0.6782
v  -0.0530 1.0876 -0.6065
v  -0.0242 1.0742 -0.6378
v  -0.1163 1.0909 -0.6950
v  -0.1408 1.1133 -0.6624
v  -0.2065 1.1347 -0.7059
v  -0.1855 1.1073 -0.7404
v  -0.2421 1.1250 -0.7809
v  -0.2614 1.1547 -0.7430
v  -0.1709 1.0869 -0.7700
v  -0.2287 1.1003 -0.8169
v  -0.0982 1.0763 -0.7222
v  -0.0866 1.0589 -0.7543
v  -0.1647 1.0609 -0.8025
v  -0.2244 1.0669 -0.8559
v  0.1999 1.0173 -0.5954
v  0.1873 0.9733 -0.6253
v  0.1161 1.0276 -0.6592
v  0.1091 1.0604 -0.6258
v  0.0160 1.0523 -0.7062
v  -0.0014 1.0662 -0.6682
v  0.4063 0.8600 -0.6436
v  0.5478 0.8056 -0.6389
v  0.1431 0.9372 -0.7014
v  0.0670 0.9168 -0.6705
v  0.0959 0.9672 -0.6618
v  0.1686 0.9094 -0.6346
v  0.0378 0.9339 -0.7831
v  -0.0124 0.9252 -0.7262
v  -0.0785 0.9205 -0.8731
v  -0.1095 0.9540 -0.8109
v  -0.1722 0.9088 -0.9435
v  -0.2341 0.9280 -0.9938
v  -0.2457 0.9581 -0.9428
v  -0.1861 0.9569 -0.8798
v  -0.0005 0.9969 -0.7155
v  -0.0958 1.0149 -0.7821
v  -0.1747 1.0127 -0.8380
v  -0.2332 1.0144 -0.8999
v  -0.2607 0.3979 -1.2872
v  -0.2235 0.4505 -1.2799
v  -0.1763 0.4214 -1.2760
v  -0.2093 0.3585 -1.2952
v  -0.1224 0.4162 -1.2956
v  -0.1527 0.3230 -1.2957
v  -0.1809 0.5141 -1.2596
v  -0.1702 0.5318 -1.2933
v  -0.1523 0.4844 -1.3029
v  -0.1688 0.4702 -1.2604
v  -0.2096 0.4869 -1.2655
v  -0.2048 0.5123 -1.2555
v  -0.3023 0.4615 -1.2802
v  -0.2623 0.5037 -1.2750
v  -0.3394 0.5320 -1.2775
v  -0.2986 0.5663 -1.2686
v  -0.3751 0.5917 -1.2781
v  -0.3341 0.6236 -1.2681
v  -0.4108 0.6454 -1.2829
v  -0.3699 0.6784 -1.2739
v  -0.2399 0.5272 -1.2617
v  -0.2220 0.5409 -1.2509
v  -0.2686 0.5801 -1.2543
v  -0.2382 0.5881 -1.2416
v  -0.2986 0.6364 -1.2495
v  -0.3328 0.6961 -1.2514
v  -0.2891 0.7087 -1.2242
v  -0.2643 0.6409 -1.2307
v  -0.3774 -0.0730 -1.2964
v  -0.3266 -0.0724 -1.3072
v  -0.3327 -0.1171 -1.3071
v  -0.3947 -0.0907 -1.2973
v  0.1258 -0.3711 -1.3064
v  0.1276 -0.3027 -1.2979
v  -0.0160 -0.3458 -1.3612
v  -0.0155 -0.2802 -1.3403
v  -0.2558 -0.0614 -1.3221
v  -0.1652 -0.0659 -1.3280
v  -0.1858 -0.1428 -1.3145
v  -0.2670 -0.1301 -1.3146
v  -0.0604 -0.1064 -1.3126
v  -0.0814 -0.1659 -1.3030
v  0.0504 -0.1530 -1.2730
v  0.0341 -0.1924 -1.2708
v  -0.1518 -0.3435 -1.3999
v  -0.1485 -0.2692 -1.3812
v  -0.1410 -0.2394 -1.3427
v  -0.0098 -0.2528 -1.3082
v  -0.2522 -0.2197 -1.3707
v  -0.2322 -0.2030 -1.3440
v  -0.1252 -0.2253 -1.3149
v  0.0026 -0.2398 -1.2856
v  -0.1063 -0.2049 -1.2947
v  -0.2105 -0.1850 -1.3197
v  0.0160 -0.2219 -1.2683
v  -0.9686 -0.0037 -0.8642
v  -0.9506 0.0503 -0.8665
v  -1.0155 0.0019 -0.9309
v  -1.0292 -0.0394 -0.9165
v  -0.9242 0.0232 -0.8176
v  -0.9037 0.0902 -0.8067
v  -0.9372 0.0935 -0.8803
v  -0.9153 0.1255 -0.9057
v  -0.9873 0.0790 -0.9774
v  -1.0065 0.0440 -0.9491
v  -0.8856 0.1376 -0.8162
v  -0.8612 0.1686 -0.8420
v  -0.8891 0.1547 -0.9404
v  -0.8314 0.1946 -0.8767
v  -0.8001 0.2119 -0.9233
v  -0.8601 0.1754 -0.9832
v  -0.9419 0.1525 -1.0521
v  -0.9653 0.1150 -1.0120
v  -0.7685 0.2309 -0.8965
v  -0.8022 0.2136 -0.8474
v  -0.8318 0.1891 -0.8097
v  -0.8170 0.1979 -0.7948
v  -0.7847 0.2226 -0.8343
v  -0.7534 0.2373 -0.8859
v  -0.8061 0.2070 -0.7812
v  -0.7750 0.2296 -0.8238
v  -0.7431 0.2432 -0.8775
v  -0.8296 0.1791 -1.0385
v  -0.7652 0.1920 -0.9825
v  -0.7287 0.1754 -1.0416
v  -0.7925 0.1796 -1.0944
v  -0.8730 0.1786 -1.1564
v  -0.9095 0.1720 -1.1033
v  -0.7323 0.2045 -0.9580
v  -0.7140 0.2100 -0.9469
v  -0.6758 0.1755 -1.0022
v  -0.6939 0.1755 -1.0151
v  -0.7048 0.2134 -0.9399
v  -0.6618 0.1745 -0.9920
v  -0.5025 0.0119 -1.1142
v  -0.5207 0.0204 -1.1252
v  -0.5414 0.0402 -1.0867
v  -0.5225 0.0287 -1.0697
v  -0.4905 -0.0069 -1.1646
v  -0.5111 -0.0010 -1.1723
v  -0.6549 0.0396 -1.2642
v  -0.7450 0.0520 -1.3267
v  -0.7687 0.0892 -1.2867
v  -0.6753 0.0643 -1.2206
v  -0.7868 0.1306 -1.2370
v  -0.6840 0.0910 -1.1835
v  -0.6070 0.0621 -1.1329
v  -0.5936 0.0362 -1.1671
v  -0.5750 0.0242 -1.2149
v  -0.5656 0.0462 -1.1036
v  -0.5447 0.0276 -1.1400
v  -0.5336 0.0085 -1.1861
v  -0.5901 -0.0862 -1.3827
v  -0.6838 -0.0895 -1.4202
v  -0.7114 -0.0431 -1.3828
v  -0.6281 -0.0423 -1.3401
v  -0.5573 -0.0472 -1.3078
v  -0.5113 -0.0916 -1.3510
v  -0.6423 0.0051 -1.3054
v  -0.5681 -0.0022 -1.2652
v  -0.7286 0.0065 -1.3560
v  0.1617 -0.1788 -1.2257
v  0.2645 -0.1872 -1.2099
v  0.2592 -0.2196 -1.2197
v  0.1550 -0.2122 -1.2425
v  0.1475 -0.2355 -1.2546
v  0.2570 -0.2435 -1.2297
v  0.2577 -0.2619 -1.2436
v  0.1408 -0.2523 -1.2697
v  0.1333 -0.2688 -1.2842
v  0.2568 -0.2825 -1.2546
v  1.3913 -0.1045 -0.9400
v  1.4727 -0.1496 -0.9403
v  1.3638 -0.1446 -0.8264
v  1.2620 -0.1106 -0.8740
v  1.3351 -0.2267 -0.8915
v  1.2681 -0.1897 -0.8998
v  0.3938 -0.1926 -1.0125
v  0.4131 -0.2132 -1.0334
v  0.3721 -0.2226 -1.0419
v  0.3411 -0.2083 -1.0108
v  0.4713 -0.1757 -1.0155
v  0.4901 -0.2001 -1.0306
v  1.0114 -0.3038 -1.0344
v  1.1261 -0.2840 -0.9955
v  0.8801 -0.3358 -1.0760
v  0.8628 -0.2716 -1.0336
v  1.0047 -0.2330 -1.0133
v  1.1416 -0.1954 -0.9674
v  1.2113 -0.2258 -0.9464
v  1.2247 -0.1776 -0.9226
v  1.2000 -0.1439 -0.9227
v  1.1616 -0.0171 -0.8892
v  1.2082 -0.0550 -0.8759
v  1.1648 -0.1116 -0.9227
v  1.1262 -0.0786 -0.9296
v  1.1012 -0.1550 -0.9632
v  1.0715 -0.1283 -0.9638
v  1.2019 -0.2982 -0.9723
v  0.8885 -0.0817 -0.9709
v  0.9177 -0.1162 -0.9749
v  0.7888 -0.1533 -0.9819
v  0.7746 -0.1219 -0.9796
v  1.0424 -0.1011 -0.9662
v  1.0896 -0.0451 -0.9429
v  1.1169 0.0197 -0.9059
v  0.9418 -0.1451 -0.9783
v  0.9642 -0.1694 -0.9890
v  0.8259 -0.2038 -1.0127
v  0.8065 -0.1794 -0.9973
v  0.6170 -0.1516 -1.0052
v  0.6307 -0.1827 -1.0053
v  0.3723 -0.2406 -1.1020
v  0.3474 -0.2353 -1.1480
v  0.3359 -0.2128 -1.1339
v  0.3525 -0.2149 -1.0850
v  0.4051 -0.2390 -1.0682
v  0.4432 -0.2580 -1.0947
v  0.4011 -0.2606 -1.1224
v  0.3646 -0.2547 -1.1642
v  0.9880 -0.1926 -1.0042
v  0.8453 -0.2305 -1.0214
v  0.4280 -0.2835 -1.1392
v  0.4799 -0.2809 -1.1176
v  0.3774 -0.2806 -1.1744
v  0.3060 -0.1893 -1.1607
v  0.3257 -0.1876 -1.1186
v  0.3119 -0.2176 -1.1789
v  0.3152 -0.2416 -1.1899
v  0.3237 -0.2603 -1.2045
v  0.3411 -0.1909 -1.0710
v  0.7007 -0.2663 -1.0382
v  0.6760 -0.2398 -1.0287
v  0.7293 -0.2954 -1.0739
v  0.6225 -0.3088 -1.1109
v  0.5864 -0.2773 -1.0822
v  0.5515 -0.2528 -1.0639
v  0.3290 -0.2832 -1.2139
v  0.6520 -0.2074 -1.0233
v  0.5183 -0.2239 -1.0493
v  0.5912 -0.3817 -1.1337
v  0.5618 -0.3144 -1.1297
v  0.6497 -0.3745 -1.1169
v  0.5227 -0.2800 -1.1036
v  0.4838 -0.2546 -1.0820
v  0.7522 -0.3603 -1.0969
v  0.4458 -0.2271 -1.0624
v  0.6746 0.7581 -0.6310
v  0.6891 0.7644 -0.5763
v  0.7993 0.7360 -0.5673
v  0.7763 0.7092 -0.6173
v  0.8582 0.6783 -0.5997
v  0.8780 0.7059 -0.5541
v  0.9317 0.6621 -0.5345
v  0.9279 0.6487 -0.5817
v  0.9835 0.5949 -0.5628
v  0.9901 0.6220 -0.5227
v  1.2247 0.5268 -0.3924
v  1.1213 0.6439 -0.3955
v  0.8848 0.7254 -0.5027
v  0.9422 0.6891 -0.4947
v  0.8088 0.7579 -0.5096
v  0.8155 0.7691 -0.4471
v  0.8930 0.7389 -0.4468
v  0.9542 0.7099 -0.4471
v  0.9950 0.6460 -0.4831
v  1.0110 0.6739 -0.4427
v  0.7058 0.7995 -0.5207
v  0.7139 0.8203 -0.4549
v  0.7180 0.8213 -0.3916
v  0.8311 0.7690 -0.3876
v  0.9152 0.7482 -0.3891
v  0.9841 0.7381 -0.3948
v  1.0437 0.7042 -0.3949
v  -0.8828 -0.4219 -0.7051
v  -0.9416 -0.3385 -0.7647
v  -0.8756 -0.5059 -0.6488
v  -0.8921 -0.4715 -0.6320
v  -0.9003 -0.3909 -0.6912
v  -0.9428 -0.3047 -0.7551
v  -0.9444 -0.3774 -0.6833
v  -0.9653 -0.2827 -0.7405
v  -0.9194 -0.4421 -0.6153
v  -0.9590 -0.4138 -0.6019
v  -0.9835 -0.3668 -0.6867
v  -1.0016 -0.2726 -0.7380
v  -0.9844 -0.7034 -0.6070
v  -0.9445 -0.5980 -0.6175
v  -0.9207 -0.6110 -0.6154
v  -0.9665 -0.7137 -0.6094
v  -1.0065 -0.6924 -0.6068
v  -1.0373 -0.6776 -0.6080
v  -1.0041 -0.5705 -0.6270
v  -0.9702 -0.5860 -0.6218
v  -0.9777 -0.4901 -0.5991
v  -0.9365 -0.5073 -0.5884
v  -0.8963 -0.5208 -0.5785
v  -0.8596 -0.5336 -0.5803
v  -1.0362 -0.2051 -0.7919
v  -1.0688 -0.1173 -0.8121
v  -1.0576 -0.1409 -0.8150
v  -1.0227 -0.2261 -0.7963
v  -1.0529 -0.1862 -0.7914
v  -1.0819 -0.0939 -0.8079
v  -1.0451 -0.1161 -0.8172
v  -1.0237 -0.0874 -0.8132
v  -1.0484 -0.1655 -0.8145
v  -1.0533 -0.0890 -0.8123
v  -1.0310 -0.0603 -0.8061
v  -1.0210 -0.2535 -0.7959
v  -1.0631 -0.0629 -0.8074
v  -1.0402 -0.0333 -0.7986
v  -1.0770 -0.0375 -0.8014
v  -1.0551 -0.0053 -0.7904
v  -0.9062 0.1467 -0.6892
v  -0.9595 0.1478 -0.6993
v  -0.9205 0.0904 -0.7357
v  -0.9825 0.0580 -0.7605
v  -0.5933 0.0791 -1.0822
v  -0.6272 0.1131 -1.0658
v  -0.6084 0.1062 -1.0448
v  -0.5725 0.0712 -1.0619
v  -0.6261 0.0886 -1.1095
v  -0.6614 0.1205 -1.0992
v  -0.6263 0.1362 -1.0147
v  -0.5932 0.0968 -1.0238
v  -0.6410 0.1418 -1.0300
v  -0.7557 0.1624 -1.1370
v  -0.7209 0.1316 -1.1564
v  -0.8336 0.1693 -1.2049
v  -0.6940 0.1511 -1.0788
v  -0.6594 0.1459 -1.0476
v  -0.6779 0.1044 -1.1506
v  -0.5555 0.0598 -1.0414
v  -0.2884 -0.1640 -1.3260
v  -0.3534 -0.1390 -1.3169
v  -0.3131 -0.1767 -1.3478
v  -0.3781 -0.1404 -1.3380
v  -0.5271 -0.0130 -1.2400
v  -0.5064 -0.0263 -1.2248
v  -0.4946 -0.0691 -1.2689
v  -0.5161 -0.0541 -1.2864
v  -0.3363 -0.1877 -1.3718
v  -0.4025 -0.1420 -1.3594
v  -0.4701 -0.1013 -1.3255
v  -0.4431 -0.1018 -1.3109
v  -0.4163 -0.0991 -1.3004
v  -0.4681 -0.0727 -1.2592
v  -0.4851 -0.0357 -1.2153
v  -0.8468 0.1568 -0.7627
v  -0.8579 0.1536 -0.7801
v  -0.8766 0.0994 -0.7710
v  -0.8631 0.0955 -0.7491
v  -0.9946 -0.0366 -0.7996
v  -1.0059 -0.0110 -0.7906
v  -1.0255 0.0189 -0.7785
v  -0.9629 0.0160 -0.7782
v  -0.9500 -0.0076 -0.7863
v  -0.8989 0.0344 -0.7599
v  -0.9155 0.0561 -0.7528
v  -0.8536 0.0903 -0.7232
v  -0.8386 0.1609 -0.7482
v  -0.9006 0.0309 -0.7862
v  -0.9399 -0.0294 -0.8006
v  -0.9881 -0.0609 -0.8085
v  3.2076 -1.2048 0.3682
v  3.1730 -1.2741 0.3663
v  3.2408 -1.2859 0.4882
v  3.2579 -1.1448 0.3613
v  3.3131 -1.0984 0.3549
v  3.3703 -1.0613 0.3529
v  3.4230 -1.0091 0.3751
v  3.4858 -1.0003 0.3534
v  3.1599 -1.3422 0.3535
v  3.0326 -1.3631 0.0568
v  3.2421 -1.6562 0.1433
v  3.3137 -1.6973 0.0723
v  3.3555 -1.7561 0.2360
v  3.2881 -1.7190 0.2922
v  3.5810 -1.1576 0.1441
v  3.6428 -1.3191 0.2694
v  3.6076 -1.2199 0.0983
v  3.6204 -1.2904 0.0629
v  3.5532 -1.1082 0.1940
v  3.5284 -1.0685 0.2468
v  3.5280 -1.0150 0.3037
v  3.6156 -1.3583 0.0423
v  3.3724 -1.3456 -0.3040
v  3.4021 -1.6607 0.0292
v  3.4394 -1.7308 0.2067
v  3.2889 -1.4098 0.8757
v  3.3380 -1.3780 0.8905
v  3.3878 -1.3444 0.9092
v  3.4441 -1.3520 0.9036
v  3.2490 -1.3639 0.6116
v  3.1336 -1.6093 0.8212
v  3.2991 -1.7797 0.4452
v  3.2520 -1.7136 0.4932
v  3.3644 -1.8166 0.4021
v  3.2165 -1.6335 0.5368
v  3.5319 -1.4739 0.8240
v  3.5108 -1.4255 0.8555
v  3.4929 -1.3738 0.8872
v  3.6478 -1.4158 0.4412
v  3.5786 -1.7122 0.7278
v  3.4438 -1.7972 0.3822
v  3.5189 -1.7472 0.3771
v  3.5844 -1.6801 0.3776
v  2.9360 -1.5780 1.3409
v  2.8285 -1.5935 1.4363
v  2.8751 -1.5827 1.4659
v  2.9845 -1.5633 1.3674
v  2.9236 -1.5870 1.4939
v  3.0347 -1.5639 1.3921
v  2.9711 -1.6078 1.5155
v  3.0840 -1.5819 1.4102
v  3.0451 -1.5960 1.0931
v  2.7937 -1.7454 1.2618
v  2.6878 -1.7420 1.3427
v  2.8300 -2.0273 1.2294
v  2.8879 -2.0831 1.2438
v  2.9884 -1.8428 1.0366
v  3.1635 -1.6620 1.4155
v  3.0472 -1.6903 1.5274
v  3.0698 -1.7421 1.5202
v  3.1878 -1.7141 1.4061
v  3.1283 -1.6160 1.4181
v  3.0136 -1.6437 1.5268
v  3.4330 -1.7355 1.1035
v  3.1764 -1.9343 1.3543
v  3.0420 -1.9534 1.4660
v  2.9627 -2.0955 1.2732
v  3.3325 -1.9557 1.0331
v  2.5754 -1.7278 1.4171
v  2.5516 -1.7820 1.3975
v  2.5399 -1.8492 1.3842
v  2.8545 -1.6244 1.6155
v  2.8084 -1.6017 1.5899
v  2.7621 -1.5948 1.5582
v  2.4215 -1.6378 1.6113
v  2.7182 -1.6024 1.5252
v  2.3067 -1.9694 1.5222
v  2.3544 -2.0295 1.5447
v  2.9130 -1.9694 1.5721
v  2.8693 -2.0154 1.5484
v  2.8128 -2.0546 1.5188
v  2.8966 -1.6616 1.6313
v  2.9302 -1.7093 1.6359
v  2.7125 -1.8698 1.7882
v  2.9522 -1.7621 1.6310
v  2.4130 -2.0614 1.5849
v  0.0793 0.3384 0.6187
v  0.0007 0.3967 0.6364
v  0.1847 0.3128 0.6063
v  0.5393 0.8091 -0.0256
v  0.4024 0.9006 0.0271
v  0.3944 0.8637 -0.0258
v  0.5419 0.8463 0.0327
v  0.6683 0.7614 -0.0295
v  0.6629 0.7821 0.0352
v  0.7564 0.7062 0.0306
v  0.7711 0.7107 -0.0399
v  -0.0938 0.2811 0.6508
v  -0.1431 0.3349 0.6473
v  -0.0705 0.3673 0.6214
v  -0.1163 0.4276 0.6445
v  -0.0584 0.4495 0.6566
v  -0.1061 0.4897 0.6922
v  -0.1649 0.4373 0.6222
v  -0.1969 0.3737 0.6451
v  -0.1842 0.5727 0.5895
v  -0.1737 0.5921 0.6244
v  -0.1711 0.5303 0.6003
v  -0.1587 0.5477 0.6342
v  -0.1419 0.4991 0.6468
v  -0.1573 0.4873 0.6037
v  -0.1390 0.5395 0.6856
v  -0.1597 0.5855 0.6715
v  -0.1919 0.7714 0.5190
v  -0.1789 0.7129 0.5796
v  -0.1727 0.6656 0.6340
v  -0.1679 0.6254 0.6593
v  1.3845 -0.1065 0.2831
v  1.3120 -0.0571 0.2897
v  1.2568 -0.0136 0.2943
v  0.9228 0.6483 -0.0739
v  0.8538 0.6795 -0.0557
v  0.8512 0.6862 0.0100
v  0.8941 0.5961 -0.0087
v  1.0011 0.6180 -0.0310
v  0.9794 0.5951 -0.0937
v  0.2951 0.1177 -1.1527
v  0.2405 0.0367 -1.1895
v  0.1502 0.0879 -1.2469
v  0.1871 0.1867 -1.1732
v  1.0196 0.1690 -0.9628
v  1.1053 0.1112 -0.9550
v  0.8914 0.2279 -0.9788
v  1.5493 -0.1832 -0.9471
v  1.6289 -0.2122 -0.9570
v  1.9773 -0.3420 -1.0260
v  2.0217 -0.3144 -0.9635
v  1.9249 -0.3065 -0.9739
v  1.9994 -0.2691 -0.8910
v  2.0386 -0.2236 -0.8580
v  2.0717 -0.1339 -0.7582
v  2.0739 -0.1738 -0.8049
v  1.6011 -0.0292 -0.5727
v  1.7744 -0.1088 -0.6355
v  1.4356 0.1114 -0.5393
v  1.2999 0.2850 -0.5306
v  1.1642 0.0658 -0.9491
v  1.2121 0.0265 -0.9444
v  1.2602 -0.0129 -0.9423
v  1.3165 -0.0556 -0.9417
v  0.7108 0.2932 -0.9856
v  0.5261 0.2873 -1.0448
v  0.3954 0.2135 -1.1166
v  0.3350 0.3005 -1.1230
v  0.1847 0.3080 -1.2486
v  -0.0993 0.2727 -1.2975
v  -0.0736 0.3575 -1.2714
v  -0.0107 0.2949 -1.2592
v  -0.0340 0.2122 -1.2988
v  0.0708 0.2317 -1.2317
v  0.0583 0.1493 -1.2890
v  0.0846 0.3274 -1.2629
v  0.0099 0.3821 -1.2805
v  -0.0547 0.4367 -1.3037
v  -0.1074 0.4806 -1.3379
v  1.8739 -0.2840 -0.9621
v  1.8076 -0.2671 -0.9642
v  1.7211 -0.2422 -0.9629
v  -0.1908 0.5553 -1.2538
v  -0.1800 0.5779 -1.2845
v  -0.2027 0.5905 -1.2233
v  -0.1867 0.6197 -1.2587
v  -0.1442 0.5280 -1.3383
v  -0.1683 0.5729 -1.3287
v  -0.2287 0.6478 -1.2116
v  -0.1947 0.6589 -1.2022
v  -0.2587 0.7113 -1.1842
v  1.2944 0.2844 -0.1389
v  0.2698 0.8888 -0.6477
v  -0.3132 0.7994 -1.1924
v  -0.3284 0.8104 -1.1271
# 6420 vertices

vn -0.0202 -0.5545 0.8320
vn -0.2218 -0.5489 0.8059
vn -0.2308 -0.5737 0.7859
vn 0.0836 -0.6102 0.7878
vn 0.2298 -0.6318 0.7403
vn 0.1472 -0.5730 0.8062
vn 0.1176 -0.5837 0.8034
vn -0.0919 -0.5847 0.8060
vn -0.2291 -0.5811 0.7809
vn 0.1300 -0.6172 0.7760
vn 0.2073 -0.6969 0.6866
vn 0.1063 -0.7764 0.6213
vn 0.0680 -0.6958 0.7150
vn 0.0596 -0.5829 0.8104
vn 0.1288 -0.5541 0.8224
vn 0.1141 -0.7651 0.6337
vn 0.1385 -0.8203 0.5549
vn 0.2343 -0.8565 0.4599
vn 0.1917 -0.8243 0.5328
vn 0.1707 -0.7567 0.6311
vn 0.1028 -0.6611 0.7432
vn 0.1372 -0.7577 0.6381
vn -0.0823 -0.7546 0.6510
vn -0.0722 -0.9628 0.2604
vn 0.1755 -0.9525 0.2490
vn 0.3351 -0.9060 0.2585
vn 0.2983 -0.7491 0.5915
vn 0.3076 -0.7855 0.5370
vn 0.2212 -0.9243 0.3109
vn 0.1137 -0.9490 0.2942
vn 0.1317 -0.8392 0.5277
vn 0.1904 -0.8661 0.4621
vn 0.2144 -0.9473 0.2379
vn 0.2411 -0.9476 0.2096
vn 0.2597 -0.8897 0.3754
vn -0.3309 -0.6276 0.7048
vn -0.3493 -0.6467 0.6780
vn -0.2911 -0.5821 0.7592
vn -0.2987 -0.5873 0.7523
vn -0.4185 -0.6211 0.6626
vn -0.4394 -0.6762 0.5913
vn -0.3692 -0.8417 0.3939
vn -0.3162 -0.6877 0.6536
vn -0.3173 -0.5672 0.7600
vn -0.2793 -0.9183 0.2806
vn -0.2658 -0.5398 0.7987
vn -0.2873 -0.5275 0.7995
vn -0.3684 -0.4638 0.8057
vn -0.4223 -0.4052 0.8109
vn -0.7500 -0.3188 0.5796
vn -0.6446 -0.4580 0.6122
vn -0.2578 -0.5565 0.7899
vn -0.3063 -0.5571 0.7719
vn 0.1370 -0.9887 -0.0607
vn 0.0467 -0.9913 -0.1232
vn -0.1321 -0.8626 -0.4884
vn -0.0855 -0.9455 -0.3143
vn -0.0453 -0.9942 -0.0973
vn 0.1347 -0.9882 0.0736
vn -0.2106 -0.8943 -0.3948
vn -0.0851 -0.9632 -0.2550
vn -0.2332 -0.7622 -0.6039
vn -0.3433 -0.9391 -0.0171
vn -0.2523 -0.9670 -0.0361
vn -0.0943 -0.9951 -0.0304
vn 0.0218 -0.9857 -0.1673
vn 0.0353 -0.9728 -0.2289
vn -0.1423 -0.7848 -0.6031
vn -0.1822 -0.7977 -0.5749
vn -0.2087 -0.7038 -0.6791
vn -0.1218 -0.8132 -0.5691
vn -0.1560 -0.9858 -0.0625
vn -0.2728 -0.9617 -0.0283
vn -0.0160 -0.9490 -0.3148
vn -0.1390 -0.9242 -0.3558
vn -0.2205 -0.7856 -0.5781
vn -0.1697 -0.7997 -0.5759
vn -0.0703 -0.9285 -0.3645
vn -0.1995 -0.9531 -0.2276
vn -0.1087 -0.9932 -0.0417
vn -0.0211 -0.9985 -0.0503
vn -0.3181 -0.8986 -0.3020
vn -0.3666 -0.8961 -0.2503
vn -0.3669 -0.7041 -0.6080
vn -0.2656 -0.7289 -0.6311
vn -0.4883 -0.8422 -0.2285
vn -0.7315 -0.6284 -0.2647
vn -0.6075 -0.6112 -0.5073
vn -0.4670 -0.6735 -0.5730
vn -0.5556 -0.7980 0.2336
vn -0.7847 -0.6125 0.0953
vn -0.2613 -0.9357 -0.2370
vn -0.3113 -0.9003 -0.3042
vn -0.2030 -0.9792 -0.0060
vn -0.1949 -0.9802 -0.0348
vn -0.3505 -0.8590 -0.3731
vn -0.4362 -0.7835 -0.4427
vn -0.4432 -0.8924 0.0842
vn -0.2656 -0.9636 0.0296
vn -0.5858 -0.6600 0.4704
vn -0.8327 -0.4603 0.3076
vn -0.9380 -0.2867 0.1949
vn -0.7467 -0.5774 0.3302
vn -0.8212 -0.5702 -0.0204
vn -0.6924 -0.6065 0.3909
vn -0.2739 -0.4483 0.8509
vn -0.3938 -0.6902 0.6070
vn -0.6960 -0.7152 0.0636
vn -0.4959 -0.8386 0.2255
vn -0.1741 -0.7623 0.6234
vn -0.9613 -0.2257 0.1581
vn -0.9683 -0.1707 0.1827
vn -0.9452 -0.2502 0.2097
vn -0.7825 -0.2797 0.5564
vn -0.5188 -0.3552 0.7776
vn -0.4691 -0.3657 0.8039
vn -0.4006 -0.4005 0.8241
vn -0.2541 -0.5124 0.8203
vn -0.3050 -0.5226 0.7962
vn -0.4587 -0.4554 0.7630
vn -0.4236 -0.3715 0.8261
vn -0.3344 -0.8600 0.3854
vn -0.1903 -0.8153 0.5469
vn -0.0731 -0.9279 0.3657
vn -0.1463 -0.9651 0.2173
vn -0.0829 -0.5779 0.8119
vn 0.1438 -0.5978 0.7887
vn 0.1757 -0.5223 0.8345
vn -0.0892 -0.5466 0.8326
vn 0.1133 -0.7495 0.6522
vn 0.1167 -0.5699 0.8134
vn 0.0556 -0.6500 0.7579
vn -0.0182 -0.8145 0.5799
vn 0.0919 -0.8610 0.5002
vn 0.1548 -0.8375 0.5240
vn 0.1207 -0.7962 0.5929
vn 0.1973 -0.5325 0.8232
vn -0.0168 -0.7771 0.6292
vn 0.1825 -0.6700 0.7195
vn 0.1581 -0.5699 0.8064
vn 0.0844 -0.5328 0.8420
vn 0.1292 -0.5419 0.8305
vn 0.1663 -0.5674 0.8065
vn 0.0915 -0.5202 0.8491
vn 0.1166 -0.6513 0.7498
vn 0.0284 -0.5467 0.8369
vn 0.1025 -0.4883 0.8666
vn -0.4129 -0.0297 0.9103
vn -0.5143 -0.0915 0.8527
vn -0.6830 -0.2642 0.6810
vn -0.6280 -0.2437 0.7391
vn -0.4710 -0.3074 0.8268
vn -0.2337 -0.0554 0.9707
vn 0.0677 0.1900 0.9794
vn -0.1055 0.1486 0.9833
vn -0.2444 0.0669 0.9674
vn -0.5704 -0.1642 0.8048
vn -0.6118 -0.2093 0.7628
vn -0.6833 -0.2402 0.6895
vn -0.6775 -0.2757 0.6819
vn -0.3756 -0.0559 0.9251
vn -0.4695 -0.1427 0.8713
vn -0.3967 0.7121 0.5793
vn -0.4923 0.6804 0.5428
vn -0.4372 0.4299 0.7899
vn -0.2750 0.4306 0.8596
vn -0.1875 0.4640 0.8658
vn -0.2732 0.6844 0.6760
vn -0.4136 0.8323 0.3691
vn -0.4517 0.8689 0.2025
vn -0.3962 0.9016 0.1739
vn 0.0343 -0.1359 0.9901
vn -0.2547 -0.4677 0.8464
vn 0.0703 -0.4632 0.8834
vn 0.3331 -0.1511 0.9307
vn 0.5036 0.1305 0.8541
vn 0.2987 0.1832 0.9366
vn 0.5738 0.2754 0.7713
vn 0.4577 0.0004 0.8891
vn 0.3586 0.0418 0.9326
vn 0.4559 0.3283 0.8273
vn 0.2194 0.0251 0.9753
vn 0.2942 0.3144 0.9026
vn -0.5033 -0.3335 0.7972
vn -0.1888 0.1788 0.9656
vn 0.0678 -0.0105 0.9976
vn -0.2915 -0.4659 0.8354
vn 0.1842 -0.2487 0.9509
vn -0.0821 -0.5648 0.8211
vn 0.0303 -0.5705 0.8208
vn 0.2818 -0.1968 0.9391
vn 0.4026 -0.0309 0.9149
vn 0.1824 0.0789 0.9800
vn 0.0535 -0.0585 0.9969
vn -0.3494 -0.7109 0.6104
vn -0.2679 0.0021 0.9634
vn -0.1808 0.0571 0.9819
vn -0.3035 -0.6694 0.6781
vn -0.4121 -0.7475 0.5210
vn -0.3061 -0.0586 0.9502
vn -0.2415 -0.5759 0.7810
vn 0.0865 -0.0143 0.9962
vn 0.2346 -0.0489 0.9709
vn -0.2802 -0.5867 0.7598
vn -0.2135 -0.6305 0.7463
vn 0.0976 0.0848 0.9916
vn 0.0574 0.0205 0.9981
vn 0.0594 0.0044 0.9982
vn 0.1507 0.0608 0.9867
vn 0.1387 0.0500 0.9891
vn 0.1228 -0.0127 0.9923
vn 0.0656 0.0300 0.9974
vn 0.1505 0.0548 0.9871
vn 0.0893 0.0737 0.9933
vn 0.2798 0.1205 0.9525
vn 0.2790 -0.3528 0.8931
vn 0.5180 -0.0574 0.8535
vn 0.3697 -0.2549 0.8935
vn 0.2037 -0.5039 0.8394
vn 0.4825 -0.0258 0.8755
vn 0.5756 -0.0952 0.8121
vn 0.5023 -0.0325 0.8641
vn 0.5199 0.1406 0.8426
vn 0.7414 -0.2672 0.6156
vn 0.8050 -0.1575 0.5720
vn 0.9019 -0.2383 0.3604
vn 0.8483 -0.3739 0.3749
vn 0.8402 -0.3566 0.4084
vn 0.6977 -0.2435 0.6738
vn 0.3587 0.1618 0.9193
vn 0.2374 0.1924 0.9522
vn 0.3978 0.0901 0.9130
vn 0.5572 0.0486 0.8290
vn 0.4755 -0.3085 0.8239
vn 0.4207 0.2287 0.8779
vn 0.4160 0.0541 0.9077
vn 0.6598 -0.1816 0.7292
vn 0.8259 -0.3326 0.4553
vn 0.8413 -0.2929 0.4543
vn 0.6721 -0.1177 0.7310
vn 0.6753 -0.2760 0.6839
vn 0.7394 -0.4732 0.4790
vn 0.3658 -0.2107 0.9065
vn 0.4081 -0.0229 0.9127
vn 0.1714 0.0114 0.9851
vn 0.1564 -0.0797 0.9845
vn 0.3139 -0.4621 0.8294
vn 0.7887 -0.5277 0.3154
vn 0.9090 -0.3969 0.1273
vn 0.5861 -0.4572 0.6689
vn -0.0399 -0.0744 0.9964
vn -0.1956 -0.0656 0.9785
vn -0.1502 -0.0236 0.9884
vn 0.0814 -0.0792 0.9935
vn 0.1872 -0.0826 0.9788
vn 0.1514 -0.0825 0.9850
vn 0.1484 -0.0737 0.9862
vn 0.1386 -0.0384 0.9896
vn 0.1137 0.0070 0.9935
vn 0.0826 -0.0298 0.9961
vn 0.9037 -0.4175 0.0949
vn 0.9087 -0.4106 0.0756
vn 0.8573 -0.2602 0.4443
vn 0.7936 -0.3826 0.4730
vn 0.0252 -0.0742 0.9969
vn 0.1560 0.0063 0.9877
vn -0.1537 0.0663 0.9859
vn -0.1736 -0.0033 0.9848
vn 0.0880 0.0113 0.9961
vn 0.1158 -0.0864 0.9895
vn 0.0958 0.0333 0.9948
vn 0.0548 0.0049 0.9985
vn 0.1115 0.0052 0.9938
vn 0.0546 -0.0094 0.9985
vn 0.9130 -0.3894 0.1216
vn 0.9696 -0.1768 0.1692
vn 0.7644 -0.0909 0.6383
vn 0.8454 -0.1389 0.5158
vn 0.2185 0.1247 0.9678
vn 0.1258 0.3095 0.9426
vn -0.0798 0.1162 0.9900
vn -0.1383 0.1095 0.9843
vn 0.0752 0.0817 0.9938
vn 0.0844 0.0853 0.9928
vn 0.1018 -0.5787 0.8092
vn 0.1550 -0.5930 0.7901
vn -0.0366 -0.7617 0.6468
vn 0.0840 -0.8018 0.5917
vn -0.1469 -0.6110 0.7779
vn 0.0177 -0.6075 0.7942
vn -0.2257 -0.6569 0.7194
vn -0.1381 -0.6907 0.7098
vn 0.0391 -0.8502 0.5250
vn -0.0768 -0.8217 0.5647
vn 0.0700 -0.6268 0.7760
vn 0.1489 -0.5904 0.7933
vn -0.0772 -0.8218 0.5646
vn -0.0541 -0.7816 0.6214
vn 0.0216 -0.7729 0.6342
vn -0.0459 -0.8442 0.5341
vn 0.2907 -0.2150 0.9324
vn 0.2245 -0.3156 0.9220
vn 0.1453 -0.4700 0.8706
vn 0.2282 -0.3414 0.9118
vn 0.3274 -0.0771 0.9417
vn 0.3996 0.2956 0.8677
vn 0.3956 0.1086 0.9120
vn 0.2866 -0.0748 0.9551
vn 0.0896 -0.7014 0.7071
vn 0.0190 -0.7155 0.6983
vn 0.1152 -0.6600 0.7424
vn 0.1504 -0.5990 0.7865
vn 0.3171 -0.0159 0.9483
vn 0.2843 -0.2707 0.9197
vn 0.3012 -0.2592 0.9177
vn 0.2953 -0.0015 0.9554
vn 0.2865 0.4018 0.8697
vn 0.3332 0.3919 0.8576
vn -0.1760 -0.6868 0.7052
vn -0.1122 -0.6035 0.7894
vn 0.0189 -0.5571 0.8302
vn -0.0731 -0.6418 0.7634
vn 0.0752 -0.6013 0.7955
vn 0.1954 -0.4225 0.8851
vn 0.3024 -0.5563 0.7740
vn 0.2219 -0.6173 0.7548
vn 0.2372 -0.5958 0.7673
vn 0.2388 -0.5895 0.7716
vn 0.2003 -0.5911 0.7813
vn 0.3130 -0.5251 0.7914
vn 0.1892 -0.5784 0.7935
vn 0.1194 -0.5825 0.8040
vn 0.1839 -0.1736 0.9675
vn 0.2671 -0.2280 0.9363
vn -0.9211 0.3575 0.1544
vn -0.9785 0.2064 -0.0045
vn -0.9792 0.0564 -0.1947
vn -0.9952 0.0838 0.0498
vn -0.7678 0.3943 0.5050
vn -0.8208 0.0841 0.5650
vn -0.8896 0.3109 0.3347
vn -0.7431 0.3830 0.5488
vn -0.9647 0.1894 0.1829
vn -0.5468 0.3369 0.7665
vn -0.5114 0.1061 0.8528
vn -0.3376 0.1097 0.9349
vn -0.3694 0.2537 0.8940
vn -0.4671 0.3177 0.8252
vn -0.5805 0.3621 0.7293
vn 0.0105 0.1729 0.9849
vn -0.1968 0.3384 0.9202
vn -0.3009 0.3029 0.9043
vn -0.0495 0.1963 0.9793
vn 0.1556 0.0881 0.9839
vn 0.1885 0.0245 0.9818
vn 0.2988 0.1156 0.9473
vn 0.1637 0.3442 0.9245
vn -0.0010 0.5143 0.8576
vn 0.5471 -0.3031 0.7803
vn 0.5364 -0.4173 0.7336
vn 0.4470 -0.2093 0.8697
vn 0.4277 -0.1583 0.8899
vn 0.4092 -0.0399 0.9116
vn 0.5835 -0.1916 0.7892
vn 0.7453 -0.3871 0.5428
vn 0.6175 -0.5310 0.5803
vn 0.5969 -0.6362 0.4889
vn 0.3125 -0.0726 0.9471
vn 0.2872 0.0208 0.9577
vn 0.3847 -0.0616 0.9210
vn -0.1353 0.2031 0.9698
vn -0.3784 0.3347 0.8630
vn -0.4259 0.2792 0.8606
vn -0.2071 0.0990 0.9733
vn -0.0355 -0.0977 0.9946
vn 0.0670 0.0541 0.9963
vn 0.5163 -0.1809 0.8371
vn 0.7852 -0.2535 0.5650
vn 0.2861 -0.1037 0.9526
vn 0.0899 -0.2697 0.9587
vn 0.3962 -0.2993 0.8680
vn 0.7162 -0.1208 0.6874
vn 0.1613 -0.0346 0.9863
vn -0.0086 -0.2368 0.9715
vn -0.1444 -0.0651 0.9874
vn -0.3618 0.1661 0.9173
vn -0.2506 -0.0171 0.9679
vn -0.0635 -0.2335 0.9703
vn 0.0468 -0.3619 0.9310
vn -0.0057 -0.2576 0.9662
vn -0.9674 -0.0177 -0.2526
vn -0.9989 0.0280 -0.0383
vn -0.9492 -0.1975 -0.2451
vn -0.8694 -0.2197 -0.4427
vn -0.7352 -0.3616 -0.5734
vn -0.8804 -0.1446 -0.4516
vn -0.0589 -0.3385 0.9391
vn -0.0044 -0.4134 0.9106
vn -0.0676 -0.5184 0.8524
vn -0.0499 -0.4099 0.9108
vn 0.2088 -0.4267 0.8799
vn 0.0198 -0.5437 0.8391
vn 0.1873 -0.4506 0.8729
vn 0.4223 -0.2121 0.8813
vn 0.9144 -0.0933 0.3939
vn 0.7837 -0.5509 0.2869
vn 0.7442 0.3668 0.5582
vn 0.1835 0.8403 0.5101
vn 0.6317 0.3439 0.6947
vn 0.6715 -0.5024 0.5447
vn 0.5276 0.2836 0.8008
vn 0.3237 -0.1879 0.9273
vn 0.1263 0.2539 0.9589
vn 0.0278 0.7565 0.6534
vn 0.6039 -0.7180 0.3462
vn 0.5805 -0.0782 0.8105
vn 0.6517 0.0651 0.7557
vn 0.5927 -0.7685 0.2411
vn -0.0361 0.7688 0.6385
vn -0.2669 0.8448 0.4638
vn -0.1395 0.8848 0.4446
vn -0.1131 0.8877 0.4462
vn -0.2056 0.7607 0.6156
vn 0.0666 0.2861 0.9559
vn 0.3809 0.3293 0.8640
vn 0.0547 0.7856 0.6163
vn -0.2489 0.0493 0.9673
vn -0.1042 -0.2042 0.9734
vn -0.3964 0.1978 0.8965
vn -0.1802 -0.1281 0.9753
vn 0.0430 -0.3722 0.9271
vn -0.4826 0.3177 0.8162
vn -0.5272 0.3547 0.7722
vn -0.4768 0.3498 0.8064
vn -0.4582 0.3488 0.8176
vn -0.8446 0.1672 0.5087
vn -0.7040 0.2585 0.6615
vn -0.5431 0.1511 0.8260
vn -0.7698 0.0987 0.6306
vn -0.9356 0.1008 0.3383
vn -0.9462 0.0470 0.3203
vn -0.5789 0.3096 0.7544
vn -0.4245 0.3150 0.8489
vn -0.2892 0.3061 0.9070
vn -0.3638 0.2466 0.8982
vn -0.3840 0.3208 0.8658
vn -0.3546 0.3193 0.8788
vn -0.5114 0.3734 0.7740
vn -0.4756 0.3634 0.8011
vn -0.5103 0.3958 0.7635
vn -0.5003 0.3661 0.7846
vn 0.1061 0.4931 0.8635
vn -0.1802 0.5101 0.8410
vn -0.0804 0.6680 0.7398
vn 0.0824 0.6625 0.7446
vn 0.0828 0.7081 0.7012
vn 0.1783 0.5837 0.7922
vn 0.3578 0.3826 0.8518
vn 0.0670 -0.9887 -0.1340
vn 0.0542 -0.9982 -0.0237
vn -0.0954 -0.9941 -0.0526
vn -0.0903 -0.9959 0.0109
vn -0.0684 -0.9900 0.1237
vn 0.0747 -0.9955 0.0585
vn 0.1070 -0.9624 0.2499
vn -0.0331 -0.9719 0.2330
vn 0.0299 -0.9539 0.2988
vn 0.1821 -0.9511 0.2494
vn 0.2391 -0.9250 0.2952
vn 0.1264 -0.9359 0.3288
vn 0.1722 -0.8986 0.4036
vn 0.2498 -0.8874 0.3875
vn 0.2576 -0.8568 0.4467
vn 0.1718 -0.8792 0.4444
vn 0.1519 -0.8649 0.4784
vn 0.2488 -0.8124 0.5273
vn 0.1916 -0.7712 0.6070
vn 0.1413 -0.8388 0.5257
vn 0.1335 -0.8110 0.5696
vn 0.0885 -0.7287 0.6790
vn -0.0301 -0.7078 0.7057
vn 0.1351 -0.7918 0.5957
vn 0.1370 -0.7679 0.6257
vn -0.0526 -0.7160 0.6961
vn 0.0549 -0.6368 0.7691
vn 0.1717 -0.6874 0.7057
vn 0.2271 -0.5825 0.7804
vn 0.1523 -0.5486 0.8221
vn 0.2692 -0.3714 0.8886
vn 0.3331 -0.3885 0.8591
vn 0.0854 -0.7717 0.6302
vn -0.1439 -0.7330 0.6648
vn -0.0560 -0.6940 0.7178
vn 0.1100 -0.7142 0.6912
vn -0.0347 -0.5143 0.8569
vn 0.1479 -0.5521 0.8205
vn -0.1977 -0.9714 0.1318
vn -0.1602 -0.9808 0.1113
vn -0.2132 -0.9729 0.0896
vn -0.2267 -0.9632 0.1444
vn -0.1730 -0.9705 0.1682
vn -0.1788 -0.9745 0.1354
vn -0.1803 -0.9829 -0.0386
vn -0.2086 -0.9771 -0.0415
vn -0.1643 -0.9853 -0.0470
vn -0.3818 -0.9242 -0.0115
vn -0.3734 -0.9253 -0.0659
vn -0.3896 -0.9190 -0.0612
vn -0.3961 -0.9179 0.0232
vn -0.4186 -0.9006 0.1169
vn -0.3875 -0.9182 0.0826
vn -0.3606 -0.9326 0.0142
vn -0.3838 -0.9232 0.0186
vn -0.3957 -0.9127 0.1022
vn -0.3664 -0.9262 0.0886
vn -0.3584 -0.9324 -0.0464
vn -0.3826 -0.9232 -0.0365
vn -0.4541 -0.8716 0.1845
vn -0.4965 -0.8401 0.2185
vn -0.3721 -0.8687 0.3270
vn -0.3802 -0.9033 0.1988
vn -0.3938 -0.9051 0.1606
vn -0.4040 -0.9000 0.1636
vn -0.4220 -0.8827 0.2068
vn -0.4331 -0.8724 0.2266
vn -0.5430 -0.7969 0.2647
vn -0.5535 -0.7506 0.3609
vn -0.2722 -0.8903 0.3652
vn -0.3232 -0.8803 0.3473
vn -0.5429 -0.7683 0.3390
vn -0.4846 -0.8254 0.2898
vn -0.4611 -0.8450 0.2709
vn -0.5091 -0.7878 0.3466
vn -0.2084 -0.8688 0.4491
vn -0.5341 -0.7099 0.4592
vn -0.4559 -0.7293 0.5101
vn -0.0534 -0.8559 0.5143
vn 0.0074 -0.8509 0.5252
vn -0.3497 -0.7814 0.5168
vn -0.2705 -0.7408 0.6149
vn 0.0518 -0.8103 0.5837
vn -0.5592 -0.5763 0.5960
vn -0.7016 -0.5548 0.4471
vn -0.7300 -0.5560 0.3974
vn -0.5006 -0.6357 0.5876
vn 0.0770 -0.7859 0.6136
vn -0.1912 -0.7364 0.6490
vn -0.6532 -0.6542 0.3813
vn -0.5114 -0.7191 0.4705
vn -0.5023 -0.6717 0.5446
vn -0.5405 -0.7656 0.3489
vn -0.6782 -0.6796 0.2796
vn -0.6401 -0.5520 0.5344
vn -0.4973 -0.5308 0.6862
vn -0.3971 -0.5970 0.6971
vn -0.8865 -0.1245 -0.4457
vn -0.7211 -0.2933 -0.6276
vn -0.6960 -0.4441 -0.5642
vn -0.8461 -0.3676 -0.3859
vn -0.9819 0.0061 -0.1895
vn -0.8438 0.4359 -0.3131
vn -0.8651 0.2173 -0.4520
vn -0.7823 -0.1674 -0.6000
vn -0.9973 0.0031 0.0728
vn -0.9648 0.2562 -0.0585
vn -0.4180 -0.5866 0.6937
vn -0.3249 -0.6231 0.7114
vn -0.9030 0.3015 -0.3060
vn -0.8808 0.4198 -0.2191
vn -0.9733 -0.0077 0.2295
vn -0.9963 -0.0655 0.0555
vn -0.9026 -0.4298 0.0227
vn -0.9275 -0.2048 -0.3127
vn -0.8545 -0.3604 0.3742
vn -0.8198 -0.5501 0.1588
vn -0.7655 -0.3459 0.5426
vn -0.9302 0.3365 -0.1464
vn -0.8930 0.4500 0.0059
vn -0.9054 0.3450 -0.2474
vn -0.8146 0.4103 -0.4100
vn -0.9052 0.2526 0.3418
vn -0.7814 0.4747 0.4052
vn -0.2280 -0.6475 0.7272
vn -0.4339 -0.5686 0.6989
vn -0.4596 -0.4600 0.7597
vn -0.2099 -0.5324 0.8200
vn -0.6969 -0.4219 0.5800
vn -0.9533 -0.1477 0.2634
vn -0.9577 -0.1419 0.2502
vn -0.7410 -0.3496 0.5733
vn -0.9753 0.1566 -0.1556
vn -0.9289 0.2695 -0.2541
vn -0.3822 -0.3700 0.8468
vn -0.2331 -0.3601 0.9033
vn -0.5710 -0.2160 0.7920
vn -0.2064 -0.3218 0.9240
vn 0.1071 -0.4077 0.9068
vn -0.0692 -0.6031 0.7947
vn 0.0394 -0.4468 0.8938
vn 0.0435 -0.2204 0.9744
vn 0.1170 0.0328 0.9926
vn 0.0951 -0.0961 0.9908
vn -0.7552 -0.0113 0.6553
vn -0.8669 0.0554 0.4954
vn -0.6626 0.3036 0.6846
vn -0.4680 0.1012 0.8779
vn -0.9347 0.2319 0.2695
vn -0.8895 0.4415 0.1176
vn -0.8269 0.4557 0.3294
vn -0.7611 0.3907 0.5177
vn -0.2985 0.3948 0.8689
vn -0.4482 0.5636 0.6939
vn -0.2879 0.6757 0.6787
vn -0.1237 0.6216 0.7735
vn 0.2179 0.4330 0.8747
vn -0.0573 0.1121 0.9920
vn 0.1418 0.0913 0.9857
vn 0.2785 0.2226 0.9343
vn 0.2784 0.2112 0.9370
vn 0.2316 0.1816 0.9557
vn -0.6757 0.2037 0.7084
vn -0.3504 0.1779 0.9195
vn -0.2268 0.3566 0.9063
vn -0.5443 0.4209 0.7257
vn -0.4009 0.3428 0.8496
vn -0.3263 0.3791 0.8659
vn -0.1170 0.3363 0.9344
vn -0.1856 0.2440 0.9519
vn -0.0800 0.1557 0.9846
vn -0.0512 0.3262 0.9439
vn -0.0369 0.2527 0.9668
vn 0.0260 0.4877 0.8726
vn -0.5187 0.5588 0.6471
vn -0.3925 0.3477 0.8515
vn 0.0788 0.3196 0.9443
vn -0.4429 0.5672 0.6944
vn -0.6543 0.6728 0.3454
vn -0.3625 0.7624 0.5360
vn -0.1946 0.7518 0.6300
vn -0.3887 0.4561 0.8006
vn -0.1818 0.6739 0.7161
vn -0.5285 0.5247 0.6674
vn -0.5485 0.5543 0.6260
vn -0.5979 0.6779 0.4278
vn -0.4205 0.7394 0.5258
vn -0.3216 0.5692 0.7567
vn -0.6510 0.7126 0.2616
vn -0.4237 0.7826 0.4560
vn -0.8073 0.5562 0.1971
vn -0.6714 0.6124 0.4174
vn -0.5292 0.6828 0.5037
vn -0.6980 0.5892 0.4070
vn 0.0883 0.7224 0.6858
vn 0.0980 0.6751 0.7312
vn 0.0069 0.6269 0.7791
vn 0.0173 0.6498 0.7599
vn -0.1679 0.7387 0.6528
vn -0.3793 0.7007 0.6042
vn -0.3009 0.6971 0.6508
vn -0.5644 0.5938 0.5735
vn -0.0472 0.5064 0.8610
vn -0.3932 0.5966 0.6997
vn -0.0035 0.4996 0.8663
vn 0.0674 0.7326 0.6773
vn 0.0145 0.7797 0.6260
vn 0.0165 0.6674 0.7445
vn 0.0187 0.6279 0.7781
vn 0.0944 0.6079 0.7883
vn 0.0259 0.7935 0.6080
vn -0.0075 0.8049 0.5934
vn -0.2291 -0.5634 0.7938
vn -0.1307 0.2525 0.9587
vn -0.0141 0.5150 0.8571
vn -0.0601 -0.3385 0.9390
vn 0.0652 0.6068 0.7921
vn 0.1803 0.6728 0.7175
vn -0.1008 -0.3695 0.9238
vn 0.3402 0.9132 -0.2244
vn 0.1547 0.9104 -0.3838
vn 0.0892 0.9958 0.0198
vn 0.2525 0.9110 0.3262
vn 0.4343 0.7503 0.4984
vn 0.5752 0.8180 -0.0007
vn 0.2663 0.6388 0.7218
vn 0.4392 0.8974 0.0430
vn 0.4677 0.8835 0.0256
vn 0.2645 0.5274 0.8074
vn 0.2083 0.4338 0.8766
vn 0.1254 0.5639 0.8162
vn 0.1985 0.6795 0.7063
vn 0.3305 0.7135 0.6178
vn 0.4649 0.8841 0.0472
vn 0.1436 0.8882 0.4364
vn 0.3345 0.6224 0.7076
vn 0.1642 0.7470 0.6442
vn 0.6996 0.7140 0.0278
vn 0.5514 0.6569 0.5142
vn 0.6793 0.6378 0.3629
vn 0.3766 0.5422 0.7511
vn 0.5260 0.8505 0.0074
vn 0.6712 0.7413 0.0089
vn 0.5991 0.6543 0.4615
vn 0.4465 0.4512 0.7727
vn 0.2988 0.3343 0.8939
vn 0.4348 0.5150 0.7387
vn 0.4281 0.3858 0.8173
vn 0.7217 0.5558 0.4125
vn 0.7367 0.6070 0.2981
vn 0.7002 0.7124 -0.0475
vn 0.7585 0.6504 -0.0413
vn 0.4961 0.3335 0.8017
vn 0.4678 0.3231 0.8227
vn 0.5027 0.4275 0.7514
vn 0.6155 0.4246 0.6640
vn 0.0077 0.7925 0.6098
vn 0.1382 0.6633 0.7355
vn 0.2170 0.6899 0.6906
vn 0.0241 0.8049 0.5930
vn 0.0039 0.7541 0.6567
vn -0.0103 0.7955 0.6059
vn 0.1107 0.7291 0.6754
vn 0.0247 0.7879 0.6153
vn 0.1420 0.7482 0.6481
vn 0.2775 0.6039 0.7472
vn 0.4421 0.5049 0.7414
vn 0.2623 0.6904 0.6742
vn 0.5379 0.3851 0.7499
vn 0.3402 0.5977 0.7260
vn 0.6695 0.4283 0.6068
vn 0.7456 0.2966 0.5967
vn 0.2084 0.0277 0.9776
vn 0.9696 0.1036 0.2215
vn 0.6704 0.6066 0.4274
vn 0.6873 0.3093 0.6572
vn 0.9505 -0.1589 0.2670
vn 0.8652 -0.3743 0.3336
vn 0.7187 0.2244 0.6581
vn 0.6835 0.6532 0.3258
vn 0.8851 0.4651 0.0146
vn 0.2536 0.9667 -0.0331
vn 0.4128 0.8616 -0.2954
vn 0.6654 0.7340 0.1360
vn 0.6922 0.6168 0.3748
vn 0.3856 0.7703 0.5079
vn 0.2461 0.9551 0.1653
vn 0.4839 0.6700 0.5629
vn 0.5608 0.5743 0.5964
vn 0.6127 0.7844 0.0969
vn 0.5640 0.8230 0.0677
vn 0.4185 0.2142 0.8826
vn 0.2997 0.4341 0.8496
vn 0.5192 0.2835 0.8063
vn 0.4174 0.4752 0.7746
vn 0.1298 0.7642 0.6317
vn 0.4129 0.6263 0.6612
vn 0.5577 0.5270 0.6413
vn 0.3271 0.6205 0.7127
vn 0.4844 0.4576 0.7456
vn 0.6610 0.4027 0.6331
vn 0.7020 0.2690 0.6594
vn 0.5944 0.3207 0.7374
vn 0.6692 0.2196 0.7099
vn 0.7425 0.1454 0.6538
vn 0.7550 0.1336 0.6420
vn 0.7525 0.2400 0.6134
vn 0.7507 0.4648 0.4694
vn 0.7375 0.3529 0.5758
vn 0.6614 0.4567 0.5949
vn 0.6627 0.4357 0.6091
vn 0.6811 0.4045 0.6103
vn 0.7654 0.4911 0.4160
vn 0.7859 0.4398 0.4347
vn 0.6556 0.3050 0.6908
vn 0.8149 0.5517 0.1777
vn 0.6948 0.6162 0.3710
vn 0.4565 0.5500 0.6993
vn 0.6628 0.5430 0.5156
vn 0.4830 0.5715 0.6634
vn 0.3633 0.6067 0.7070
vn 0.4564 0.8788 0.1397
vn 0.5434 0.8322 0.1100
vn -0.6010 0.7009 0.3841
vn -0.5919 0.6293 0.5036
vn -0.5014 0.6843 0.5296
vn -0.5466 0.7309 0.4087
vn -0.5654 0.6421 0.5177
vn -0.6071 0.6927 0.3894
vn -0.6344 0.7383 0.2290
vn -0.5733 0.7759 0.2632
vn -0.5896 0.7684 0.2489
vn -0.5917 0.7862 -0.1780
vn -0.5184 0.8055 -0.2872
vn -0.4128 0.9013 -0.1313
vn -0.4994 0.8644 -0.0591
vn -0.2632 0.9624 0.0671
vn -0.3684 0.9246 0.0971
vn -0.4665 0.8751 0.1289
vn -0.5605 0.8274 0.0345
vn -0.6398 0.7673 -0.0432
vn 0.3326 0.7688 0.5462
vn 0.3392 0.7851 0.5182
vn -0.3150 0.7567 0.5729
vn -0.3004 0.8105 0.5028
vn -0.2424 0.8769 0.4150
vn 0.3397 0.7780 0.5285
vn 0.2657 0.7902 0.5522
vn 0.2815 0.7778 0.5619
vn -0.1895 0.9154 0.3552
vn -0.1097 0.9365 0.3331
vn -0.0296 0.9478 0.3175
vn 0.2689 0.7911 0.5494
vn -0.5313 0.6880 -0.4943
vn -0.4420 0.7340 -0.5156
vn -0.3663 0.8575 -0.3612
vn -0.4445 0.8275 -0.3430
vn -0.6068 0.6715 -0.4252
vn -0.6725 0.5028 -0.5431
vn -0.5829 0.5319 -0.6143
vn -0.4787 0.6025 -0.6386
vn -0.7810 0.6228 -0.0460
vn -0.7446 0.6471 -0.1640
vn -0.6440 0.7606 0.0825
vn -0.8007 0.5899 0.1049
vn -0.9179 0.3940 -0.0478
vn -0.8763 0.4428 -0.1900
vn -0.8270 0.4795 -0.2936
vn -0.7967 0.3085 -0.5197
vn -0.8679 0.2886 -0.4043
vn -0.8676 0.0845 -0.4901
vn -0.7988 0.1228 -0.5889
vn -0.7037 0.1569 -0.6930
vn -0.7034 0.3259 -0.6317
vn -0.7547 0.5016 -0.4229
vn -0.6304 -0.5283 -0.5687
vn -0.2678 -0.8562 -0.4417
vn -0.2338 -0.8550 -0.4629
vn -0.5841 -0.5107 -0.6309
vn -0.2295 -0.8725 -0.4314
vn -0.5544 -0.4912 -0.6719
vn -0.6543 -0.1972 -0.7301
vn -0.7188 -0.2381 -0.6532
vn -0.7650 -0.2792 -0.5804
vn -0.5126 0.1003 -0.8528
vn -0.5000 0.2952 -0.8142
vn -0.6016 0.2148 -0.7694
vn -0.5915 0.0371 -0.8054
vn -0.6862 -0.0146 -0.7272
vn -0.5774 -0.1579 -0.8011
vn -0.5169 -0.1158 -0.8482
vn -0.9915 0.1284 0.0186
vn -0.9759 0.0666 0.2080
vn -0.9888 -0.1118 0.0991
vn -0.9951 -0.0492 -0.0862
vn -0.9590 0.0088 -0.2834
vn -0.9642 0.1927 -0.1821
vn -0.9311 0.3317 0.1519
vn -0.8986 0.2774 0.3399
vn -0.8132 -0.2958 -0.5011
vn -0.6838 -0.5352 -0.4960
vn -0.8691 -0.3227 -0.3750
vn -0.7337 -0.5529 -0.3948
vn -0.2605 -0.8866 -0.3822
vn -0.2790 -0.8697 -0.4070
vn -0.8686 -0.1348 -0.4769
vn -0.8288 -0.1013 -0.5503
vn -0.9094 0.0497 -0.4129
vn -0.9215 -0.1712 -0.3485
vn -0.5597 0.4117 0.7192
vn -0.4480 0.3476 0.8237
vn -0.6188 0.0892 0.7804
vn -0.7423 0.1717 0.6477
vn -0.8049 0.2154 0.5529
vn -0.6295 0.4631 0.6239
vn -0.4825 0.5965 0.6414
vn -0.4088 0.5498 0.7285
vn -0.3101 0.5093 0.8028
vn 0.6045 0.5173 0.6058
vn 0.6156 0.4212 0.6661
vn 0.4570 0.4195 0.7843
vn 0.4587 0.5848 0.6690
vn 0.4248 0.6697 0.6091
vn 0.5835 0.6288 0.5139
vn 0.4629 0.6563 0.5958
vn 0.3435 0.6505 0.6774
vn 0.2065 0.4931 0.8451
vn 0.3013 0.5127 0.8040
vn -0.4691 0.5044 0.7249
vn -0.3584 0.4685 0.8075
vn -0.2993 0.5267 0.7956
vn -0.3521 0.5987 0.7194
vn -0.4200 0.6397 0.6437
vn -0.5334 0.5538 0.6393
vn 0.2902 0.6101 0.7373
vn 0.2156 0.6086 0.7637
vn 0.4256 0.8871 0.1787
vn 0.4363 0.8871 0.1506
vn -0.2657 0.6934 0.6698
vn 0.3550 0.8614 0.3633
vn 0.3564 0.8706 0.3392
vn -0.1514 0.6958 0.7021
vn -0.3083 0.7097 0.6335
vn 0.3642 0.8391 0.4041
vn 0.6716 0.2452 0.6992
vn 0.7310 0.0951 0.6757
vn 0.6296 0.0997 0.7705
vn 0.4870 0.2027 0.8495
vn 0.4508 0.0097 0.8926
vn 0.5101 -0.2052 0.8353
vn 0.6629 -0.2127 0.7179
vn 0.5874 0.0742 0.8059
vn 0.5829 0.4916 0.6470
vn 0.6993 0.3569 0.6194
vn 0.8262 0.3593 0.4339
vn 0.7204 0.4604 0.5186
vn 0.7856 0.3753 0.4920
vn 0.8463 0.3094 0.4336
vn 0.8239 0.2511 0.5081
vn 0.7822 0.2735 0.5597
vn 0.7768 0.1703 0.6063
vn 0.7882 0.1773 0.5893
vn 0.3333 0.0529 0.9413
vn 0.4517 0.0006 0.8922
vn 0.3237 -0.1822 0.9284
vn 0.1952 -0.1142 0.9741
vn 0.1907 0.1196 0.9743
vn 0.3350 0.2912 0.8961
vn 0.3551 0.5275 0.7718
vn 0.2288 0.3961 0.8892
vn 0.2111 0.5580 0.8026
vn 0.3267 0.6383 0.6971
vn 0.2651 0.6510 0.7113
vn 0.1316 0.5990 0.7898
vn -0.0441 0.4768 0.8779
vn 0.0795 0.4908 0.8676
vn 0.1241 0.6105 0.7822
vn 0.0833 0.6307 0.7715
vn 0.4012 0.8855 0.2345
vn 0.4130 0.8878 0.2031
vn -0.8330 -0.0580 0.5502
vn -0.6971 -0.1132 0.7080
vn -0.7052 -0.2472 0.6646
vn -0.8373 -0.2089 0.5053
vn -0.9087 -0.2151 0.3578
vn -0.8951 -0.0374 0.4443
vn -0.9292 -0.3297 0.1668
vn -0.8677 -0.4855 0.1066
vn -0.8932 -0.4471 -0.0470
vn -0.9559 -0.2935 0.0117
vn -0.9540 -0.1747 0.2437
vn -0.8766 -0.3583 0.3212
vn -0.8136 -0.5244 0.2510
vn -0.5274 -0.1034 0.8433
vn -0.4858 0.0835 0.8701
vn -0.2617 0.0608 0.9632
vn -0.2418 -0.1432 0.9597
vn -0.1888 -0.2577 0.9476
vn -0.4841 -0.2443 0.8403
vn -0.3310 0.3356 0.8819
vn -0.2164 0.4978 0.8399
vn -0.0786 0.4789 0.8743
vn -0.1749 0.3014 0.9373
vn 0.0397 0.3072 0.9508
vn 0.0505 0.5047 0.8618
vn 0.0207 0.0415 0.9989
vn 0.0076 -0.1912 0.9815
vn 0.0858 -0.3035 0.9490
vn -0.2906 0.4772 0.8294
vn -0.2153 0.4826 0.8490
vn -0.1283 0.5042 0.8540
vn -0.2408 0.5004 0.8316
vn -0.0198 0.5405 0.8411
vn -0.1222 0.4797 0.8689
vn -0.0743 0.7071 0.7032
vn 0.3535 0.8772 0.3249
vn 0.3671 0.8864 0.2820
vn -0.0420 0.6892 0.7233
vn 0.0231 0.6589 0.7519
vn 0.3773 0.8880 0.2628
vn 0.5951 -0.4736 0.6493
vn 0.5957 -0.6967 0.3997
vn 0.5783 -0.6977 0.4227
vn 0.6616 -0.4968 0.5617
vn 0.8169 0.1737 0.5500
vn 0.8705 -0.1005 0.4818
vn 0.9205 -0.0061 0.3906
vn 0.9086 0.2029 0.3650
vn 0.8731 0.1714 0.4564
vn 0.8666 0.0112 0.4990
vn 0.8239 0.0214 0.5664
vn 0.8452 0.1612 0.5095
vn 0.7103 0.0978 0.6970
vn 0.6001 -0.0791 0.7960
vn 0.5115 -0.2732 0.8147
vn 0.3407 -0.3481 0.8733
vn 0.7095 -0.2214 0.6690
vn 0.4389 -0.4553 0.7747
vn 0.1111 -0.4731 0.8740
vn -0.1618 -0.3605 0.9186
vn -0.1642 -0.3024 0.9389
vn 0.1296 -0.4276 0.8946
vn -0.3916 -0.3237 0.8613
vn -0.3127 -0.4904 0.8135
vn -0.5519 -0.5409 0.6347
vn -0.6405 -0.3719 0.6719
vn -0.4451 -0.8028 0.3967
vn -0.0947 -0.9811 -0.1687
vn -0.1942 -0.9411 -0.2767
vn -0.5903 -0.7904 0.1634
vn -0.2025 -0.9346 -0.2926
vn -0.6693 -0.7401 0.0660
vn -0.7360 -0.5454 0.4011
vn 0.8007 -0.4004 0.4455
vn 0.6283 -0.6423 0.4390
vn 0.6460 -0.5507 0.5286
vn 0.8314 -0.2829 0.4783
vn 0.8234 -0.2050 0.5292
vn 0.7256 -0.4727 0.5002
vn 0.7796 -0.4690 0.4149
vn 0.8359 -0.2001 0.5112
vn 0.7520 -0.3778 0.5402
vn 0.7070 -0.5680 0.4213
vn 0.4106 -0.6883 0.5981
vn 0.4803 -0.5845 0.6540
vn -0.1411 -0.5280 0.8374
vn -0.0842 -0.6824 0.7261
vn -0.1783 -0.8694 0.4608
vn -0.2873 -0.6530 0.7007
vn 0.1198 -0.4988 0.8584
vn 0.1115 -0.5878 0.8013
vn -0.0636 -0.9425 0.3280
vn -0.0803 -0.7980 0.5973
vn -0.0920 -0.8873 0.4518
vn -0.0800 -0.9662 0.2453
vn -0.0174 -0.9962 -0.0850
vn 0.0003 -0.9975 -0.0704
vn -0.0507 -0.9800 0.1926
vn -0.0080 -0.8772 0.4801
vn 0.1036 -0.9071 0.4081
vn 0.0255 -0.9803 0.1957
vn 0.0330 -0.9969 -0.0709
vn -0.0253 -0.9965 -0.0799
vn -0.0598 -0.9940 0.0914
vn -0.0672 -0.9963 -0.0527
vn 0.0040 -0.9982 -0.0599
vn 0.0106 -0.9929 0.1185
vn 0.0759 -0.9971 0.0115
vn -0.0975 -0.9947 0.0332
vn 0.2703 -0.7973 0.5398
vn 0.0477 -0.7373 0.6738
vn -0.1321 -0.9865 -0.0963
vn -0.2858 -0.9581 -0.0171
vn 0.0742 -0.9951 -0.0660
vn 0.0860 -0.9648 -0.2483
vn -0.1958 -0.9546 -0.2247
vn -0.3639 -0.9155 -0.1716
vn 0.0511 -0.9971 -0.0572
vn 0.0471 -0.9973 -0.0556
vn 0.0524 -0.9875 0.1487
vn 0.0220 -0.9879 0.1538
vn 0.0651 -0.9751 0.2119
vn 0.0717 -0.9901 0.1205
vn 0.0548 -0.9967 -0.0603
vn 0.0388 -0.9863 0.1601
vn 0.0721 -0.9572 0.2802
vn -0.5562 -0.5146 -0.6525
vn -0.3588 -0.5515 -0.7531
vn -0.5772 -0.5047 -0.6420
vn -0.7659 -0.3976 -0.5052
vn -0.1104 -0.4111 -0.9049
vn 0.0246 -0.6582 -0.7524
vn -0.3231 -0.2170 -0.9212
vn 0.1049 -0.8359 -0.5388
vn -0.2498 -0.6175 -0.7459
vn -0.3850 -0.4674 -0.7958
vn -0.3032 -0.0773 -0.9498
vn -0.3536 -0.2167 -0.9100
vn -0.3813 -0.1518 -0.9119
vn -0.7714 -0.5821 -0.2571
vn -0.5262 -0.6756 -0.5164
vn -0.6418 -0.4534 -0.6184
vn -0.8304 -0.4197 -0.3663
vn -0.5071 -0.5268 -0.6822
vn -0.3805 -0.6242 -0.6823
vn -0.4057 -0.6858 -0.6042
vn -0.4965 -0.7132 -0.4949
vn -0.1601 -0.8573 -0.4892
vn -0.1524 -0.8150 -0.5590
vn -0.1839 -0.7681 -0.6134
vn -0.2155 -0.6197 -0.7546
vn 0.1419 -0.7992 -0.5841
vn -0.0540 -0.6435 -0.7635
vn 0.1888 -0.8779 -0.4401
vn -0.2752 -0.9573 0.0888
vn -0.3347 -0.9410 -0.0506
vn -0.1018 -0.9946 0.0194
vn -0.1532 -0.9788 0.1361
vn -0.5329 -0.8212 0.2039
vn -0.4378 -0.8889 0.1353
vn -0.4309 -0.9024 -0.0043
vn -0.5941 -0.8020 0.0626
vn -0.5098 -0.8245 -0.2456
vn -0.6663 -0.7392 -0.0981
vn -0.3162 -0.8862 -0.3386
vn 0.0236 -0.9605 -0.2774
vn -0.4152 -0.8301 -0.3721
vn -0.2427 -0.9625 0.1212
vn -0.2191 -0.9666 0.1329
vn -0.2934 -0.9493 0.1124
vn -0.2943 -0.9532 0.0689
vn -0.3073 -0.9511 -0.0294
vn -0.2434 -0.9693 -0.0333
vn 0.0934 -0.9659 -0.2414
vn -0.2003 -0.9286 -0.3124
vn -0.2292 -0.9690 -0.0918
vn -0.0705 -0.9971 -0.0281
vn -0.3117 -0.9491 -0.0451
vn -0.2673 -0.9627 0.0426
vn -0.3564 -0.9319 -0.0677
vn -0.3477 -0.9332 0.0907
vn -0.3699 -0.9167 0.1509
vn -0.3461 -0.9313 0.1134
vn -0.1768 -0.9809 0.0811
vn -0.3308 -0.9424 0.0488
vn -0.3282 -0.9440 -0.0344
vn -0.4432 -0.8502 -0.2841
vn -0.3381 -0.2064 0.9182
vn -0.7440 -0.3423 0.5739
vn -0.4975 -0.6475 0.5772
vn -0.0706 -0.4391 0.8957
vn -0.0041 -0.4210 0.9071
vn 0.0063 -0.4879 0.8729
vn 0.1220 -0.5101 0.8514
vn 0.0061 -0.5356 0.8445
vn 0.0125 -0.5130 0.8583
vn 0.0050 -0.5448 0.8385
vn 0.0131 -0.5487 0.8359
vn -0.0147 -0.5472 0.8368
vn -0.0237 -0.6043 0.7964
vn 0.0258 -0.6061 0.7949
vn 0.0769 -0.6840 0.7254
vn 0.0766 -0.6282 0.7743
vn 0.2060 -0.5778 0.7898
vn 0.1949 -0.6827 0.7042
vn 0.2818 -0.6391 0.7156
vn 0.2658 -0.4433 0.8561
vn 0.3226 -0.4149 0.8508
vn 0.3442 -0.5913 0.7293
vn 0.4169 -0.5116 0.7513
vn 0.5061 -0.3107 0.8046
vn 0.2867 -0.4272 0.8575
vn 0.1053 -0.5719 0.8136
vn 0.0745 -0.4656 0.8819
vn 0.2482 -0.3119 0.9171
vn 0.0084 -0.3348 0.9423
vn 0.2223 -0.1848 0.9573
vn 0.4258 -0.1148 0.8975
vn 0.4242 -0.3344 0.8415
vn 0.2586 -0.5603 0.7869
vn 0.2280 -0.6404 0.7334
vn 0.1553 -0.7193 0.6771
vn 0.1566 -0.6531 0.7409
vn 0.1175 -0.6801 0.7236
vn 0.1695 -0.7350 0.6565
vn 0.1269 -0.7660 0.6302
vn 0.1674 -0.6975 0.6967
vn 0.1144 -0.5381 0.8351
vn 0.0883 -0.4229 0.9018
vn 0.0421 -0.6399 0.7673
vn 0.1240 -0.6840 0.7189
vn 0.0735 -0.4096 0.9093
vn 0.1665 -0.4255 0.8895
vn -0.0195 -0.6768 0.7359
vn -0.0185 -0.6142 0.7889
vn 0.2054 -0.4714 0.8577
vn -0.2213 -0.7372 0.6384
vn -0.9505 -0.3076 0.0439
vn -0.9233 -0.2656 -0.2773
vn -0.7768 -0.5588 -0.2904
vn -0.7514 -0.6518 0.1024
vn 0.6159 -0.1517 0.7731
vn 0.5994 0.0121 0.8004
vn 0.6343 0.3004 0.7123
vn 0.5948 0.3006 0.7456
vn 0.3429 0.6973 0.6295
vn 0.5061 0.6622 0.5526
vn 0.3231 0.9189 0.2263
vn 0.1052 0.8932 0.4373
vn 0.4625 0.0404 0.8857
vn 0.5811 0.1387 0.8019
vn 0.6714 0.2788 0.6866
vn 0.6084 0.1471 0.7799
vn 0.7267 0.5269 0.4408
vn 0.6534 0.3683 0.6614
vn 0.3573 -0.0277 0.9336
vn 0.2664 -0.1055 0.9581
vn 0.5635 0.0704 0.8231
vn 0.5993 0.0754 0.7970
vn 0.1484 -0.0894 0.9849
vn -0.1343 -0.3698 0.9193
vn -0.2841 -0.1046 0.9531
vn 0.0034 0.0388 0.9992
vn 0.3690 0.1666 0.9144
vn 0.4692 0.1424 0.8716
vn -0.2484 -0.7709 0.5865
vn -0.3088 -0.9495 0.0560
vn -0.6961 -0.6935 0.1857
vn -0.4299 -0.6775 0.5968
vn -0.9051 0.0174 0.4249
vn -0.5923 -0.1298 0.7952
vn -0.0944 -0.8157 0.5707
vn 0.0161 -0.8398 0.5426
vn -0.0191 -0.9988 0.0457
vn -0.1013 -0.9937 0.0481
vn 0.0794 -0.8678 0.4905
vn 0.0538 -0.9004 0.4317
vn -0.1032 -0.9916 -0.0775
vn -0.0337 -0.9994 -0.0125
vn 0.0589 -0.9186 0.3908
vn 0.0911 -0.9211 0.3785
vn -0.0969 -0.9866 -0.1315
vn -0.0905 -0.9909 -0.0999
vn -0.1453 -0.9324 0.3309
vn -0.0417 -0.9377 0.3448
vn -0.2639 -0.9582 -0.1100
vn -0.1859 -0.9716 -0.1464
vn -0.7412 -0.3562 -0.5690
vn -0.5745 -0.4895 -0.6560
vn -0.4493 -0.5614 -0.6949
vn -0.6165 -0.5219 -0.5895
vn -0.4785 -0.8515 0.2146
vn -0.5762 -0.7968 -0.1819
vn -0.2945 -0.9066 0.3023
vn -0.3919 -0.9152 -0.0937
vn -0.2300 -0.9086 0.3485
vn -0.3232 -0.9419 -0.0918
vn -0.4765 -0.6918 -0.5425
vn -0.3940 -0.5995 -0.6967
vn -0.3977 -0.6639 -0.6333
vn -0.3715 -0.7946 -0.4801
vn -0.2328 -0.4296 -0.8725
vn -0.1627 -0.5326 -0.8306
vn -0.2689 -0.5426 -0.7958
vn -0.2663 -0.5500 -0.7915
vn -0.3451 -0.8065 -0.4800
vn -0.3534 -0.6748 -0.6478
vn -0.3130 -0.6813 -0.6618
vn -0.3072 -0.8051 -0.5073
vn -0.4379 -0.5716 -0.6940
vn -0.3613 -0.6221 -0.6946
vn -0.3732 -0.6204 -0.6898
vn -0.3092 -0.6101 -0.7295
vn -0.3855 -0.3718 -0.8445
vn -0.3721 -0.4386 -0.8180
vn -0.3526 -0.5670 -0.7444
vn -0.3403 -0.5268 -0.7789
vn -0.2308 -0.8286 -0.5100
vn -0.2370 -0.8108 -0.5352
vn -0.2795 -0.6825 -0.6753
vn -0.2906 -0.6974 -0.6551
vn -0.2887 -0.7215 -0.6294
vn -0.2189 -0.8369 -0.5017
vn -0.2568 -0.8056 -0.5340
vn -0.2677 -0.6842 -0.6784
vn -0.2908 -0.6170 -0.7313
vn -0.3179 -0.6336 -0.7054
vn -0.1661 -0.8789 -0.4472
vn -0.2571 -0.7617 -0.5948
vn -0.1934 -0.8099 -0.5538
vn -0.1073 -0.9234 -0.3686
vn -0.3173 -0.6471 -0.6933
vn -0.2958 -0.5703 -0.7663
vn -0.2083 -0.5220 -0.8271
vn -0.2900 -0.6394 -0.7121
vn -0.1289 -0.9391 -0.3186
vn -0.1771 -0.8364 -0.5187
vn -0.3164 -0.7846 -0.5332
vn -0.3180 -0.9070 -0.2760
vn -0.7408 -0.6455 -0.1855
vn -0.6523 -0.5112 -0.5597
vn -0.8680 0.0519 -0.4939
vn -0.9960 0.0884 -0.0111
vn 0.7925 0.2201 0.5687
vn 0.7834 0.2217 0.5806
vn 0.9634 0.1874 0.1917
vn 0.9571 0.2280 0.1786
vn 0.9595 0.2648 0.0959
vn 0.8169 0.1818 0.5474
vn 0.8449 0.1756 0.5052
vn 0.9591 0.2830 0.0066
vn 0.9105 0.3950 -0.1223
vn 0.8428 0.2740 0.4633
vn 0.8128 0.5149 0.2725
vn 0.7371 0.5888 -0.3317
vn 0.5443 0.6776 -0.4946
vn 0.6879 0.7223 -0.0722
vn -0.2298 -0.4284 -0.8739
vn -0.1356 -0.1846 -0.9734
vn 0.0912 -0.0272 -0.9955
vn -0.0652 -0.3031 -0.9507
vn -0.2329 -0.6340 -0.7375
vn -0.1165 -0.4476 -0.8866
vn -0.0602 -0.3654 -0.9289
vn -0.1776 -0.6485 -0.7402
vn 0.0899 -0.1471 -0.9850
vn 0.2568 0.1496 -0.9548
vn 0.3721 0.2835 -0.8838
vn 0.2101 -0.0066 -0.9777
vn 0.2948 0.0906 -0.9513
vn 0.4058 0.3235 -0.8548
vn 0.4763 0.3087 -0.8233
vn 0.3777 0.1386 -0.9155
vn 0.0868 -0.1993 -0.9761
vn -0.0212 -0.2956 -0.9551
vn 0.6559 0.4666 -0.5933
vn 0.5971 0.2894 -0.7481
vn 0.5208 0.5457 -0.6565
vn 0.7926 0.3551 -0.4956
vn 0.7078 0.2763 -0.6502
vn -0.1811 -0.6631 -0.7263
vn -0.3006 -0.5993 -0.7419
vn 0.9131 0.2271 -0.3386
vn 0.9416 0.1504 -0.3012
vn 0.6786 0.1168 -0.7252
vn 0.6489 0.1478 -0.7464
vn 0.6270 0.1965 -0.7539
vn 0.8778 0.2763 -0.3913
vn 0.8543 0.2959 -0.4274
vn 0.6713 0.2265 -0.7058
vn 0.5007 0.1463 -0.8532
vn 0.4157 0.0755 -0.9063
vn 0.3389 0.0666 -0.9385
vn 0.3855 0.0387 -0.9219
vn -0.0462 -0.0229 -0.9987
vn -0.0825 -0.1597 -0.9837
vn -0.4900 -0.3155 -0.8127
vn -0.5427 0.0333 -0.8393
vn 0.2382 -0.0807 -0.9679
vn 0.4334 0.0434 -0.9001
vn 0.6987 0.0426 -0.7142
vn 0.5694 -0.2730 -0.7754
vn 0.9869 0.0343 0.1574
vn 0.9131 -0.3954 0.0994
vn 0.8357 -0.4049 -0.3710
vn 0.9540 -0.0171 -0.2994
vn -0.2255 -0.9252 -0.3053
vn 0.0392 -0.9701 -0.2394
vn 0.1428 -0.8778 -0.4573
vn -0.1991 -0.7573 -0.6219
vn -0.1367 -0.2951 -0.9456
vn 0.1554 -0.2874 -0.9451
vn 0.2082 -0.9757 0.0688
vn 0.1833 -0.9829 -0.0203
vn 0.2768 -0.9352 -0.2210
vn 0.2256 -0.9514 -0.2096
vn 0.2090 -0.9446 -0.2529
vn 0.2911 -0.9196 -0.2639
vn 0.2071 -0.9739 -0.0927
vn 0.1671 -0.9804 -0.1046
vn 0.3501 -0.9216 0.1677
vn 0.2314 -0.9680 0.0973
vn 0.5561 -0.8247 0.1030
vn 0.3946 -0.9078 -0.1421
vn 0.6282 -0.6435 0.4373
vn 0.4822 -0.7049 0.5202
vn 0.4306 -0.7358 0.5227
vn 0.5545 -0.7492 0.3623
vn 0.6814 -0.6714 0.2914
vn 0.5513 -0.7912 0.2649
vn 0.5235 -0.7972 0.3007
vn 0.7340 0.0375 0.6781
vn 0.8741 -0.2718 0.4026
vn 0.4933 -0.7662 0.4118
vn 0.4434 0.5893 -0.6754
vn 0.4440 0.5875 -0.6766
vn 0.4185 0.7118 -0.5640
vn 0.6207 0.5975 -0.5076
vn 0.4333 0.3694 -0.8221
vn 0.7027 -0.2720 -0.6574
vn 0.3536 -0.9348 -0.0327
vn 0.2668 -0.9538 0.1383
vn 0.3043 -0.8925 0.3330
vn 0.9083 -0.4184 -0.0032
vn 0.3962 -0.9170 -0.0460
vn 0.4622 -0.8641 0.1990
vn 0.4824 -0.7370 0.4734
vn 0.4272 -0.7351 0.5265
vn 0.1082 0.9536 0.2809
vn 0.3889 0.9160 0.0984
vn 0.5637 0.7788 -0.2751
vn 0.4361 0.8994 0.0287
vn 0.2842 0.9325 -0.2227
vn 0.4300 0.8742 -0.2255
vn 0.4173 -0.7837 0.4602
vn 0.5432 -0.7423 0.3922
vn 0.9176 0.3002 -0.2605
vn 0.3648 0.8206 -0.4399
vn 0.6307 0.7736 0.0621
vn 0.6066 0.6957 0.3847
vn 0.4927 0.7979 -0.3473
vn -0.1903 0.6947 -0.6936
vn -0.0566 0.7774 -0.6264
vn -0.0463 0.8960 -0.4416
vn -0.1454 0.8337 -0.5327
vn -0.2525 0.7928 -0.5547
vn -0.3042 0.6442 -0.7017
vn -0.3731 0.4047 -0.8349
vn -0.2439 0.4606 -0.8535
vn 0.0050 0.5331 -0.8461
vn -0.1455 0.1259 -0.9813
vn -0.3162 0.1336 -0.9392
vn -0.4293 0.1465 -0.8912
vn -0.4665 -0.0848 -0.8804
vn -0.3904 -0.1198 -0.9128
vn -0.2336 -0.2309 -0.9445
vn -0.1688 0.9827 0.0761
vn -0.2278 0.9737 0.0038
vn -0.0874 0.9509 0.2970
vn -0.0324 0.9436 0.3296
vn 0.0071 0.9111 0.4120
vn -0.1399 0.9715 0.1914
vn -0.3249 0.9369 -0.1293
vn -0.3119 0.9105 -0.2716
vn -0.3127 0.8792 -0.3594
vn 0.0700 0.9184 0.3895
vn -0.0279 0.9421 0.3341
vn 0.3042 0.7550 0.5809
vn 0.3226 0.7644 0.5582
vn 0.2630 0.7554 0.6002
vn 0.1105 0.8560 0.5050
vn -0.1001 0.9580 0.2686
vn 0.0174 0.8910 0.4537
vn -0.0211 0.8870 0.4613
vn -0.1064 0.9436 0.3134
vn -0.2472 0.9561 0.1571
vn -0.2839 0.9587 0.0158
vn 0.1907 0.7223 0.6648
vn 0.1566 0.7081 0.6885
vn 0.0805 0.7907 0.6069
vn 0.1081 0.8098 0.5767
vn 0.1466 0.7068 0.6921
vn 0.1952 0.7411 0.6424
vn 0.0912 0.8942 0.4382
vn 0.0717 0.8072 0.5859
vn 0.0191 0.9780 0.2076
vn -0.0415 0.9213 0.3865
vn 0.0240 0.9967 0.0772
vn 0.0255 0.9949 0.0974
vn 0.1377 0.9255 0.3528
vn 0.1480 0.9295 0.3378
vn 0.2443 0.7315 0.6365
vn 0.2640 0.7618 0.5915
vn 0.2827 0.7945 0.5375
vn 0.1357 0.9409 0.3103
vn -0.0093 0.9976 0.0681
vn 0.0258 0.9798 0.1982
vn -0.0944 0.9546 0.2825
vn -0.0783 0.9881 0.1322
vn -0.1917 0.9606 0.2010
vn 0.0103 0.9946 0.1031
vn 0.0277 0.9964 0.0800
vn 0.1152 0.9302 0.3485
vn 0.1070 0.9295 0.3529
vn 0.2097 0.7606 0.6144
vn 0.2062 0.7278 0.6541
vn 0.1784 0.8756 -0.4489
vn 0.2207 0.7768 -0.5898
vn 0.1081 0.9757 -0.1907
vn 0.1759 0.9795 -0.0982
vn 0.1415 0.9894 -0.0313
vn 0.1011 0.9602 -0.2604
vn 0.1223 0.9877 0.0978
vn 0.0941 0.9925 0.0776
vn 0.0074 0.9997 0.0234
vn 0.2183 0.7694 0.6003
vn 0.1137 0.9192 0.3771
vn 0.0224 0.9906 0.1348
vn -0.3418 0.8004 -0.4925
vn -0.3641 0.6991 -0.6154
vn -0.2359 0.8671 -0.4388
vn -0.2043 0.9273 -0.3135
vn -0.2855 0.8932 -0.3473
vn 0.0622 0.9979 -0.0182
vn 0.0262 0.9895 -0.1423
vn 0.0346 0.9994 0.0002
vn 0.0033 0.9978 -0.0657
vn -0.0478 0.9854 -0.1632
vn -0.0413 0.9560 -0.2904
vn -0.1122 0.9533 -0.2802
vn -0.0396 0.9968 -0.0701
vn -0.0694 0.9887 -0.1331
vn -0.1293 0.9806 -0.1472
vn -0.0438 0.9988 -0.0239
vn -0.0021 0.9999 -0.0117
vn 0.0458 0.9989 0.0009
vn -0.0199 0.0631 -0.9978
vn 0.0254 0.5224 -0.8523
vn 0.0511 0.4371 -0.8979
vn -0.0964 0.1059 -0.9897
vn -0.1629 -0.1488 -0.9754
vn -0.0861 -0.1154 -0.9896
vn 0.0178 0.8146 -0.5798
vn -0.1253 0.8860 -0.4465
vn -0.2949 0.9518 -0.0846
vn -0.1339 0.9734 -0.1859
vn -0.3812 0.9234 -0.0440
vn -0.2708 0.9603 -0.0668
vn -0.3391 0.9393 -0.0529
vn -0.4509 0.8851 -0.1154
vn -0.3947 0.9188 0.0071
vn -0.4467 0.8921 -0.0680
vn -0.4451 0.8951 0.0268
vn -0.4323 0.9009 -0.0372
vn -0.4610 0.8644 -0.2008
vn -0.4691 0.8831 0.0059
vn -0.5450 0.8379 -0.0314
vn -0.4389 0.8406 -0.3174
vn -0.4066 0.8014 -0.4386
vn -0.5455 0.7279 -0.4155
vn -0.4021 0.6274 -0.6669
vn -0.3358 0.7536 -0.5650
vn -0.0750 0.6542 -0.7526
vn -0.0698 0.6124 -0.7875
vn -0.2323 0.7991 -0.5546
vn -0.2199 0.8893 -0.4010
vn -0.3133 0.9496 -0.0107
vn -0.3283 0.9053 -0.2693
vn -0.1415 0.9670 -0.2120
vn -0.2298 0.9441 0.2364
vn -0.0079 0.7525 -0.6586
vn -0.3313 0.9116 0.2433
vn -0.3478 0.9368 -0.0370
vn -0.3589 0.9205 0.1543
vn -0.3221 0.8650 0.3847
vn -0.2454 0.8074 0.5366
vn -0.2413 0.8543 0.4603
vn -0.3225 0.8456 0.4254
vn -0.3914 0.8644 0.3156
vn -0.4772 0.6872 0.5478
vn -0.3823 0.7207 0.5783
vn -0.2881 0.6378 0.7143
vn -0.2414 0.8114 0.5324
vn -0.4336 0.2291 0.8715
vn -0.4997 0.2287 0.8355
vn -0.3444 -0.3164 0.8839
vn -0.3121 -0.3384 0.8877
vn -0.2453 -0.3536 0.9026
vn -0.3261 0.1512 0.9332
vn -0.6138 0.2128 0.7603
vn -0.5795 0.6804 0.4486
vn -0.7461 0.6441 0.1691
vn -0.8960 0.2113 0.3907
vn -0.6871 -0.3928 0.6112
vn -0.4458 -0.3542 0.8221
vn -0.1925 -0.6696 0.7173
vn -0.1745 -0.7014 0.6911
vn -0.0717 -0.9403 0.3326
vn -0.1393 -0.9038 0.4047
vn -0.2848 -0.8558 0.4319
vn -0.2633 -0.6061 0.7506
vn -0.0834 -0.9965 -0.0069
vn -0.0099 -0.9979 -0.0637
vn 0.0802 -0.8907 -0.4474
vn 0.0333 -0.8768 -0.4796
vn -0.0728 -0.8260 -0.5590
vn -0.2115 -0.9769 -0.0292
vn 0.1506 -0.5599 -0.8148
vn 0.1940 -0.6639 -0.7222
vn 0.2645 -0.4819 -0.8353
vn 0.1633 -0.3584 -0.9192
vn 0.0649 -0.3058 -0.9499
vn 0.0528 -0.5309 -0.8458
vn -0.4927 0.8632 0.1098
vn -0.4169 0.8997 -0.1297
vn -0.5423 0.6998 -0.4651
vn -0.6681 0.7083 -0.2279
vn -0.2347 -0.7860 0.5719
vn -0.6776 -0.7212 0.1437
vn -0.4954 -0.7795 -0.3833
vn -0.1201 -0.9809 0.1532
vn -0.3592 0.8744 -0.3261
vn -0.2978 0.8145 -0.4979
vn -0.3682 0.6078 -0.7036
vn -0.4476 0.6534 -0.6105
vn -0.9648 0.0536 -0.2576
vn -0.6999 0.0675 -0.7110
vn -0.5178 0.0880 -0.8510
vn -0.3848 0.1288 -0.9140
vn -0.2068 -0.5651 -0.7987
vn -0.3236 -0.6789 -0.6591
vn -0.0482 -0.9666 -0.2516
vn -0.0064 -0.8385 -0.5449
vn 0.0958 0.3365 -0.9368
vn -0.0542 0.4505 -0.8911
vn -0.0507 0.5698 -0.8202
vn 0.0560 0.4291 -0.9015
vn 0.0391 0.4364 -0.8989
vn 0.0732 0.3086 -0.9484
vn -0.1945 0.7214 -0.6646
vn -0.2518 0.5550 -0.7928
vn -0.0005 0.4714 -0.8819
vn 0.0034 0.5818 -0.8133
vn -0.0404 0.5347 -0.8441
vn -0.0161 0.4455 -0.8951
vn 0.1345 -0.2243 -0.9652
vn 0.2679 -0.3326 -0.9042
vn 0.2150 -0.1515 -0.9648
vn 0.1118 -0.0811 -0.9904
vn 0.1244 0.0204 -0.9920
vn 0.1101 -0.1184 -0.9869
vn 0.2288 -0.1358 -0.9639
vn 0.2749 -0.3721 -0.8866
vn 0.1818 -0.4660 -0.8659
vn 0.0503 -0.1964 -0.9792
vn 0.0359 0.2359 -0.9711
vn 0.0299 0.3276 -0.9443
vn 0.1340 0.0920 -0.9867
vn 0.1542 0.1404 -0.9780
vn -0.0368 0.1862 -0.9818
vn 0.0699 -0.6443 -0.7616
vn -0.1037 -0.3680 -0.9240
vn -0.2495 0.1821 -0.9511
vn -0.7452 0.4774 -0.4655
vn -0.8805 0.4646 0.0941
vn -0.9990 0.0385 0.0207
vn -0.7948 0.2237 -0.5641
vn -0.4721 0.1132 -0.8742
vn -0.4666 0.4576 -0.7569
vn -0.3169 0.7256 -0.6108
vn -0.2924 0.5855 -0.7561
vn -0.3490 0.5874 -0.7302
vn -0.4125 0.7336 -0.5401
vn -0.4962 0.8241 -0.2733
vn -0.3571 0.8709 -0.3378
vn -0.4222 0.9065 -0.0010
vn -0.3699 0.9288 0.0218
vn -0.2746 0.9308 0.2412
vn -0.2174 0.9364 0.2755
vn -0.1653 0.8951 0.4141
vn -0.1315 0.9207 0.3675
vn 0.0462 0.6740 0.7373
vn 0.1480 0.7212 0.6768
vn -0.8246 -0.3996 -0.4004
vn -0.6374 -0.3064 -0.7070
vn -0.3288 -0.7848 -0.5253
vn -0.6060 -0.7909 -0.0855
vn -0.7556 -0.5815 0.3014
vn -0.7614 -0.6187 0.1935
vn -0.4235 -0.8906 0.1658
vn -0.5575 -0.6683 -0.4926
vn -0.4444 -0.4956 -0.7463
vn -0.1583 0.8586 0.4875
vn -0.2261 0.9151 0.3339
vn -0.2149 0.8778 0.4282
vn -0.1254 0.7825 0.6098
vn -0.0161 0.6206 0.7840
vn 0.0079 0.6391 0.7691
vn -0.0750 0.7254 0.6842
vn -0.1960 0.8185 0.5400
vn -0.1785 0.7611 0.6236
vn -0.0987 0.6841 0.7226
vn -0.0279 0.6161 0.7872
vn 0.0109 0.6414 0.7671
vn -0.1803 0.5921 0.7854
vn -0.2155 0.6250 0.7503
vn -0.4000 0.5453 0.7367
vn -0.3309 0.5169 0.7895
vn -0.2490 0.4487 0.8583
vn -0.1239 0.5480 0.8272
vn -0.5799 0.3611 0.7302
vn -0.7350 0.0805 0.6732
vn -0.6783 0.0171 0.7346
vn -0.5408 0.3079 0.7828
vn -0.6263 -0.0292 0.7790
vn -0.4611 0.2178 0.8602
vn -0.7881 -0.4046 0.4639
vn -0.7257 -0.3903 0.5666
vn -0.3310 -0.7714 0.5435
vn -0.5508 -0.7681 0.3264
vn -0.7241 -0.6686 0.1692
vn -0.7587 -0.4231 0.4953
vn -0.4259 -0.7655 0.4823
vn -0.0886 -0.8410 0.5337
vn -0.7261 -0.6095 0.3183
vn -0.5705 0.8129 -0.1172
vn -0.5967 0.7780 -0.1966
vn -0.2457 0.9491 -0.1972
vn -0.3095 0.9384 -0.1538
vn -0.2831 0.9576 -0.0535
vn -0.4422 0.8954 0.0524
vn -0.3345 0.9303 0.1505
vn -0.1649 0.9810 0.1025
vn -0.1185 0.9360 0.3316
vn -0.2697 0.9148 0.3006
vn -0.3834 0.7968 -0.4670
vn -0.3955 0.5712 -0.7193
vn -0.2034 0.5801 -0.7888
vn -0.1662 0.8448 -0.5087
vn -0.3589 0.4739 -0.8042
vn -0.3424 0.4807 -0.8073
vn -0.3528 0.3948 -0.8483
vn -0.3400 0.3699 -0.8647
vn -0.0284 0.3004 -0.9534
vn -0.1317 0.4815 -0.8665
vn -0.3586 0.0666 -0.9311
vn -0.4358 0.1855 -0.8807
vn -0.5990 -0.0302 -0.8002
vn -0.3700 -0.2243 -0.9015
vn 0.1983 -0.4345 -0.8786
vn 0.0649 -0.1267 -0.9898
vn -0.6715 0.4396 0.5966
vn -0.4748 0.5810 0.6610
vn -0.2656 0.4353 0.8602
vn -0.6285 0.3197 0.7090
vn -0.7980 0.2382 0.5535
vn -0.8173 0.3062 0.4881
vn -0.8734 0.0663 0.4825
vn -0.8006 -0.1836 0.5703
vn -0.6827 -0.4000 0.6115
vn -0.4652 -0.6239 0.6280
vn -0.1100 -0.8508 0.5139
vn -0.0743 -0.9865 0.1462
vn -0.3041 -0.8220 0.4815
vn -0.0937 -0.9914 0.0913
vn 0.0268 -0.9650 -0.2611
vn -0.0517 -0.9560 -0.2886
vn 0.1849 -0.8651 -0.4663
vn 0.0578 -0.8302 -0.5544
vn 0.1131 -0.7211 -0.6835
vn 0.2615 -0.7615 -0.5931
vn 0.3382 -0.6768 -0.6539
vn 0.1277 -0.5928 -0.7951
vn -0.4517 -0.2879 -0.8444
vn -0.4160 -0.3916 -0.8207
vn -0.3998 0.5275 0.7496
vn -0.4181 0.6341 0.6504
vn -0.3787 0.6465 0.6623
vn -0.3458 0.5724 0.7435
vn -0.6726 0.3630 0.6449
vn -0.4784 0.1700 0.8615
vn -0.4036 0.1912 0.8947
vn -0.4633 0.3250 0.8245
vn -0.4854 0.5419 0.6861
vn -0.1637 -0.4061 -0.8990
vn -0.1143 -0.5511 -0.8266
vn -0.1834 -0.6759 -0.7138
vn -0.2179 -0.5837 -0.7822
vn -0.2343 -0.4354 -0.8692
vn -0.2050 -0.1508 -0.9671
vn -0.2139 0.1234 -0.9690
vn -0.1541 -0.2481 -0.9564
vn -0.0677 -0.4565 -0.8871
vn -0.0832 0.1502 -0.9852
vn -0.1101 0.0852 -0.9903
vn -0.1440 -0.2607 -0.9546
vn -0.2736 -0.0427 -0.9609
vn -0.4290 0.4121 -0.8038
vn -0.2378 0.5162 -0.8228
vn -0.1940 0.6254 -0.7558
vn -0.0971 0.3120 -0.9451
vn -0.1289 0.2956 -0.9466
vn -0.1874 0.0457 -0.9812
vn -0.1970 -0.3133 -0.9290
vn -0.1822 0.2914 -0.9391
vn -0.4765 -0.8782 0.0408
vn -0.5534 -0.8310 -0.0560
vn -0.4612 -0.7896 -0.4047
vn -0.3978 -0.8564 -0.3292
vn -0.3681 -0.8901 -0.2688
vn -0.4556 -0.8804 0.1317
vn -0.5588 -0.5476 0.6227
vn -0.5564 -0.5962 0.5787
vn -0.6084 -0.7129 0.3486
vn -0.2997 -0.7403 -0.6018
vn -0.2668 -0.8033 -0.5324
vn -0.3293 -0.6528 -0.6822
vn -0.3636 0.7572 -0.5426
vn -0.4852 0.5508 -0.6791
vn -0.4368 0.6329 -0.6393
vn -0.3608 0.7997 -0.4800
vn -0.2500 0.9119 -0.3255
vn -0.2797 0.8653 -0.4160
vn -0.2906 0.8926 -0.3447
vn -0.2376 0.9412 -0.2402
vn -0.4577 0.7170 -0.5257
vn -0.4405 0.8963 -0.0522
vn -0.3408 0.9086 0.2415
vn -0.3167 0.9337 0.1672
vn -0.4892 -0.1333 0.8619
vn -0.5447 -0.3781 0.7486
vn -0.5023 -0.2005 0.8411
vn -0.4962 -0.0121 0.8681
vn -0.5787 -0.1447 0.8026
vn -0.5753 0.1958 0.7942
vn -0.5205 -0.2417 0.8189
vn -0.6382 -0.4920 0.5921
vn -0.5694 -0.1898 0.7999
vn -0.5579 0.0072 -0.8298
vn -0.4197 -0.4752 -0.7734
vn -0.7117 -0.5283 -0.4630
vn -0.7181 0.0913 -0.6899
vn -0.8982 0.2853 -0.3345
vn -0.9763 -0.2152 -0.0216
vn -0.6933 0.6725 0.2588
vn -0.3529 0.6611 0.6622
vn -0.3523 0.7325 0.5825
vn -0.8166 -0.3151 0.4835
vn -0.7273 -0.6767 0.1146
vn -0.3554 -0.5734 -0.7381
vn -0.5472 -0.7017 -0.4563
vn -0.6540 -0.7558 -0.0322
vn -0.2562 0.9094 -0.3277
vn -0.1960 0.6985 -0.6882
vn -0.2485 0.9335 -0.2585
vn -0.2883 0.9292 -0.2311
vn -0.2969 0.9170 -0.2662
vn -0.2575 0.7984 -0.5442
vn -0.2318 0.9400 -0.2505
vn -0.2640 0.9622 0.0670
vn -0.2205 0.9674 0.1247
vn -0.2450 0.9528 -0.1795
vn -0.3028 0.8153 0.4936
vn -0.3346 0.7108 0.6187
vn -0.2742 0.7582 0.5916
vn -0.2347 0.8430 0.4840
vn -0.1391 0.4156 -0.8988
vn -0.2192 0.5467 -0.8081
vn -0.2416 0.4303 -0.8697
vn -0.1795 0.3884 -0.9038
vn -0.2036 0.3890 -0.8985
vn -0.2597 0.3861 -0.8852
vn -0.2182 0.2887 -0.9322
vn -0.1956 0.2891 -0.9371
vn -0.3068 0.7037 0.6408
vn -0.2488 0.8257 0.5063
vn -0.2320 0.8297 0.5077
vn -0.2822 0.7140 0.6408
vn -0.1349 -0.0971 -0.9861
vn -0.1147 -0.0068 -0.9934
vn -0.0356 -0.3166 -0.9479
vn -0.0794 -0.3924 -0.9164
vn -0.2592 0.8634 0.4328
vn -0.1880 0.8614 0.4718
vn -0.3676 0.6931 0.6201
vn -0.4139 0.6580 0.6291
vn -0.3398 0.6796 0.6501
vn -0.3206 0.7353 0.5971
vn -0.5302 0.4005 0.7474
vn -0.6111 -0.0386 0.7906
vn -0.2508 -0.1194 0.9606
vn -0.3004 0.3581 0.8840
vn -0.5731 -0.2366 0.7846
vn -0.4555 -0.5178 0.7242
vn -0.1930 -0.5511 0.8118
vn -0.2606 -0.4125 0.8729
vn -0.4308 -0.8667 0.2514
vn -0.3649 -0.9095 -0.1990
vn -0.3947 -0.9140 -0.0944
vn -0.3593 -0.8456 0.3947
vn -0.2674 -0.8326 -0.4850
vn -0.1676 -0.7133 -0.6805
vn -0.1663 -0.7188 -0.6750
vn -0.2964 -0.8382 -0.4578
vn -0.5695 -0.1226 -0.8128
vn 0.4794 -0.6080 -0.6328
vn -0.0052 -0.4205 -0.9073
vn 0.3644 -0.5907 -0.7199
vn -0.2988 -0.3353 -0.8935
vn -0.6577 -0.0669 -0.7503
vn -0.0828 -0.5954 -0.7991
vn -0.0417 -0.5195 -0.8535
vn -0.0562 -0.5330 -0.8442
vn -0.0790 -0.5982 -0.7975
vn -0.0623 -0.4736 -0.8785
vn -0.0657 -0.5065 -0.8598
vn -0.0123 -0.4113 -0.9114
vn 0.0171 -0.4675 -0.8838
vn -0.3725 -0.2898 -0.8816
vn -0.6715 -0.0769 -0.7370
vn 0.2081 -0.5380 -0.8169
vn 0.0858 -0.5588 -0.8249
vn 0.2949 -0.5983 -0.7450
vn 0.0506 -0.5855 -0.8091
vn -0.0547 -0.5416 -0.8389
vn 0.2435 -0.5211 -0.8180
vn 0.4375 -0.5668 -0.6981
vn -0.0016 0.7685 -0.6398
vn -0.0076 0.5565 -0.8308
vn 0.0141 0.5654 -0.8247
vn -0.0471 0.7002 -0.7124
vn 0.0086 0.9051 -0.4251
vn 0.1361 0.9483 -0.2868
vn 0.1986 0.9739 -0.1103
vn 0.0418 0.9785 -0.2021
vn 0.0321 0.9994 -0.0161
vn 0.1607 0.9864 0.0353
vn -0.2537 0.9258 -0.2803
vn -0.1976 0.8378 -0.5090
vn -0.2647 0.9525 -0.1504
vn -0.1305 0.6863 -0.7155
vn -0.1189 0.6010 -0.7903
vn 0.1366 0.9651 0.2234
vn -0.0350 0.9748 0.2202
vn -0.1564 0.8762 0.4560
vn -0.0184 0.8963 0.4431
vn -0.2607 0.9641 0.0512
vn -0.2298 0.9114 0.3414
vn -0.1617 0.8408 0.5167
vn -0.1893 0.8318 0.5219
vn -0.2179 0.8215 0.5270
vn -0.2122 0.8226 0.5275
vn -0.2029 0.8323 0.5159
vn -0.2307 0.7992 0.5550
vn 0.0402 0.4625 -0.8857
vn 0.1617 0.2352 -0.9584
vn 0.1538 0.2117 -0.9651
vn 0.0836 0.4702 -0.8786
vn -0.1220 0.4704 -0.8739
vn -0.0787 0.2119 -0.9741
vn 0.2629 -0.1908 -0.9458
vn 0.4038 -0.4671 -0.7867
vn 0.3592 -0.4354 -0.8255
vn 0.2525 -0.1790 -0.9509
vn 0.0286 -0.1056 -0.9940
vn 0.1494 -0.3517 -0.9241
vn 0.4522 -0.5641 -0.6909
vn 0.5157 -0.5827 -0.6281
vn 0.4249 -0.5359 -0.7296
vn 0.2284 -0.4680 -0.8537
vn -0.2873 0.7752 0.5626
vn -0.3511 0.5615 0.7493
vn -0.2545 0.4063 0.8776
vn -0.2575 0.7620 0.5942
vn -0.2309 0.7041 0.6715
vn -0.0457 0.2943 0.9546
vn -0.3575 0.0202 0.9337
vn -0.2893 -0.0965 0.9524
vn -0.5435 -0.1865 0.8184
vn -0.7875 0.1407 0.6000
vn -0.2786 -0.0029 0.9604
vn -0.1293 -0.4035 0.9058
vn -0.8498 0.1313 0.5105
vn -0.6241 -0.1191 0.7722
vn -0.6900 -0.2577 0.6764
vn -0.8395 -0.1922 0.5082
vn -0.1640 -0.4851 0.8590
vn -0.0792 -0.4309 0.8989
vn -0.4563 -0.7733 0.4402
vn -0.4851 -0.7288 0.4833
vn -0.3524 -0.9358 -0.0071
vn -0.2259 -0.9737 0.0289
vn -0.3916 -0.7709 0.5024
vn -0.4272 -0.9034 -0.0356
vn -0.0811 -0.9383 -0.3361
vn -0.1993 -0.8959 -0.3970
vn -0.0833 -0.7759 -0.6254
vn 0.0559 -0.8301 -0.5549
vn -0.2843 -0.8520 -0.4397
vn -0.1598 -0.7267 -0.6681
vn 0.1392 -0.7186 -0.6813
vn 0.0043 -0.6596 -0.7516
vn 0.1818 -0.6251 -0.7590
vn -0.0883 -0.6012 -0.7942
vn 0.4019 -0.5962 -0.6950
vn -0.6108 -0.1684 -0.7737
vn -0.6250 -0.1203 -0.7713
vn -0.4685 -0.3157 -0.8251
vn -0.5071 -0.3903 -0.7684
vn -0.3291 -0.5611 -0.7595
vn -0.2196 -0.5348 -0.8159
vn -0.0423 -0.6972 -0.7156
vn -0.1918 -0.7383 -0.6466
vn -0.6293 -0.1002 -0.7706
vn -0.5865 -0.1317 -0.7992
vn -0.3005 -0.3581 -0.8840
vn -0.4052 -0.3227 -0.8554
vn -0.1284 -0.5285 -0.8392
vn -0.0300 -0.5289 -0.8481
vn 0.0747 -0.6025 -0.7946
vn 0.0326 -0.6459 -0.7627
vn -0.2684 -0.1267 -0.9549
vn 0.0210 -0.3046 -0.9522
vn -0.1332 -0.4014 -0.9062
vn -0.4813 -0.2091 -0.8513
vn -0.2754 0.4706 -0.8383
vn -0.2194 0.3279 -0.9189
vn -0.1405 0.1204 -0.9827
vn -0.0643 -0.1048 -0.9924
vn 0.0604 -0.5089 -0.8587
vn 0.1316 -0.4519 -0.8823
vn 0.1796 -0.5061 -0.8436
vn 0.1203 -0.5598 -0.8198
vn 0.0123 -0.4514 -0.8922
vn -0.2394 -0.4271 -0.8719
vn -0.0796 -0.6894 -0.7200
vn 0.0921 -0.5751 -0.8129
vn -0.8224 -0.2442 -0.5138
vn -0.9590 -0.2806 -0.0396
vn -0.7864 -0.6175 -0.0127
vn -0.7076 -0.6504 -0.2761
vn -0.5200 -0.7329 -0.4387
vn -0.6329 -0.3944 -0.6662
vn -0.3492 -0.6134 -0.7084
vn -0.3754 -0.7743 -0.5095
vn -0.3235 -0.7794 -0.5366
vn -0.2030 -0.7526 -0.6263
vn -0.3069 -0.8972 -0.3176
vn -0.3456 -0.8798 -0.3264
vn -0.4051 -0.8734 -0.2703
vn -0.4674 -0.8615 -0.1986
vn -0.5306 -0.8441 -0.0771
vn -0.2312 -0.8974 -0.3759
vn -0.3995 -0.8517 -0.3391
vn -0.3697 -0.8546 -0.3646
vn -0.4142 -0.7961 -0.4412
vn -0.4422 -0.8007 -0.4043
vn -0.1514 -0.7080 -0.6898
vn -0.0416 -0.3824 -0.9231
vn -0.0401 -0.5403 -0.8405
vn -0.1237 -0.8061 -0.5788
vn -0.0312 -0.6225 -0.7820
vn 0.1105 -0.3900 -0.9141
vn -0.1132 -0.2451 -0.9629
vn 0.0628 -0.2141 -0.9748
vn -0.1164 -0.3968 -0.9105
vn -0.1566 -0.8004 -0.5786
vn -0.0563 -0.6588 -0.7502
vn -0.0765 -0.6643 -0.7436
vn -0.2162 -0.7441 -0.6321
vn -0.4749 -0.4111 -0.7781
vn -0.4889 -0.0882 -0.8679
vn -0.4889 -0.4406 -0.7529
vn -0.3339 -0.8309 -0.4452
vn -0.3536 -0.7910 -0.4993
vn -0.3622 -0.7705 -0.5246
vn -0.4658 -0.4000 -0.7893
vn -0.3360 -0.5061 -0.7943
vn -0.2985 -0.7581 -0.5799
vn -0.1773 -0.6912 -0.7006
vn -0.1438 -0.5877 -0.7962
vn 0.2086 0.0793 -0.9748
vn 0.1746 -0.1417 -0.9744
vn 0.2901 -0.1524 -0.9448
vn 0.3721 0.1626 -0.9139
vn 0.2441 0.4932 -0.8350
vn 0.1388 0.5686 -0.8108
vn 0.1673 0.8789 -0.4466
vn 0.4042 0.7411 -0.5361
vn 0.4430 0.8951 -0.0509
vn 0.0096 0.9996 -0.0282
vn 0.3677 0.8742 0.3173
vn -0.0499 0.9870 0.1529
vn 0.3193 0.8091 0.4933
vn -0.1106 0.9708 0.2127
vn -0.1116 0.9509 0.2886
vn 0.1473 0.8011 0.5802
vn -0.0713 0.7840 0.6167
vn -0.1892 0.8845 0.4265
vn -0.2799 0.8259 0.4895
vn -0.1772 0.7393 0.6497
vn -0.3290 0.5793 0.7458
vn -0.4361 0.7089 0.5543
vn 0.2870 -0.2171 -0.9330
vn 0.2225 -0.4381 -0.8709
vn 0.1786 -0.4027 -0.8977
vn 0.2822 -0.1770 -0.9429
vn 0.0667 -0.6220 -0.7802
vn -0.1843 -0.8954 -0.4054
vn -0.2176 -0.8576 -0.4661
vn 0.0300 -0.5767 -0.8164
vn -0.6570 -0.6923 0.2982
vn -0.5189 -0.7487 0.4124
vn -0.4764 -0.8765 0.0698
vn -0.5139 -0.8567 0.0441
vn -0.7469 0.3328 0.5756
vn -0.5872 0.1315 0.7986
vn -0.5473 -0.2848 0.7870
vn -0.7835 -0.1996 0.5885
vn -0.7464 -0.4645 0.4766
vn -0.5156 -0.5450 0.6611
vn -0.3452 -0.5599 0.7532
vn -0.3743 -0.8221 0.4289
vn -0.4423 -0.7949 0.4154
vn -0.4198 -0.5553 0.7179
vn -0.3582 -0.3375 0.8705
vn -0.2722 -0.3548 0.8944
vn 0.0302 0.3099 -0.9503
vn -0.0387 0.6372 -0.7698
vn -0.0503 0.6729 -0.7380
vn 0.0413 0.2946 -0.9547
vn 0.2460 -0.0801 -0.9660
vn 0.1925 -0.0087 -0.9813
vn 0.1754 -0.1125 -0.9780
vn 0.2411 -0.1447 -0.9597
vn 0.1530 -0.3539 -0.9227
vn 0.0996 -0.2995 -0.9489
vn 0.2909 -0.1761 -0.9404
vn 0.2988 -0.1453 -0.9432
vn 0.1686 -0.3764 -0.9110
vn 0.2011 0.2765 -0.9398
vn 0.0986 0.5924 -0.7996
vn -0.0192 0.7092 -0.7047
vn -0.0658 0.8337 -0.5482
vn 0.0117 0.9370 -0.3490
vn -0.0821 0.7157 -0.6936
vn 0.2064 0.7266 -0.6553
vn 0.3673 0.9201 -0.1362
vn -0.0914 0.9929 -0.0767
vn -0.1271 0.9380 0.3226
vn -0.0068 0.9141 0.4053
vn 0.0624 0.9854 0.1587
vn 0.3400 0.8951 0.2884
vn 0.2460 0.8341 0.4938
vn -0.1780 0.8416 0.5099
vn -0.1979 0.7965 0.5714
vn -0.2145 0.8026 0.5566
vn -0.1176 0.8381 0.5327
vn 0.0517 0.8037 0.5928
vn -0.1476 0.7873 0.5986
vn -0.2067 0.7815 0.5886
vn -0.2707 0.5254 0.8066
vn -0.2772 0.4809 0.8318
vn -0.2136 0.7750 0.5948
vn -0.2026 0.7568 0.6214
vn -0.3003 0.5267 0.7952
vn -0.2783 0.0077 0.9605
vn -0.3374 -0.0491 0.9401
vn -0.4619 0.0218 0.8867
vn -0.4460 -0.3135 0.8384
vn 0.0245 -0.5301 -0.8476
vn 0.0303 -0.5519 -0.8334
vn -0.2135 -0.7940 -0.5691
vn -0.1802 -0.7740 -0.6069
vn 0.0269 -0.5627 -0.8262
vn -0.2253 -0.8195 -0.5269
vn -0.3496 -0.9366 -0.0228
vn -0.4193 -0.9075 0.0244
vn -0.4636 -0.8852 0.0391
vn -0.4958 -0.7688 0.4039
vn -0.4697 -0.5528 0.6883
vn -0.2876 0.9544 0.0806
vn -0.2289 0.9734 0.0141
vn -0.2636 0.9502 0.1661
vn -0.3161 0.9376 0.1449
vn -0.4431 0.8434 0.3038
vn -0.4591 0.8493 0.2607
vn -0.5131 0.8340 -0.2031
vn -0.3564 0.8876 -0.2918
vn -0.3336 0.9072 -0.2563
vn -0.3550 0.9342 -0.0358
vn -0.3097 0.8895 -0.3359
vn -0.4017 0.8944 -0.1969
vn -0.3650 0.9187 -0.1512
vn -0.3557 0.9174 -0.1787
vn -0.3141 0.7440 -0.5898
vn -0.2488 0.9095 -0.3330
vn -0.2258 0.7030 -0.6743
vn -0.2765 0.9492 -0.1499
vn -0.2402 0.9454 -0.2204
vn -0.2144 0.8423 -0.4946
vn -0.2137 0.6832 -0.6983
vn -0.7142 0.6966 0.0684
vn -0.7079 0.5608 -0.4294
vn -0.5214 0.7421 -0.4212
vn -0.4648 0.8848 0.0339
vn -0.3157 0.8596 0.4019
vn -0.5981 0.6494 0.4696
vn -0.3112 0.9502 -0.0162
vn -0.3453 0.8692 -0.3539
vn -0.2004 0.9787 -0.0448
vn -0.1545 0.9381 0.3101
vn -0.1982 0.9231 0.3296
vn -0.2164 0.7383 0.6388
vn -0.4220 0.4943 0.7600
vn -0.0538 0.4981 0.8655
vn -0.2251 0.3089 0.9241
vn -0.1367 0.8314 0.5385
vn -0.1221 0.8956 0.4278
vn -0.0473 0.8668 0.4964
vn -0.0254 0.7382 0.6741
vn -0.2176 0.9759 -0.0187
vn -0.3084 0.9475 0.0845
vn -0.2915 0.8175 0.4967
vn -0.1986 0.8947 0.4002
vn -0.2198 0.8866 0.4071
vn -0.3455 0.8456 0.4069
vn -0.2629 0.8642 0.4290
vn -0.1217 0.8771 0.4647
vn 0.0667 0.6991 0.7119
vn 0.0155 0.6529 0.7573
vn 0.1949 0.3345 0.9220
vn 0.0992 0.4392 0.8929
vn -0.3425 0.9264 0.1563
vn -0.2660 0.9535 0.1420
vn -0.1354 0.8004 0.5839
vn -0.2242 0.7624 0.6071
vn -0.3134 0.8648 0.3922
vn -0.2343 0.9455 0.2260
vn -0.2527 0.9662 -0.0517
vn -0.3123 0.9280 0.2031
vn -0.2614 0.9573 0.1237
vn -0.4472 0.8856 0.1252
vn -0.2507 0.8127 0.5260
vn -0.1291 0.8386 0.5293
vn -0.2211 0.9637 0.1499
vn -0.3680 0.9175 0.1510
vn -0.4245 0.9054 -0.0068
vn -0.2770 0.9582 -0.0715
vn -0.0676 0.7833 0.6179
vn -0.0677 0.8926 0.4457
vn 0.2111 0.4342 0.8757
vn 0.2097 0.3258 0.9219
vn -0.2463 0.8033 -0.5422
vn -0.1376 0.3302 -0.9338
vn -0.2837 0.3679 -0.8856
vn -0.4510 0.8092 -0.3766
vn -0.1825 0.7261 -0.6629
vn -0.0940 0.3184 -0.9433
vn -0.6731 0.7324 -0.1025
vn -0.5176 0.3858 -0.7637
vn -0.7936 0.3021 -0.5281
vn -0.8828 0.4604 0.0930
vn -0.7368 0.4008 0.5445
vn -0.5975 0.6847 0.4172
vn -0.6703 0.7048 0.2322
vn -0.8759 0.4039 0.2639
vn -0.8825 0.4252 -0.2008
vn -0.6689 0.7190 -0.1887
vn -0.6279 0.7604 0.1660
vn -0.8477 0.4679 0.2500
vn -0.6242 0.3579 0.6945
vn -0.4508 0.6970 0.5576
vn -0.5648 0.7817 0.2645
vn -0.8774 0.3653 0.3109
vn -0.8660 0.4899 0.1004
vn -0.6040 0.7888 0.1140
vn -0.5221 0.7377 0.4280
vn -0.7659 0.4675 0.4413
vn -0.5464 0.3816 0.7455
vn -0.3238 0.5565 0.7652
vn -0.1711 0.5808 0.7959
vn -0.3421 0.8331 0.4347
vn -0.2254 0.5625 -0.7955
vn -0.2430 0.4495 -0.8596
vn -0.2403 0.1940 -0.9511
vn -0.1556 0.2715 -0.9498
vn -0.5229 0.3666 -0.7695
vn -0.1948 0.1036 -0.9754
vn -0.1755 0.3994 -0.8998
vn -0.4720 0.5391 -0.6976
vn -0.3615 0.6694 -0.6490
vn -0.3231 0.6860 -0.6519
vn -0.2972 0.5990 -0.7435
vn -0.4518 0.5633 -0.6919
vn 0.1060 -0.2266 -0.9682
vn 0.3338 -0.5745 -0.7474
vn 0.3434 -0.6152 -0.7096
vn 0.2058 -0.2028 -0.9573
vn 0.3507 0.0418 -0.9356
vn 0.5671 -0.4101 -0.7143
vn 0.7640 -0.1129 -0.6353
vn 0.4211 0.1944 -0.8859
vn 0.0715 0.3315 -0.9407
vn 0.0498 0.3725 -0.9267
vn -0.4904 0.4375 -0.7537
vn -0.4516 0.2606 -0.8533
vn -0.8120 -0.2879 -0.5077
vn -0.5122 -0.0705 -0.8560
vn 0.4718 0.1631 -0.8665
vn 0.5730 -0.2596 -0.7773
vn 0.0081 -0.2471 -0.9690
vn 0.0681 0.1976 -0.9779
vn 0.8546 -0.0649 -0.5153
vn 0.8688 -0.2384 -0.4339
vn -0.3730 0.0402 -0.9270
vn -0.3957 -0.3778 -0.8371
vn -0.7114 -0.5735 -0.4061
vn -0.8221 -0.4692 -0.3226
vn -0.4232 -0.7972 -0.4305
vn 0.0207 -0.8415 -0.5398
vn -0.0382 -0.9701 0.2396
vn -0.4086 -0.8591 0.3082
vn -0.5906 -0.6339 0.4995
vn -0.7067 -0.7074 -0.0129
vn 0.5316 -0.7511 -0.3915
vn 0.8580 -0.4961 -0.1330
vn 0.7312 -0.6278 0.2669
vn 0.3973 -0.8753 0.2756
vn -0.8424 -0.1757 0.5094
vn -0.9847 -0.1732 -0.0208
vn -0.5626 -0.8119 -0.1558
vn -0.4351 -0.8100 0.3931
vn -0.2597 -0.5010 0.8256
vn -0.4684 -0.0532 0.8819
vn -0.8906 -0.3582 0.2801
vn -0.5809 -0.3547 0.7326
vn -0.1192 -0.8946 0.4307
vn -0.4740 -0.8758 0.0912
vn -0.8998 -0.3037 -0.3134
vn -0.9121 -0.3596 0.1967
vn -0.3103 -0.8674 -0.3890
vn -0.2386 -0.9696 -0.0547
vn -0.8721 -0.3208 0.3695
vn -0.6805 -0.2209 0.6987
vn -0.1956 -0.7944 0.5751
vn -0.3130 -0.9178 0.2444
vn -0.3540 -0.9347 0.0303
vn -0.9668 -0.2420 0.0826
vn -0.6864 -0.2031 -0.6982
vn -0.3035 -0.7118 -0.6335
vn -0.2854 -0.1441 -0.9475
vn -0.1269 -0.1564 -0.9795
vn 0.0061 -0.7255 -0.6882
vn -0.0551 -0.6990 -0.7130
vn 0.1361 -0.9906 -0.0161
vn 0.1275 -0.9917 0.0191
vn 0.1769 -0.9216 0.3455
vn 0.1869 -0.8926 0.4102
vn -0.0833 -0.1240 -0.9888
vn -0.0710 -0.0415 -0.9966
vn -0.0703 -0.5160 -0.8537
vn -0.0663 -0.6641 -0.7447
vn -0.0761 -0.0215 -0.9969
vn -0.0467 -0.1375 -0.9894
vn 0.1877 -0.4293 -0.8834
vn 0.0172 -0.4230 -0.9060
vn -0.1657 0.8971 0.4096
vn 0.0246 0.5659 0.8241
vn -0.1454 0.1364 0.9799
vn 0.0083 -0.4531 0.8914
vn 0.1610 -0.3631 0.9177
vn 0.0175 0.2166 0.9761
vn 0.1655 0.1927 0.9672
vn 0.2570 -0.3600 0.8968
vn 0.2844 -0.4027 0.8701
vn 0.2761 0.0813 0.9577
vn 0.2772 -0.2936 0.9149
vn 0.3020 -0.1700 0.9380
vn 0.3270 0.0397 0.9442
vn 0.3532 -0.0172 0.9354
vn 0.0142 -0.9446 0.3278
vn -0.0634 -0.9617 -0.2668
vn 0.0813 -0.9457 -0.3147
vn 0.1775 -0.9168 0.3577
vn 0.2309 -0.8936 0.3850
vn 0.0589 -0.9509 -0.3038
vn -0.0504 -0.9791 -0.1972
vn 0.1494 -0.8634 0.4819
vn -0.0193 -0.9825 -0.1854
vn 0.1651 -0.9695 0.1812
vn 0.1983 -0.9761 0.0892
vn 0.1078 -0.9555 -0.2747
vn 0.1451 -0.9772 -0.1549
vn 0.0657 -0.9185 -0.3900
vn 0.1069 -0.9180 -0.3819
vn 0.1704 -0.9741 -0.1484
vn 0.1271 -0.9909 0.0450
vn 0.1513 -0.9882 -0.0255
vn -0.0593 -0.9980 -0.0201
vn -0.1169 -0.9576 -0.2631
vn -0.1669 -0.9085 0.3831
vn -0.0153 -0.8747 0.4844
vn 0.1303 -0.9872 0.0925
vn 0.0515 -0.9523 -0.3009
vn -0.0842 -0.9519 -0.2945
vn -0.0313 -0.9866 0.1600
vn 0.0770 -0.9940 -0.0780
vn -0.0036 -0.9350 -0.3547
vn -0.1730 -0.9455 -0.2758
vn -0.0899 -0.9917 0.0917
vn -0.0060 -0.9966 0.0816
vn -0.2114 -0.9726 0.0969
vn -0.1844 -0.9827 -0.0143
vn -0.0807 -0.9967 -0.0017
vn 0.1491 -0.9554 -0.2550
vn 0.0234 -0.9934 -0.1119
vn -0.0425 -0.9984 -0.0383
vn -0.2194 -0.9751 -0.0323
vn 0.0260 -0.8695 -0.4933
vn 0.2530 -0.7574 -0.6020
vn -0.1805 -0.4841 -0.8562
vn -0.4286 -0.8327 -0.3507
vn -0.0907 -0.9265 -0.3653
vn 0.2389 -0.5639 -0.7905
vn -0.6234 -0.7418 0.2470
vn -0.5356 -0.7707 0.3452
vn 0.4421 -0.6526 -0.6153
vn 0.5282 -0.6472 -0.5497
vn 0.5647 -0.7422 -0.3608
vn 0.4134 -0.8250 -0.3854
vn -0.1763 -0.9393 0.2945
vn -0.0784 -0.9818 0.1730
vn -0.1503 -0.9793 0.1355
vn -0.1898 -0.9668 0.1710
vn 0.3713 -0.8756 -0.3091
vn 0.5650 -0.7491 -0.3459
vn 0.5222 -0.7675 -0.3717
vn 0.3162 -0.9139 -0.2546
vn 0.8223 -0.4999 -0.2719
vn 0.6778 -0.7343 -0.0360
vn 0.7098 -0.6480 0.2764
vn 0.9296 -0.3660 -0.0423
vn -0.4931 -0.7440 0.4509
vn -0.2058 -0.8335 0.5128
vn -0.1585 -0.9842 0.0793
vn -0.2975 -0.9532 -0.0541
vn 0.3456 -0.8659 -0.3616
vn 0.2682 -0.9410 -0.2063
vn 0.2156 -0.8679 0.4475
vn 0.2883 -0.9306 0.2255
vn -0.0369 0.1537 0.9874
vn 0.0661 0.2303 0.9709
vn 0.3270 -0.0925 0.9405
vn 0.3030 0.0575 0.9513
vn 0.7662 0.0497 0.6407
vn 0.7089 -0.3252 0.6258
vn 0.5185 -0.7677 -0.3765
vn 0.6109 -0.7884 -0.0723
vn 0.4475 -0.8618 -0.2388
vn 0.4190 -0.8321 -0.3635
vn 0.5901 -0.6695 -0.4512
vn 0.5839 -0.7825 -0.2162
vn 0.6495 -0.6500 0.3944
vn 0.5690 -0.4519 0.6870
vn 0.6455 -0.6842 0.3395
vn 0.5395 -0.8418 0.0173
vn 0.3489 -0.9354 0.0572
vn 0.1441 -0.9895 0.0074
vn 0.5531 -0.8301 -0.0706
vn 0.3656 -0.9142 -0.1749
vn 0.1865 0.1698 0.9677
vn 0.2517 0.0785 0.9646
vn 0.3364 -0.1375 0.9316
vn 0.3183 -0.1059 0.9420
vn 0.2784 0.0375 0.9597
vn 0.3092 -0.1353 0.9413
vn 0.5955 -0.7927 -0.1309
vn 0.5419 -0.8062 -0.2374
vn -0.2258 -0.9178 -0.3267
vn -0.1407 -0.9816 -0.1289
vn 0.0516 -0.9775 0.2047
vn -0.1312 -0.9865 -0.0984
vn 0.3943 -0.4593 0.7960
vn 0.2585 -0.6304 0.7320
vn 0.4970 -0.4768 0.7250
vn 0.4416 -0.8070 0.3921
vn 0.4933 -0.8381 0.2328
vn 0.0996 -0.7786 0.6196
vn 0.3398 -0.9404 0.0162
vn 0.2315 -0.9727 -0.0163
vn 0.4766 -0.8587 -0.1882
vn 0.4231 -0.8980 -0.1206
vn 0.2774 -0.9552 -0.1030
vn 0.4859 -0.8141 -0.3181
vn 0.2699 -0.9345 -0.2322
vn 0.2392 -0.9122 -0.3326
vn 0.2491 -0.9506 -0.1853
vn 0.4249 -0.8959 -0.1295
vn 0.4988 -0.4151 0.7608
vn 0.6145 -0.7128 0.3381
vn 0.5755 -0.8063 -0.1369
vn -0.7972 -0.4610 -0.3897
vn -0.8060 -0.5098 -0.3009
vn -0.7424 -0.6473 -0.1728
vn -0.5983 -0.6840 -0.4173
vn -0.5700 -0.8213 0.0223
vn -0.6083 -0.7923 0.0469
vn -0.7426 -0.4074 -0.5316
vn -0.7667 -0.5189 -0.3781
vn -0.6975 -0.6510 -0.2995
vn -0.8051 -0.4929 -0.3298
vn -0.5082 -0.8547 0.1059
vn -0.4271 -0.9034 0.0395
vn -0.6317 -0.7644 0.1292
vn -0.4954 -0.7298 0.4712
vn -0.4728 -0.8582 0.1998
vn -0.4542 -0.8906 0.0208
vn -0.7974 -0.4480 -0.4043
vn -0.7821 -0.6074 -0.1393
vn -0.7142 -0.6657 -0.2165
vn -0.7279 -0.5909 -0.3479
vn -0.4086 -0.8448 0.3455
vn -0.4678 -0.6451 0.6042
vn -0.1824 -0.5046 0.8439
vn -0.1992 -0.8306 0.5200
vn -0.2852 -0.9585 -0.0013
vn -0.3934 -0.9193 0.0141
vn -0.6741 -0.7085 0.2089
vn -0.7514 -0.6562 0.0702
vn -0.2651 -0.7044 0.6585
vn -0.1098 -0.2919 0.9501
vn -0.0869 -0.2409 0.9666
vn -0.2988 -0.5817 0.7565
vn -0.4413 -0.8947 -0.0683
vn -0.3472 -0.9369 -0.0398
vn -0.7254 -0.6842 -0.0759
vn -0.8522 -0.5233 -0.0039
vn -0.6658 -0.5364 0.5185
vn -0.6028 -0.6874 0.4051
vn -0.8102 -0.5848 0.0391
vn -0.9224 -0.3826 -0.0538
vn 0.2869 0.7161 0.6363
vn 0.3131 0.9353 0.1647
vn 0.2500 0.9345 0.2534
vn 0.2263 0.7969 0.5600
vn 0.3112 0.8993 0.3071
vn 0.3171 0.8750 0.3659
vn 0.4311 0.8909 0.1433
vn 0.4688 0.5923 0.6552
vn 0.4141 0.7575 0.5047
vn 0.3000 0.9487 0.0994
vn 0.3074 0.9516 -0.0003
vn 0.2555 0.9668 0.0069
vn 0.2892 0.9571 -0.0180
vn 0.3545 0.9326 0.0681
vn 0.3579 0.9338 -0.0007
vn 0.1379 0.9464 -0.2919
vn 0.1302 0.9818 -0.1386
vn 0.0766 0.9913 -0.1074
vn 0.3121 0.9465 -0.0825
vn 0.2337 0.9350 -0.2666
vn 0.0823 0.9358 -0.3429
vn 0.0526 0.9192 -0.3903
vn 0.0656 0.9245 -0.3755
vn 0.1926 0.9812 0.0112
vn 0.2140 0.9733 -0.0826
vn -0.0219 0.9997 0.0058
vn 0.0094 0.9859 -0.1672
vn -0.1838 0.7055 -0.6845
vn -0.1808 0.6458 -0.7418
vn -0.1902 0.7997 -0.5694
vn -0.3810 0.6566 -0.6510
vn -0.3454 0.4869 -0.8022
vn -0.3495 0.3644 -0.8631
vn -0.3556 0.9343 -0.0239
vn -0.2752 0.8946 -0.3522
vn -0.4401 0.8965 -0.0511
vn -0.4299 0.8229 -0.3714
vn -0.6872 0.6916 -0.2223
vn -0.7762 0.3725 -0.5086
vn -0.6472 0.5764 -0.4990
vn -0.6653 0.7021 -0.2539
vn -0.6580 0.7530 0.0049
vn -0.6843 0.7287 -0.0274
vn -0.1441 0.9894 -0.0177
vn -0.3599 0.9308 0.0637
vn -0.6703 0.7161 -0.1945
vn -0.4885 0.8566 -0.1663
vn -0.4526 0.8111 -0.3704
vn -0.2495 0.9545 -0.1635
vn -0.3288 0.9374 -0.1151
vn -0.3480 0.9370 0.0301
vn -0.3876 0.9218 -0.0096
vn -0.3507 0.9363 -0.0168
vn -0.2727 0.9621 -0.0083
vn -0.5508 0.8213 -0.1489
vn -0.5071 0.8619 0.0071
vn -0.5232 0.8522 0.0021
vn -0.4046 0.9134 0.0447
vn -0.4455 0.5157 -0.7318
vn -0.3835 0.3370 -0.8599
vn -0.4840 0.7167 -0.5021
vn -0.5439 0.7514 -0.3736
vn -0.5203 0.5834 -0.6237
vn -0.4217 0.3823 -0.8222
vn -0.6060 0.6966 -0.3841
vn -0.6104 0.5293 -0.5892
vn -0.4417 0.4252 -0.7900
vn -0.5081 0.6372 -0.5795
vn -0.4409 0.8965 -0.0428
vn -0.4646 0.8548 -0.2311
vn -0.4661 0.8837 -0.0419
vn -0.5072 0.8482 -0.1526
vn -0.6017 0.7925 -0.0999
vn -0.5515 0.8334 -0.0366
vn -0.6395 0.7681 -0.0325
vn -0.6573 0.7442 -0.1187
vn -0.6553 0.7531 -0.0578
vn -0.6395 0.6343 -0.4344
vn -0.6403 0.7677 -0.0261
vn -0.6154 0.7560 0.2233
vn -0.9176 0.1001 0.3846
vn -0.8963 0.2916 0.3340
vn -0.6402 0.7602 0.1103
vn -0.6396 0.7666 -0.0563
vn -0.4842 0.8749 0.0066
vn -0.1954 0.9390 0.2831
vn -0.5813 0.6504 0.4890
vn -0.9328 -0.1721 0.3167
vn -0.6118 0.7896 0.0464
vn -0.8099 0.5786 0.0969
vn -0.6648 0.7239 -0.1843
vn -0.6819 0.7244 -0.1017
vn -0.7530 0.6578 0.0171
vn -0.7917 0.5798 -0.1925
vn -0.4897 0.8713 -0.0329
vn -0.2744 0.5251 0.8055
vn -0.4780 0.4962 0.7248
vn -0.4720 0.6359 0.6106
vn -0.7788 0.5666 -0.2692
vn -0.9398 0.3331 -0.0766
vn -0.6271 0.4860 0.6088
vn -0.4774 0.8594 0.1829
vn 0.0765 0.2215 0.9722
vn 0.0559 0.5220 0.8511
vn -0.7002 0.1132 0.7049
vn -0.1295 0.2194 0.9670
vn -0.9592 0.2207 0.1768
vn -0.6837 0.3642 0.6324
vn -0.0450 0.9281 0.3695
vn -0.0478 0.9964 0.0706
vn -0.3098 0.9491 0.0570
vn -0.1878 0.9143 0.3589
vn -0.1011 0.8917 0.4413
vn -0.3238 0.9188 0.2256
vn 0.1552 0.2245 0.9620
vn 0.1490 0.1480 0.9777
vn -0.0303 0.3208 0.9467
vn -0.0370 0.2585 0.9653
vn -0.1002 0.3006 0.9485
vn 0.0458 0.2897 0.9560
vn 0.1546 0.1667 0.9738
vn 0.1222 0.2258 0.9665
vn -0.0271 0.4068 0.9131
vn -0.0492 0.3575 0.9326
vn -0.3377 0.8595 0.3838
vn -0.1478 0.8788 0.4537
vn -0.1263 0.8532 0.5061
vn -0.2401 0.8721 0.4264
vn -0.2085 0.8400 0.5010
vn -0.1924 0.7902 0.5819
vn -0.1806 0.7828 0.5955
vn -0.6707 0.6554 0.3472
vn -0.2713 0.9054 0.3267
vn -0.3453 0.9378 0.0367
vn -0.3173 0.9474 0.0419
vn -0.2834 0.9108 0.3003
vn 0.0248 0.2837 0.9586
vn -0.8046 0.2500 0.5386
vn -0.7739 0.3245 0.5438
vn -0.0987 0.3948 0.9135
vn -0.1034 0.5555 0.8251
vn -0.0395 0.4683 0.8827
vn -0.1809 0.6070 0.7738
vn -0.1644 0.6766 0.7178
vn -0.7003 0.5217 0.4873
vn -0.0899 0.4983 0.8623
vn -0.2191 0.6413 0.7353
vn -0.3968 0.2695 0.8775
vn -0.6756 0.2185 0.7041
vn -0.3953 0.7617 0.5134
vn -0.7446 -0.2884 0.6020
vn -0.6506 -0.2302 0.7237
vn -0.4970 0.1809 0.8487
vn -0.5059 -0.0221 0.8623
vn -0.5534 0.6903 0.4661
vn -0.5508 0.7252 0.4132
vn -0.7621 -0.3711 0.5305
vn -0.6908 -0.2986 0.6584
vn -0.4649 -0.1879 0.8652
vn -0.6059 -0.3064 0.7341
vn -0.3183 -0.2727 0.9079
vn -0.4522 -0.4448 0.7731
vn -0.5424 -0.3057 0.7825
vn -0.3945 -0.1731 0.9024
vn -0.4504 -0.1331 0.8829
vn -0.3317 -0.1336 0.9339
vn -0.1427 -0.3650 0.9200
vn -0.5351 -0.5406 0.6492
vn -0.2851 -0.2762 0.9178
vn -0.4916 -0.2912 0.8207
vn -0.5870 0.7273 0.3556
vn -0.5825 0.1487 0.7991
vn -0.0776 0.7440 0.6637
vn -0.1324 0.9681 0.2128
vn -0.7477 0.3116 0.5863
vn -0.1480 0.8134 0.5626
vn 0.0788 0.6099 0.7886
vn -0.5391 -0.1120 0.8347
vn -0.8836 -0.3727 0.2835
vn -0.5297 -0.1520 0.8345
vn -0.5388 -0.1668 0.8258
vn 0.0858 0.4480 0.8899
vn -0.0236 0.4912 0.8707
vn 0.2829 0.4119 0.8662
vn -0.3885 -0.2583 0.8845
vn 0.0792 -0.3042 0.9493
vn -0.1925 -0.1454 0.9705
vn 0.0004 -0.1777 0.9841
vn 0.2903 -0.2018 0.9354
vn -0.2648 -0.5125 0.8169
vn -0.3893 -0.5983 0.7004
vn -0.9371 -0.3426 0.0670
vn -0.8950 -0.4343 0.1017
vn -0.9323 -0.3503 0.0904
vn -0.9636 -0.2668 0.0164
vn -0.9460 -0.3204 0.0499
vn -0.9910 -0.1218 0.0549
vn -0.7901 -0.5353 0.2987
vn -0.7555 -0.5001 0.4232
vn -0.6378 -0.3051 0.7072
vn -0.6201 -0.3474 0.7034
vn -0.7114 -0.3860 0.5873
vn -0.7447 -0.3405 0.5740
vn -0.7348 -0.2845 0.6157
vn -0.6292 -0.2617 0.7318
vn -0.4450 -0.1805 0.8772
vn -0.4152 -0.1914 0.8893
vn -0.3910 -0.2207 0.8935
vn -0.7221 -0.2621 0.6403
vn -0.7178 -0.2682 0.6426
vn -0.7239 -0.2687 0.6354
vn -0.7043 -0.3132 0.6371
vn -0.5951 -0.3514 0.7228
vn -0.6252 -0.2295 0.7459
vn -0.4836 -0.1663 0.8594
vn -0.9556 0.0134 0.2944
vn -0.9426 -0.2285 0.2437
vn -0.9839 0.1740 -0.0403
vn -0.9139 0.4060 0.0038
vn -0.8696 -0.3227 0.3738
vn -0.6994 -0.5629 0.4404
vn -0.6139 -0.5877 0.5270
vn -0.6405 -0.5950 0.4856
vn -0.9934 0.0211 -0.1131
vn -0.9381 -0.3430 -0.0490
vn -0.8904 -0.2626 -0.3717
vn -0.9404 0.0527 -0.3360
vn -0.8341 -0.5300 0.1532
vn -0.8114 -0.5204 0.2660
vn -0.9010 -0.4339 -0.0024
vn -0.9003 -0.3986 -0.1750
vn -0.8948 0.0347 -0.4451
vn -0.7221 -0.2235 -0.6547
vn -0.9278 0.0479 -0.3701
vn -0.7894 -0.2143 -0.5753
vn -0.8507 -0.3204 -0.4167
vn -0.9100 -0.3742 -0.1786
vn -0.8764 -0.2934 -0.3818
vn -0.7811 -0.2850 -0.5555
vn -0.8718 0.4894 -0.0224
vn -0.9518 0.0336 -0.3048
vn -0.7732 -0.2578 -0.5793
vn -0.8901 -0.0510 -0.4529
vn -0.9504 -0.0043 -0.3111
vn -0.7240 -0.3170 -0.6127
vn -0.8471 -0.2578 -0.4648
vn -0.7566 -0.3137 -0.5737
vn -0.8076 -0.1270 -0.5759
vn -0.7261 -0.1678 -0.6668
vn -0.7797 0.1069 -0.6170
vn -0.7874 -0.0326 -0.6156
vn -0.7167 0.1861 -0.6721
vn -0.6264 0.4135 -0.6607
vn -0.7085 -0.0053 -0.7057
vn -0.7334 0.0284 -0.6793
vn -0.7248 0.0249 -0.6885
vn -0.7159 0.0343 -0.6974
vn -0.3791 0.7095 -0.5941
vn -0.5315 0.3869 -0.7536
vn -0.1628 0.6054 -0.7791
vn -0.1163 0.9052 -0.4089
vn -0.6802 0.0386 -0.7320
vn -0.7445 -0.0494 -0.6658
vn -0.7135 -0.0747 -0.6967
vn -0.5107 0.1373 -0.8487
vn -0.1483 0.8781 -0.4549
vn -0.0792 0.4791 -0.8742
vn -0.1855 0.0886 -0.9786
vn -0.4931 0.5808 -0.6477
vn -0.2520 0.1556 -0.9551
vn -0.5601 -0.0210 -0.8282
vn -0.3768 0.0170 -0.9261
vn -0.1854 -0.0175 -0.9825
vn -0.2262 -0.0380 -0.9733
vn -0.5339 0.2406 -0.8106
vn -0.1837 0.0853 -0.9793
vn -0.4097 0.2115 -0.8874
vn -0.1953 -0.0172 -0.9806
vn -0.2734 0.0791 -0.9586
vn -0.1961 0.2710 -0.9424
vn -0.1824 0.1205 -0.9758
vn -0.1791 0.1951 -0.9643
vn -0.3049 0.2505 -0.9188
vn -0.2110 0.2958 -0.9317
vn -0.2757 0.2718 -0.9220
vn -0.1841 0.4075 -0.8944
vn -0.1502 0.3240 -0.9341
vn -0.1844 0.4145 -0.8912
vn -0.1642 0.4200 -0.8925
vn -0.3142 0.2837 -0.9060
vn -0.2414 0.3544 -0.9034
vn -0.2570 0.4335 -0.8637
vn -0.3296 0.3662 -0.8702
vn -0.2070 0.3992 -0.8932
vn -0.1854 0.3545 -0.9165
vn -0.1591 0.3875 -0.9080
vn -0.2047 0.4317 -0.8785
vn -0.2401 0.6035 -0.7604
vn -0.2188 0.5894 -0.7777
vn 0.0182 0.9134 -0.4067
vn 0.0527 0.9317 -0.3594
vn -0.1570 0.5617 -0.8123
vn -0.0991 0.5380 -0.8371
vn 0.1197 0.8828 -0.4542
vn 0.0596 0.8935 -0.4450
vn 0.2285 0.9732 0.0251
vn 0.2647 0.9596 0.0954
vn 0.2670 0.9408 0.2087
vn 0.1668 0.9833 0.0734
vn 0.2898 0.9507 0.1102
vn 0.3263 0.9405 0.0948
vn 0.3830 0.8921 0.2398
vn 0.3287 0.9059 0.2670
vn 0.4126 0.8601 0.3000
vn 0.3072 0.8960 0.3207
vn 0.5050 0.7235 0.4706
vn 0.3811 0.7510 0.5392
vn 0.3449 0.7686 0.5388
vn 0.2204 0.9486 0.2270
vn 0.5335 0.6883 0.4916
vn 0.2471 0.9417 0.2282
vn 0.4194 0.4341 0.7973
vn 0.4559 0.2605 0.8511
vn 0.1146 0.9848 0.1309
vn 0.3220 0.6745 0.6643
vn 0.3150 0.3076 0.8979
vn 0.0618 0.8340 0.5483
vn 0.0262 0.9918 -0.1251
vn 0.4405 0.7782 0.4476
vn 0.0727 0.8744 -0.4797
vn 0.2593 0.8970 -0.3579
vn -0.1102 0.9748 -0.1940
vn 0.4031 0.8109 0.4242
vn 0.4314 0.7479 0.5045
vn -0.0548 0.9979 0.0338
vn -0.3110 0.8716 -0.3789
vn -0.2298 0.9069 -0.3532
vn 0.0758 0.9967 -0.0282
vn -0.2309 0.8404 -0.4904
vn 0.4600 0.7260 0.5112
vn 0.5525 0.7069 0.4416
vn -0.0375 0.9949 0.0940
vn -0.5174 0.7905 -0.3276
vn 0.4753 0.2094 0.8545
vn 0.5048 0.4773 0.7192
vn 0.5089 0.5855 0.6311
vn 0.5885 0.5921 0.5505
vn -0.1714 0.0240 0.9849
vn -0.1748 0.0282 0.9842
vn 0.1547 0.2257 0.9618
vn 0.1758 0.2522 0.9516
vn 0.2575 0.2832 0.9238
vn -0.0795 0.0522 0.9955
vn -0.0125 0.0527 0.9985
vn 0.3341 0.2630 0.9051
vn 0.3861 0.2205 0.8957
vn 0.0199 0.0055 0.9998
vn 0.3049 0.3539 0.8842
vn 0.2031 0.3105 0.9286
vn 0.0474 0.3350 0.9410
vn 0.1528 0.4031 0.9023
vn 0.4130 0.4246 0.8057
vn 0.3651 0.3810 0.8494
vn 0.4465 0.3635 0.8176
vn 0.4795 0.4568 0.7492
vn 0.6588 0.4368 0.6125
vn 0.5312 0.3362 0.7777
vn -0.3902 0.4115 0.8237
vn -0.9710 0.0428 0.2353
vn -0.6275 0.4389 0.6431
vn -0.1111 0.5797 0.8072
vn 0.7486 0.6273 0.2145
vn 0.3211 0.5007 0.8038
vn -0.1327 0.2366 0.9625
vn -0.1018 0.3037 0.9473
vn -0.0412 0.1787 0.9830
vn -0.1846 0.1592 0.9698
vn 0.2255 -0.2665 0.9371
vn 0.2306 -0.0598 0.9712
vn 0.3068 0.2416 0.9206
vn 0.2740 -0.1895 0.9429
vn -0.1063 0.1666 0.9803
vn -0.0030 0.0408 0.9992
vn 0.0726 -0.1380 0.9878
vn 0.0863 0.1764 0.9805
vn 0.2410 0.0133 0.9704
vn 0.1227 -0.3036 0.9449
vn 0.1748 -0.2397 0.9550
vn 0.2866 -0.0968 0.9532
vn 0.1824 -0.2468 0.9517
vn 0.2795 0.2286 0.9325
vn 0.2329 0.0999 0.9674
vn 0.1487 -0.3426 0.9277
vn 0.3237 0.5644 0.7594
vn 0.2718 0.4976 0.8237
vn 0.2244 0.4753 0.8508
vn 0.2969 0.4811 0.8249
vn 0.2946 0.5300 0.7952
vn 0.2735 0.4699 0.8393
vn 0.2033 0.0035 0.9791
vn 0.2312 0.2436 0.9419
vn 0.1705 0.0418 0.9845
vn -0.5129 0.8011 -0.3084
vn -0.4374 0.8250 -0.3579
vn -0.2819 0.9300 -0.2361
vn -0.3626 0.9195 -0.1518
vn -0.0479 0.9972 0.0566
vn -0.1070 0.9900 0.0916
vn 0.1589 0.9324 0.3245
vn 0.1122 0.9102 0.3987
vn 0.4118 0.8625 0.2940
vn 0.3923 0.8251 0.4065
vn 0.5658 0.8129 0.1381
vn 0.5598 0.8179 0.1327
vn 0.5151 0.8390 0.1754
vn 0.4945 0.8569 0.1452
vn 0.5100 0.8059 0.3007
vn 0.1534 0.9468 0.2829
vn 0.4298 0.8711 0.2375
vn 0.5307 0.8148 0.2336
vn 0.5048 0.8203 0.2688
vn 0.3019 0.0178 0.9532
vn 0.2834 0.2692 0.9204
vn 0.3952 0.1812 0.9006
vn 0.4704 0.1340 0.8722
vn 0.2212 0.2906 0.9309
vn 0.1902 0.3057 0.9329
vn 0.3530 0.2217 0.9090
vn 0.3719 0.2783 0.8856
vn 0.1901 0.1295 0.9732
vn 0.3376 0.0142 0.9412
vn 0.2767 0.4978 0.8220
vn -0.0377 -0.3179 0.9474
vn 0.2111 -0.2129 0.9540
vn 0.4840 0.3007 0.8218
vn 0.2294 -0.1490 0.9619
vn 0.1966 -0.1922 0.9615
vn -0.4177 -0.6473 0.6376
vn -0.4028 -0.6078 0.6843
vn -0.0769 0.4741 0.8771
vn 0.6312 0.4499 0.6318
vn 0.2989 0.8618 0.4099
vn -0.0947 0.6940 0.7138
vn 0.0281 0.5356 0.8440
vn -0.0158 0.2461 0.9691
vn 0.2075 0.2492 0.9460
vn 0.2944 0.1927 0.9361
vn 0.3295 0.2169 0.9189
vn 0.1699 0.2015 0.9646
vn 0.1184 0.3329 0.9355
vn 0.1234 0.3086 0.9432
vn 0.4218 0.2394 0.8745
vn 0.4996 0.2445 0.8311
vn 0.4448 0.2616 0.8566
vn 0.4281 0.2399 0.8713
vn 0.0902 -0.1713 0.9811
vn 0.4500 0.1804 0.8746
vn 0.2563 0.1434 0.9559
vn 0.2969 0.1958 0.9346
vn 0.2850 0.2696 0.9198
vn 0.0334 0.0353 0.9988
vn 0.1040 0.0374 0.9939
vn 0.0393 0.2827 0.9584
vn 0.0293 0.1189 0.9925
vn 0.1691 0.0934 0.9812
vn 0.3990 0.1684 0.9014
vn 0.0320 0.2331 0.9719
vn -0.0018 0.4191 0.9080
vn 0.0276 0.3378 0.9408
vn 0.0188 0.3447 0.9385
vn 0.1183 0.0720 0.9904
vn 0.1038 0.3182 0.9423
vn 0.5720 0.7635 0.2998
vn 0.7952 0.5613 0.2294
vn 0.7783 0.5152 0.3589
vn 0.6894 0.6022 0.4026
vn 0.6217 0.5670 0.5404
vn 0.3875 0.8004 0.4574
vn 0.1651 0.7619 0.6263
vn 0.0827 0.8532 0.5150
vn 0.1024 0.2759 0.9557
vn 0.0866 0.2680 0.9595
vn 0.3241 0.7073 0.6282
vn 0.2329 0.7081 0.6666
vn 0.5251 0.4749 0.7062
vn 0.8102 0.2257 0.5409
vn 0.7041 0.3479 0.6190
vn 0.9095 0.1827 0.3735
vn 0.5871 0.4256 0.6886
vn 0.5582 0.3365 0.7584
vn 0.9492 0.2698 0.1622
vn 0.0876 0.5283 0.8445
vn 0.1813 0.2840 0.9415
vn 0.1481 0.5667 0.8105
vn 0.1761 0.6399 0.7480
vn 0.2345 0.4153 0.8790
vn 0.1149 0.4915 0.8633
vn 0.5127 0.1913 0.8370
vn 0.1217 0.3865 0.9142
vn 0.0989 0.5936 0.7987
vn 0.2708 -0.0029 0.9626
vn 0.2321 0.0229 0.9724
vn 0.2454 0.3868 0.8889
vn 0.1943 0.6699 0.7166
vn 0.1657 0.6582 0.7344
vn 0.1374 0.1470 0.9796
vn -0.0165 0.7340 0.6790
vn 0.6677 0.5410 0.5113
vn 0.7547 0.6560 0.0071
vn 0.6955 0.7185 0.0023
vn 0.6146 0.6182 0.4901
vn 0.4794 0.8149 0.3257
vn 0.4990 0.7440 0.4444
vn 0.6277 0.6613 0.4108
vn 0.5507 0.6835 0.4791
vn 0.4084 0.7596 0.5061
vn 0.3719 0.8860 0.2768
vn 0.4074 0.9002 0.1538
vn 0.3976 0.8691 0.2941
vn 0.3377 0.8058 0.4864
vn 0.5965 0.5906 0.5435
vn 0.4796 0.5880 0.6513
vn 0.6476 0.5962 0.4745
vn 0.2994 0.8480 0.4374
vn 0.2743 0.8708 0.4081
vn 0.3971 0.9001 0.1793
vn 0.4102 0.9109 0.0450
vn 0.4034 0.9150 0.0039
vn 0.3444 0.9345 0.0902
vn 0.3111 0.9504 0.0001
vn 0.2161 0.9578 0.1894
vn 0.1561 0.9877 -0.0035
vn 0.2925 0.8824 0.3685
vn 0.3089 0.9511 -0.0041
vn 0.5155 0.7277 0.4525
vn 0.5642 0.8256 -0.0016
vn -0.8883 -0.4591 -0.0070
vn -0.8294 -0.3584 -0.4286
vn -0.8593 -0.3577 -0.3657
vn -0.8012 -0.5964 -0.0493
vn -0.5971 -0.7390 0.3122
vn -0.7541 -0.5372 0.3780
vn -0.8578 -0.4897 0.1563
vn -0.2184 -0.8561 0.4684
vn -0.4093 -0.7871 0.4614
vn -0.1448 -0.7360 0.6613
vn -0.0538 -0.8760 0.4793
vn -0.3119 -0.6875 0.6558
vn -0.6093 -0.5755 0.5454
vn 0.0557 -0.1982 0.9786
vn 0.1322 -0.2118 0.9683
vn -0.1928 -0.6171 0.7629
vn -0.2193 -0.5951 0.7731
vn -0.3764 -0.9254 -0.0440
vn -0.4054 -0.9114 -0.0711
vn -0.3164 -0.9470 -0.0558
vn -0.2130 -0.6304 0.7464
vn 0.0730 -0.2220 0.9723
vn 0.0257 -0.2425 0.9698
vn -0.2301 -0.6420 0.7313
vn -0.2829 -0.9566 -0.0700
vn 0.0072 -0.2753 0.9613
vn 0.0256 -0.4379 0.8987
vn -0.0364 -0.5771 0.8159
vn -0.4626 -0.5528 0.6931
vn -0.5344 -0.7127 0.4544
vn -0.7749 -0.6153 0.1444
vn -0.6222 -0.5121 0.5921
vn -0.5569 -0.4943 0.6675
vn -0.4898 -0.4730 0.7324
vn -0.3821 -0.6930 0.6113
vn -0.8947 0.0023 0.4466
vn -0.8353 0.3522 0.4223
vn -0.6489 0.0598 0.7585
vn -0.7220 -0.2011 0.6620
vn -0.5594 -0.0579 0.8269
vn -0.6197 -0.2398 0.7473
vn -0.6846 -0.5046 0.5260
vn -0.9639 -0.2175 0.1537
vn -0.8849 -0.4268 -0.1867
vn -0.8943 -0.2537 -0.3686
vn -0.4934 -0.1430 0.8580
vn -0.5350 -0.2700 0.8005
vn -0.4438 -0.1912 0.8755
vn -0.4635 -0.2976 0.8346
vn 0.0572 0.4337 0.8992
vn -0.1228 0.4088 0.9043
vn -0.2384 0.1783 0.9547
vn -0.0546 0.3745 0.9256
vn 0.5960 0.7524 0.2804
vn 0.6368 0.7589 0.1363
vn 0.6572 0.7379 0.1536
vn 0.5897 0.7596 0.2745
vn 0.6216 0.7186 0.3118
vn 0.5943 0.7695 0.2338
vn 0.6283 0.7310 0.2661
vn 0.5318 0.8047 0.2639
vn 0.5457 0.7960 0.2620
vn 0.1616 0.4522 0.8772
vn 0.2195 0.5929 0.7748
vn 0.3813 0.7541 0.5347
vn 0.2861 0.6568 0.6977
vn 0.5779 0.7159 0.3917
vn 0.5388 0.7598 0.3639
vn 0.5940 0.7047 0.3880
vn 0.6102 0.7003 0.3704
vn 0.3163 0.5362 0.7826
vn 0.3427 0.7035 0.6226
vn 0.2447 0.8545 0.4582
vn 0.3976 0.8185 0.4147
vn 0.0458 0.6523 0.7566
vn -0.0486 0.7605 0.6475
vn 0.0180 0.8133 0.5815
vn -0.5090 0.6061 -0.6113
vn -0.7148 0.4069 -0.5688
vn -0.7236 0.3887 -0.5703
vn -0.6247 0.6345 -0.4551
vn -0.7967 0.4039 -0.4497
vn -0.7324 0.6082 -0.3060
vn -0.3937 -0.0264 0.9189
vn -0.4249 0.0868 0.9011
vn -0.2692 0.2466 0.9310
vn -0.1867 0.0748 0.9796
vn -0.3863 -0.0627 0.9202
vn -0.0201 0.1869 0.9822
vn -0.5947 0.5195 0.6135
vn -0.7361 0.6753 0.0452
vn -0.6395 0.5564 -0.5305
vn -0.8223 0.4597 -0.3353
vn -0.7823 0.3925 -0.4836
vn -0.7507 0.5933 0.2905
vn -0.7444 0.5331 -0.4021
vn -0.5773 0.3397 0.7425
vn -0.7729 0.6345 0.0073
vn 0.0638 -0.2569 -0.9643
vn 0.1197 -0.4002 -0.9086
vn -0.2260 -0.3817 -0.8962
vn -0.1791 -0.2888 -0.9405
vn -0.1634 -0.2889 -0.9433
vn 0.0183 -0.2660 -0.9638
vn 0.2597 -0.2478 -0.9334
vn 0.2779 -0.2595 -0.9249
vn 0.3101 -0.4034 -0.8609
vn 0.2995 -0.2954 -0.9072
vn 0.3297 -0.4595 -0.8247
vn 0.3021 -0.2047 -0.9310
vn 0.2861 -0.2660 -0.9205
vn 0.2975 -0.4083 -0.8630
vn 0.2959 -0.5562 -0.7766
vn 0.3688 -0.5159 -0.7732
vn 0.3576 -0.6141 -0.7035
vn 0.3642 -0.3833 -0.8488
vn 0.4119 -0.5254 -0.7445
vn 0.4225 -0.6128 -0.6678
vn 0.4338 -0.6792 -0.5920
vn 0.1164 -0.6421 -0.7577
vn 0.1700 -0.9271 -0.3341
vn -0.0879 -0.9270 -0.3646
vn -0.1290 -0.6383 -0.7589
vn 0.3226 -0.6295 -0.7068
vn 0.3412 -0.8791 -0.3329
vn 0.3752 -0.6565 -0.6544
vn 0.2465 -0.8780 -0.4104
vn 0.2613 -0.6913 -0.6737
vn 0.1748 -0.8920 -0.4168
vn 0.3479 -0.7285 -0.5901
vn 0.2915 -0.8962 -0.3345
vn 0.4120 -0.7631 -0.4980
vn 0.3220 -0.8944 -0.3104
vn -0.3888 -0.5094 -0.7677
vn -0.3619 -0.4361 -0.8240
vn -0.3429 -0.4265 -0.8370
vn -0.4117 -0.5208 -0.7479
vn -0.4046 -0.7742 -0.4868
vn -0.4501 -0.5702 -0.6872
vn -0.4430 -0.4907 -0.7503
vn -0.3676 -0.5594 -0.7430
vn -0.3454 -0.3976 -0.8501
vn -0.2861 -0.8781 -0.3837
vn -0.3215 -0.3244 -0.8896
vn -0.3753 -0.3228 -0.8689
vn -0.6367 -0.2946 -0.7126
vn -0.7486 -0.1430 -0.6474
vn -0.5056 -0.1407 -0.8512
vn -0.4154 -0.1773 -0.8922
vn -0.2593 -0.3246 -0.9096
vn -0.2880 -0.2727 -0.9180
vn 0.1407 -0.9900 0.0092
vn -0.1120 -0.9541 0.2777
vn -0.1370 -0.8749 0.4645
vn 0.0482 -0.9969 0.0619
vn 0.1643 -0.9746 -0.1523
vn -0.0509 -0.9984 0.0263
vn -0.2466 -0.9043 0.3485
vn -0.1202 -0.9711 0.2062
vn -0.2458 -0.7795 0.5762
vn 0.0270 -0.9943 0.1031
vn -0.1652 -0.8185 0.5503
vn -0.1186 -0.7962 0.5933
vn 0.0580 -0.9815 0.1824
vn -0.1912 -0.7339 0.6518
vn -0.1130 -0.8452 0.5224
vn 0.0424 -0.9568 0.2878
vn -0.1224 -0.8133 0.5689
vn -0.1050 -0.8101 0.5768
vn -0.0520 -0.9479 0.3143
vn -0.0510 -0.9443 0.3250
vn -0.1643 -0.9667 0.1963
vn -0.2045 -0.9459 0.2518
vn -0.0457 -0.7729 0.6329
vn -0.0876 -0.7882 0.6092
vn -0.2416 -0.9543 0.1758
vn -0.1851 -0.7911 0.5830
vn -0.2533 -0.8009 0.5426
vn -0.5446 -0.8156 0.1956
vn -0.3496 -0.9225 0.1638
vn -0.6939 -0.6738 -0.2540
vn -0.5116 -0.7796 -0.3612
vn -0.1822 -0.9550 0.2338
vn -0.1464 -0.9445 0.2939
vn -0.1746 -0.9315 0.3190
vn -0.1349 -0.9404 0.3120
vn -0.5657 -0.5761 -0.5899
vn -0.7905 -0.3999 -0.4639
vn -0.7265 -0.5070 -0.4638
vn -0.8999 -0.2553 -0.3534
vn -0.7010 -0.5035 -0.5050
vn -0.7097 -0.6882 -0.1506
vn -0.6238 -0.7649 -0.1606
vn -0.4683 -0.6229 -0.6267
vn 0.1411 -0.4072 -0.9024
vn -0.3576 -0.3267 -0.8749
vn -0.2780 -0.6850 -0.6735
vn 0.0392 -0.5152 -0.8562
vn -0.4823 -0.8161 -0.3185
vn -0.0877 -0.8126 -0.5761
vn 0.3844 -0.5343 -0.7529
vn 0.4021 -0.1136 -0.9085
vn 0.4834 -0.1908 -0.8543
vn 0.3822 -0.4991 -0.7777
vn 0.0410 -0.9258 -0.3758
vn 0.0196 -0.9219 -0.3870
vn 0.2842 -0.4214 -0.8612
vn 0.3259 -0.0518 -0.9440
vn -0.9280 -0.2100 -0.3078
vn -0.9392 -0.1561 -0.3058
vn -0.8534 -0.2250 -0.4702
vn -0.7550 -0.2071 -0.6221
vn 0.2949 -0.3491 -0.8895
vn 0.3784 -0.1647 -0.9109
vn 0.4491 -0.1460 -0.8815
vn 0.4034 -0.1759 -0.8980
vn -0.0492 -0.2033 -0.9779
vn 0.0819 -0.2659 -0.9605
vn 0.3546 -0.2252 -0.9075
vn 0.3069 -0.2351 -0.9223
vn 0.2536 -0.5318 -0.8080
vn 0.2995 -0.5181 -0.8012
vn 0.3036 -0.6422 -0.7038
vn 0.4769 -0.2517 -0.8422
vn 0.4415 -0.3662 -0.8191
vn 0.2272 -0.7912 -0.5678
vn 0.3077 -0.7900 -0.5304
vn 0.3238 -0.4722 -0.8199
vn 0.2584 -0.4755 -0.8409
vn 0.4017 -0.7058 -0.5836
vn -0.1910 -0.7654 -0.6145
vn -0.5085 -0.4434 -0.7381
vn 0.0575 -0.9036 -0.4244
vn 0.0281 -0.9687 -0.2468
vn 0.1302 -0.8259 -0.5486
vn -0.1165 -0.9806 -0.1575
vn -0.0922 -0.9846 -0.1487
vn 0.1954 -0.9722 -0.1294
vn -0.7940 -0.0774 -0.6030
vn -0.9225 -0.1845 -0.3390
vn -0.7241 -0.5374 -0.4323
vn -0.7250 -0.2280 -0.6499
vn 0.2292 -0.9551 -0.1876
vn 0.4446 -0.8558 -0.2646
vn 0.4904 -0.8710 -0.0289
vn 0.3567 -0.9277 -0.1100
vn 0.1007 -0.8923 -0.4400
vn -0.2904 -0.7851 -0.5470
vn 0.2493 -0.8949 -0.3701
vn 0.3417 -0.8932 -0.2922
vn 0.0897 -0.9674 -0.2367
vn 0.3198 -0.8068 -0.4967
vn 0.2536 -0.8491 -0.4634
vn 0.1165 -0.9279 -0.3543
vn -0.5678 -0.0186 -0.8229
vn -0.4938 0.0371 -0.8688
vn -0.5499 -0.0211 -0.8350
vn -0.4907 0.0499 -0.8699
vn 0.2886 -0.9437 -0.1620
vn 0.1066 -0.9528 -0.2843
vn 0.1193 -0.9801 -0.1587
vn 0.1354 -0.9899 -0.0414
vn -0.2551 -0.7572 -0.6013
vn -0.2884 -0.6153 -0.7336
vn 0.1796 -0.7521 -0.6341
vn 0.0077 -0.7904 -0.6125
vn 0.3262 -0.6901 -0.6460
vn 0.3344 -0.5088 -0.7933
vn 0.2093 -0.4901 -0.8462
vn 0.0379 -0.4578 -0.8882
vn -0.3770 -0.0270 -0.9258
vn -0.4000 -0.0136 -0.9164
vn -0.2321 0.0379 -0.9720
vn -0.1815 -0.1611 -0.9701
vn -0.1142 -0.8557 -0.5048
vn -0.0486 -0.6356 -0.7705
vn -0.0568 -0.8770 -0.4771
vn -0.1219 -0.9754 -0.1839
vn -0.1970 -0.5699 -0.7977
vn -0.2941 -0.7638 -0.5745
vn 0.0267 -0.2221 -0.9747
vn 0.0145 -0.0203 -0.9997
vn 0.2897 -0.0157 -0.9570
vn 0.2731 -0.2425 -0.9309
vn 0.1400 -0.2968 -0.9446
vn 0.1418 -0.4978 -0.8556
vn 0.2301 -0.6033 -0.7636
vn 0.2888 -0.2511 -0.9239
vn 0.2623 -0.5770 -0.7735
vn 0.1204 -0.6434 -0.7560
vn 0.0273 -0.3554 -0.9343
vn 0.3128 -0.1428 -0.9390
vn 0.3195 -0.2285 -0.9196
vn 0.3490 -0.0935 -0.9325
vn 0.3842 -0.0483 -0.9220
vn 0.2996 -0.1984 -0.9332
vn 0.3568 -0.1987 -0.9128
vn 0.4234 -0.0263 -0.9055
vn 0.3849 -0.1726 -0.9067
vn 0.3892 -0.3847 -0.8370
vn -0.4816 -0.4025 0.7785
vn -0.4673 -0.3950 0.7909
vn -0.2912 -0.8986 0.3282
vn -0.3519 -0.8845 0.3062
vn -0.4970 -0.8322 0.2458
vn -0.5603 -0.3742 0.7390
vn -0.4580 -0.0942 0.8840
vn -0.5903 -0.1857 0.7855
vn -0.7080 -0.3977 0.5836
vn -0.5086 -0.2276 0.8304
vn -0.4455 -0.1634 0.8802
vn -0.4673 -0.1161 0.8764
vn 0.2625 -0.1611 -0.9514
vn 0.3004 0.1662 -0.9392
vn 0.2151 0.3416 -0.9149
vn 0.1391 -0.0814 -0.9869
vn 0.3653 -0.2314 -0.9017
vn 0.3692 0.1115 -0.9227
vn -0.4223 -0.0626 -0.9043
vn -0.6233 -0.2611 -0.7371
vn -0.6701 -0.2999 -0.6790
vn -0.5239 -0.1336 -0.8412
vn -0.2519 0.0372 -0.9670
vn -0.1217 0.1197 -0.9853
vn 0.0585 0.1737 -0.9831
vn -0.2473 -0.0841 -0.9653
vn -0.4757 -0.3385 -0.8119
vn -0.5735 -0.1956 -0.7955
vn -0.6765 -0.2983 -0.6733
vn -0.6772 -0.2823 -0.6795
vn -0.6283 -0.2911 -0.7215
vn -0.4689 -0.1903 -0.8625
vn -0.3913 -0.1188 -0.9126
vn 0.3105 0.4242 -0.8507
vn 0.3040 0.5981 -0.7415
vn 0.2811 0.6723 -0.6848
vn 0.2562 0.5238 -0.8124
vn 0.3324 0.4021 -0.8531
vn 0.2796 0.5951 -0.7534
vn -0.4245 0.7072 -0.5654
vn -0.3034 0.4373 -0.8466
vn -0.4531 0.4388 -0.7760
vn -0.5470 0.6603 -0.5146
vn -0.4569 0.8700 -0.1853
vn -0.4787 0.8521 -0.2116
vn -0.4385 0.8192 -0.3696
vn -0.3039 0.6833 -0.6640
vn -0.2067 0.4642 -0.8613
vn 0.0252 -0.1500 -0.9884
vn -0.2572 -0.4675 -0.8457
vn 0.2741 0.1691 -0.9467
vn 0.5005 0.1044 -0.8594
vn 0.3331 -0.1420 -0.9321
vn 0.0763 -0.4587 -0.8853
vn -0.5009 -0.3563 -0.7888
vn -0.3058 -0.4773 -0.8238
vn 0.0525 -0.0098 -0.9986
vn -0.2039 0.1588 -0.9660
vn -0.0891 -0.5884 -0.8037
vn 0.1943 -0.2050 -0.9593
vn 0.1124 0.0928 -0.9893
vn 0.1726 0.0657 -0.9828
vn 0.0648 0.0037 -0.9979
vn 0.0569 0.0178 -0.9982
vn 0.1168 -0.0238 -0.9929
vn 0.1415 0.0496 -0.9887
vn 0.0639 -0.0593 -0.9962
vn 0.0868 -0.0301 -0.9958
vn 0.2595 -0.0844 -0.9620
vn 0.0781 0.0346 -0.9963
vn 0.1781 0.0596 -0.9822
vn 0.3203 0.1331 -0.9379
vn 0.1007 0.0953 -0.9903
vn 0.3757 -0.2294 -0.8979
vn 0.5187 -0.0244 -0.8546
vn 0.2943 -0.3056 -0.9056
vn 0.2158 -0.4679 -0.8570
vn 0.4795 -0.0206 -0.8773
vn 0.5769 -0.0865 -0.8122
vn 0.5168 0.1364 -0.8451
vn 0.5048 -0.0278 -0.8628
vn 0.7493 -0.2555 -0.6109
vn 0.8546 -0.3642 -0.3702
vn 0.9091 -0.2146 -0.3570
vn 0.8118 -0.1274 -0.5699
vn 0.7012 -0.2426 -0.6704
vn 0.8433 -0.3549 -0.4037
vn 0.4136 0.0544 -0.9088
vn 0.6610 -0.1843 -0.7274
vn 0.4012 0.0846 -0.9121
vn 0.6785 -0.1219 -0.7244
vn 0.8423 -0.2996 -0.4481
vn 0.8308 -0.3348 -0.4445
vn 0.6795 -0.2691 -0.6825
vn 0.5652 0.0465 -0.8237
vn 0.4043 -0.0366 -0.9139
vn 0.4118 -0.0258 -0.9109
vn 0.3672 -0.2115 -0.9058
vn 0.7435 -0.4727 -0.4730
vn 0.1706 0.0054 -0.9853
vn 0.1828 0.0695 -0.9807
vn 0.1586 -0.0805 -0.9841
vn 0.3247 -0.4687 -0.8215
vn 0.7962 -0.5264 -0.2983
vn 0.5883 -0.4556 -0.6681
vn 0.9071 -0.4027 -0.1226
vn -0.0423 -0.0798 -0.9959
vn 0.0760 -0.0849 -0.9935
vn -0.1422 -0.0066 -0.9898
vn -0.1900 -0.0598 -0.9800
vn 0.1488 -0.0842 -0.9853
vn 0.1803 -0.0829 -0.9801
vn 0.1524 -0.0726 -0.9856
vn 0.1438 -0.0465 -0.9885
vn 0.0857 -0.0290 -0.9959
vn 0.1169 0.0014 -0.9931
vn 0.9060 -0.4128 -0.0931
vn 0.9166 -0.3888 -0.0930
vn 0.7866 -0.3876 -0.4806
vn 0.8829 -0.2335 -0.4074
vn 0.0020 -0.0811 -0.9967
vn -0.1689 -0.0025 -0.9856
vn -0.1553 0.0412 -0.9870
vn 0.1707 0.0183 -0.9851
vn 0.0899 0.0062 -0.9959
vn 0.1151 -0.0921 -0.9891
vn 0.0916 0.0380 -0.9951
vn 0.0532 0.0044 -0.9986
vn 0.0561 -0.0072 -0.9984
vn 0.1016 0.0301 -0.9944
vn 0.9077 -0.3869 -0.1624
vn 0.9668 -0.1753 -0.1862
vn 0.8681 -0.1390 -0.4765
vn 0.7730 -0.1010 -0.6263
vn 0.2367 0.1613 -0.9581
vn -0.1338 0.1131 -0.9845
vn -0.0745 0.1482 -0.9862
vn 0.1369 0.3183 -0.9381
vn 0.0733 0.0887 -0.9934
vn 0.0811 0.1027 -0.9914
vn 0.4468 0.1255 -0.8858
vn 0.3900 0.0475 -0.9196
vn 0.2956 -0.5136 -0.8055
vn 0.2836 -0.3867 -0.8775
vn 0.2577 -0.1746 -0.9503
vn 0.4208 0.0072 -0.9071
vn 0.2222 -0.2247 -0.9487
vn 0.1062 -0.3002 -0.9480
vn 0.1845 -0.7300 -0.6580
vn 0.2974 -0.3485 -0.8889
vn 0.2319 -0.4578 -0.8583
vn 0.0991 -0.6876 -0.7193
vn 0.1780 -0.6491 -0.7396
vn 0.1208 -0.5855 -0.8016
vn 0.1561 -0.5970 -0.7869
vn 0.1236 -0.7290 -0.6733
vn 0.3797 -0.0554 -0.9234
vn 0.2696 -0.3290 -0.9050
vn 0.3279 -0.1300 -0.9357
vn 0.3368 0.1656 -0.9269
vn 0.4268 0.2839 -0.8586
vn 0.4068 0.4361 -0.8027
vn 0.3841 0.0680 -0.9208
vn 0.3226 -0.2157 -0.9217
vn 0.2228 -0.5773 -0.7856
vn 0.1598 -0.5072 -0.8469
vn 0.2527 -0.4582 -0.8522
vn 0.2116 -0.4928 -0.8440
vn 0.3651 0.1124 -0.9241
vn 0.3337 -0.1365 -0.9327
vn 0.3281 0.5060 -0.7977
vn 0.2953 0.4874 -0.8217
vn 0.3254 0.1224 -0.9376
vn 0.3378 -0.1108 -0.9347
vn 0.0596 -0.3802 -0.9230
vn 0.1235 -0.3121 -0.9420
vn 0.1028 -0.3409 -0.9345
vn 0.1860 -0.2831 -0.9409
vn 0.2054 -0.3210 -0.9245
vn 0.2867 -0.1392 -0.9478
vn 0.2867 -0.4193 -0.8614
vn 0.3534 -0.3532 -0.8662
vn 0.2884 -0.4505 -0.8449
vn 0.2928 -0.4427 -0.8475
vn 0.2383 -0.4559 -0.8575
vn 0.1223 -0.4593 -0.8798
vn 0.2035 -0.4464 -0.8714
vn 0.3689 -0.3482 -0.8618
vn 0.2856 -0.0772 -0.9552
vn 0.1879 -0.0161 -0.9820
vn -0.8613 0.4990 -0.0956
vn -0.9660 0.2573 -0.0247
vn -0.9117 0.2567 0.3209
vn -0.9104 0.3987 0.1107
vn -0.9110 0.3966 -0.1132
vn -0.8271 0.4953 -0.2656
vn -0.6563 0.5152 -0.5512
vn -0.7133 0.5006 -0.4906
vn -0.7932 0.2094 -0.5718
vn -0.4942 0.4415 -0.7489
vn -0.3346 0.3329 -0.8816
vn -0.3115 0.1819 -0.9327
vn -0.4762 0.2002 -0.8562
vn -0.5217 0.4683 -0.7131
vn -0.4576 0.4191 -0.7842
vn -0.0823 0.2147 -0.9732
vn -0.1468 0.2334 -0.9612
vn -0.3631 0.3729 -0.8539
vn -0.2708 0.3996 -0.8758
vn -0.1007 0.5556 -0.8253
vn 0.0589 0.3717 -0.9265
vn 0.1831 0.1378 -0.9734
vn 0.0780 0.0462 -0.9959
vn 0.0257 0.0990 -0.9948
vn 0.3313 -0.2355 -0.9137
vn 0.3396 -0.2877 -0.8955
vn 0.4251 -0.5419 -0.7250
vn 0.4659 -0.4239 -0.7767
vn 0.4742 -0.7641 -0.4373
vn 0.5530 -0.6550 -0.5150
vn 0.4534 -0.3516 -0.8190
vn 0.6046 -0.6086 -0.5139
vn 0.2782 -0.1348 -0.9510
vn 0.1965 -0.0763 -0.9775
vn 0.1424 -0.0062 -0.9898
vn 0.2622 -0.0726 -0.9623
vn -0.2241 0.2387 -0.9449
vn -0.2847 0.1389 -0.9485
vn -0.4659 0.3658 -0.8057
vn -0.4253 0.4139 -0.8049
vn -0.0631 0.0454 -0.9970
vn -0.1387 -0.1106 -0.9841
vn 0.3391 -0.3979 -0.8525
vn 0.6139 -0.5690 -0.5471
vn 0.5892 -0.5220 -0.6167
vn 0.2293 -0.4933 -0.8391
vn -0.0404 -0.3494 -0.9361
vn 0.1199 -0.2220 -0.9676
vn 0.0081 -0.0874 -0.9961
vn -0.1223 -0.2710 -0.9548
vn -0.2110 -0.0448 -0.9765
vn -0.1108 -0.2279 -0.9674
vn -0.2917 0.0367 -0.9558
vn -0.4112 0.2419 -0.8788
vn -0.0723 -0.2861 -0.9555
vn 0.0026 -0.3871 -0.9220
vn -0.7854 -0.0366 0.6179
vn -0.9315 -0.0722 0.3564
vn -0.9648 0.1994 0.1716
vn -0.8752 0.2020 0.4395
vn -0.7871 0.0721 0.6127
vn -0.6419 -0.1128 0.7585
vn -0.1242 -0.3514 -0.9279
vn -0.0399 -0.4491 -0.8926
vn -0.1308 -0.4175 -0.8992
vn -0.1315 -0.5336 -0.8355
vn -0.0521 -0.5902 -0.8056
vn 0.1144 -0.5192 -0.8470
vn 0.4266 -0.4486 -0.7853
vn 0.1906 -0.5703 -0.7990
vn 0.6431 -0.7452 -0.1764
vn 0.7926 -0.5383 -0.2862
vn 0.5984 -0.6879 -0.4107
vn 0.6656 0.0707 -0.7430
vn 0.4251 0.5561 -0.7142
vn 0.8111 -0.3037 -0.4999
vn 0.6304 -0.1785 -0.7555
vn 0.2867 0.4828 -0.8274
vn 0.2166 0.0547 -0.9747
vn 0.3553 -0.3760 -0.8558
vn 0.5342 -0.8099 -0.2421
vn 0.5634 -0.3342 -0.7555
vn 0.4557 -0.8651 -0.2098
vn 0.5309 -0.1802 -0.8281
vn 0.0763 0.6253 -0.7766
vn -0.0366 0.8236 -0.5661
vn -0.0766 0.8426 -0.5331
vn -0.2247 0.8132 -0.5368
vn -0.1567 0.7028 -0.6939
vn 0.1378 0.6727 -0.7270
vn 0.4271 0.1617 -0.8896
vn 0.1350 0.1484 -0.9797
vn -0.2480 0.1052 -0.9630
vn -0.4222 0.2906 -0.8587
vn -0.1165 -0.1785 -0.9770
vn 0.0621 -0.3667 -0.9283
vn -0.1596 -0.0942 -0.9827
vn -0.5181 0.4198 -0.7452
vn -0.5538 0.4611 -0.6933
vn -0.4971 0.4522 -0.7405
vn -0.5246 0.4565 -0.7186
vn -0.7217 0.2692 -0.6378
vn -0.4721 0.2918 -0.8319
vn -0.6421 0.3840 -0.6635
vn -0.8007 0.3516 -0.4850
vn -0.9211 0.2512 -0.2976
vn -0.9006 0.2711 -0.3399
vn -0.5120 0.4022 -0.7590
vn -0.3017 0.3123 -0.9008
vn -0.2887 0.3467 -0.8925
vn -0.4167 0.4072 -0.8127
vn -0.4269 0.4127 -0.8046
vn -0.4110 0.4156 -0.8114
vn -0.5395 0.4765 -0.6942
vn -0.5170 0.4551 -0.7250
vn -0.5415 0.4759 -0.6930
vn -0.5541 0.4937 -0.6703
vn -0.1668 0.7141 -0.6798
vn -0.2263 0.5686 -0.7909
vn 0.0634 0.5408 -0.8388
vn 0.3095 0.4279 -0.8492
vn 0.0907 0.6267 -0.7739
vn 0.0029 0.7002 -0.7140
vn -0.0385 0.7560 -0.6534
vn 0.0530 -0.9947 0.0876
vn 0.1015 -0.9825 -0.1560
vn -0.0308 -0.9560 -0.2918
vn -0.0786 -0.9869 -0.1408
vn 0.1893 -0.8899 -0.4151
vn 0.2821 -0.8738 -0.3962
vn 0.1406 -0.8411 -0.5223
vn 0.0373 -0.9001 -0.4341
vn 0.3803 -0.8189 -0.4298
vn 0.4276 -0.7371 -0.5232
vn 0.3506 -0.7210 -0.5976
vn 0.2666 -0.7764 -0.5710
vn 0.4469 -0.6858 -0.5744
vn 0.4519 -0.6158 -0.6454
vn 0.3397 -0.6970 -0.6316
vn 0.3481 -0.7143 -0.6071
vn 0.4299 -0.5433 -0.7211
vn 0.3963 -0.4436 -0.8039
vn 0.3948 -0.5881 -0.7059
vn 0.3636 -0.6483 -0.6690
vn 0.3324 -0.3913 -0.8581
vn 0.2663 -0.4250 -0.8651
vn 0.3721 -0.4871 -0.7901
vn 0.4045 -0.5229 -0.7503
vn 0.3003 -0.3454 -0.8891
vn 0.3175 -0.3037 -0.8983
vn 0.3283 -0.3567 -0.8746
vn 0.3460 -0.4421 -0.8276
vn 0.3523 -0.1475 -0.9242
vn 0.3633 -0.1867 -0.9128
vn 0.0381 -0.4958 -0.8676
vn 0.0009 -0.5352 -0.8447
vn 0.2298 -0.5460 -0.8057
vn 0.2101 -0.4914 -0.8452
vn 0.1809 -0.3440 -0.9214
vn -0.0174 -0.3247 -0.9456
vn -0.1984 -0.9560 -0.2163
vn -0.2197 -0.9489 -0.2267
vn -0.2117 -0.9616 -0.1748
vn -0.1638 -0.9655 -0.2026
vn -0.1696 -0.9614 -0.2166
vn -0.1688 -0.9506 -0.2604
vn -0.3883 -0.9066 -0.1650
vn -0.3702 -0.9184 -0.1396
vn -0.3526 -0.8968 -0.2671
vn -0.4036 -0.8637 -0.3018
vn -0.3561 -0.9260 -0.1257
vn -0.3463 -0.9080 -0.2360
vn -0.3945 -0.8899 -0.2289
vn -0.3882 -0.9153 -0.1074
vn -0.3302 -0.8498 -0.4109
vn -0.3208 -0.7344 -0.5981
vn -0.4172 -0.7685 -0.4852
vn -0.4150 -0.8201 -0.3940
vn -0.3567 -0.8623 -0.3594
vn -0.3927 -0.7929 -0.4659
vn -0.4077 -0.8193 -0.4031
vn -0.4011 -0.8584 -0.3198
vn -0.2467 -0.6532 -0.7159
vn -0.1362 -0.7042 -0.6968
vn -0.5436 -0.5692 -0.6169
vn -0.4691 -0.6714 -0.5738
vn -0.4207 -0.7176 -0.5550
vn -0.4512 -0.6617 -0.5989
vn -0.4696 -0.6706 -0.5742
vn -0.4281 -0.7521 -0.5012
vn -0.5399 -0.5317 -0.6525
vn -0.0461 -0.7443 -0.6662
vn 0.0398 -0.7054 -0.7077
vn -0.4512 -0.5484 -0.7041
vn 0.1556 -0.6728 -0.7233
vn 0.2262 -0.5793 -0.7831
vn -0.1475 -0.5232 -0.8394
vn -0.2855 -0.5762 -0.7658
vn -0.3945 -0.3975 -0.8285
vn -0.5987 -0.3996 -0.6942
vn -0.3140 -0.4613 -0.8298
vn -0.5891 -0.4651 -0.6608
vn 0.2617 -0.5461 -0.7958
vn -0.0352 -0.5040 -0.8630
vn -0.4022 -0.5774 -0.7106
vn -0.5519 -0.5444 -0.6317
vn -0.3531 -0.5007 -0.7903
vn -0.6461 -0.3387 -0.6840
vn -0.8708 -0.4905 0.0324
vn -0.5826 -0.6440 -0.4958
vn -0.0993 -0.3760 -0.9213
vn -0.3483 -0.3313 -0.8769
vn -0.7997 0.0002 0.6004
vn -0.8022 -0.2588 0.5381
vn -0.6010 -0.3518 0.7176
vn -0.5832 -0.1978 0.7879
vn -0.5246 0.0267 0.8509
vn -0.6867 0.3574 0.6331
vn -0.7046 0.5394 0.4610
vn -0.9420 0.1438 0.3031
vn -0.9824 0.1859 -0.0184
vn -0.9117 0.3915 0.1248
vn -0.1733 -0.3537 -0.9192
vn -0.1351 -0.4107 -0.9017
vn -0.6675 0.4347 0.6045
vn -0.9483 0.3105 0.0662
vn -0.6719 0.5718 0.4708
vn -0.5404 0.5230 0.6591
vn -0.4013 0.2608 0.8781
vn -0.3701 0.2225 0.9019
vn -0.6846 -0.0349 0.7281
vn -0.8609 -0.0851 -0.5016
vn -0.9901 0.1360 0.0339
vn -0.8256 0.5217 0.2149
vn -0.6320 0.5464 0.5496
vn -0.7680 0.4778 0.4265
vn -0.8125 0.5746 0.0986
vn -0.7393 0.5908 -0.3232
vn -0.8416 0.4336 -0.3221
vn -0.1037 -0.4887 -0.8662
vn -0.1437 -0.3807 -0.9135
vn -0.4599 -0.3267 -0.8257
vn -0.3773 -0.4227 -0.8240
vn -0.9950 0.0648 -0.0766
vn -0.7769 -0.2487 -0.5784
vn -0.8212 -0.1840 -0.5401
vn -0.9960 0.0668 -0.0591
vn -0.7957 0.4146 0.4415
vn -0.8968 0.2814 0.3415
vn -0.3705 -0.2113 -0.9045
vn -0.2316 -0.1684 -0.9581
vn -0.1481 -0.1490 -0.9777
vn -0.5742 -0.0223 -0.8184
vn 0.0954 -0.2065 -0.9738
vn -0.0690 -0.4610 -0.8847
vn 0.0428 -0.2804 -0.9589
vn 0.0735 -0.0459 -0.9962
vn 0.1009 0.0592 -0.9931
vn 0.1268 0.1602 -0.9789
vn -0.7440 0.1602 -0.6486
vn -0.3638 0.2249 -0.9039
vn -0.6057 0.4231 -0.6739
vn -0.8972 0.2283 -0.3781
vn -0.9364 0.3289 -0.1222
vn -0.7270 0.5131 -0.4563
vn -0.7953 0.5599 -0.2324
vn -0.8857 0.4621 0.0458
vn -0.1844 0.4342 -0.8817
vn -0.0650 0.6232 -0.7793
vn -0.2255 0.6964 -0.6814
vn -0.3462 0.6173 -0.7065
vn 0.0349 0.1928 -0.9806
vn 0.2821 0.4247 -0.8603
vn 0.1881 0.1834 -0.9649
vn 0.3130 0.2505 -0.9161
vn 0.2520 0.2583 -0.9326
vn 0.2792 0.2522 -0.9265
vn -0.6145 0.3204 -0.7209
vn -0.4841 0.4991 -0.7187
vn -0.1535 0.3721 -0.9154
vn -0.2756 0.2337 -0.9324
vn -0.4606 0.4301 -0.7765
vn -0.3859 0.4703 -0.7936
vn -0.2061 0.3057 -0.9295
vn -0.1707 0.3936 -0.9033
vn -0.0333 0.3277 -0.9442
vn -0.0209 0.1851 -0.9825
vn -0.0597 0.3048 -0.9505
vn -0.4394 0.4190 -0.7946
vn -0.5300 0.6147 -0.5842
vn 0.0327 0.5135 -0.8575
vn 0.0690 0.3659 -0.9281
vn -0.5022 0.6210 -0.6018
vn -0.6395 0.7207 -0.2675
vn -0.3019 0.7876 -0.5371
vn -0.4121 0.7918 -0.4509
vn -0.4417 0.5265 -0.7265
vn -0.2558 0.7158 -0.6497
vn -0.5562 0.5975 -0.5777
vn -0.5713 0.6235 -0.5338
vn -0.3557 0.6248 -0.6951
vn -0.4222 0.7810 -0.4601
vn -0.5964 0.7276 -0.3389
vn -0.6274 0.7536 -0.1962
vn -0.4194 0.8160 -0.3979
vn -0.6415 0.6906 -0.3339
vn -0.7908 0.6095 -0.0551
vn -0.6656 0.6680 -0.3328
vn -0.4884 0.7450 -0.4543
vn 0.1055 0.7229 -0.6828
vn 0.1296 0.6623 -0.7379
vn 0.0128 0.6592 -0.7519
vn 0.0293 0.6274 -0.7781
vn -0.1353 0.7526 -0.6444
vn -0.3214 0.7455 -0.5839
vn -0.2579 0.7307 -0.6321
vn -0.4931 0.6744 -0.5496
vn 0.0098 0.5103 -0.8599
vn -0.3356 0.6569 -0.6751
vn -0.0071 0.5119 -0.8590
vn -0.0379 0.7656 -0.6421
vn -0.0762 0.8402 -0.5370
vn -0.0533 0.7934 -0.6063
vn -0.0700 0.7143 -0.6963
vn -0.0009 0.6735 -0.7392
vn -0.3599 0.0074 -0.9330
vn -0.3226 0.1019 -0.9410
vn -0.2035 0.1863 -0.9612
vn -0.1072 0.8377 -0.5356
vn -0.1231 0.8427 -0.5242
vn 0.2448 0.6946 -0.6765
vn 0.2524 0.5731 -0.7796
vn 0.3200 0.7630 -0.5616
vn 0.1435 0.7372 -0.6603
vn 0.1000 0.5779 -0.8099
vn 0.1774 0.4626 -0.8686
vn 0.1394 0.7573 -0.6380
vn 0.0727 0.9128 -0.4018
vn 0.0643 0.9979 0.0041
vn 0.2130 0.9207 -0.3271
vn 0.3893 0.7577 -0.5237
vn 0.2840 0.6276 -0.7249
vn 0.3561 0.5675 -0.7424
vn 0.5878 0.6711 -0.4518
vn 0.2642 0.3600 -0.8947
vn 0.4155 0.4638 -0.7824
vn 0.3917 0.5256 -0.7552
vn 0.5109 0.6613 -0.5493
vn 0.6636 0.6524 -0.3661
vn 0.3876 0.3896 -0.8355
vn 0.6977 0.7137 0.0620
vn 0.7257 0.6161 -0.3061
vn 0.7092 0.5662 -0.4201
vn 0.7551 0.6534 0.0544
vn 0.4622 0.3408 -0.8187
vn 0.4432 0.3459 -0.8270
vn 0.5899 0.4310 -0.6828
vn 0.4847 0.4514 -0.7492
vn -0.0962 0.8241 -0.5582
vn -0.0768 0.8419 -0.5341
vn 0.0570 0.7171 -0.6947
vn 0.0191 0.6957 -0.7181
vn -0.0301 0.8474 -0.5301
vn -0.0630 0.8650 -0.4979
vn -0.1565 0.3849 -0.9096
vn -0.0669 0.6580 -0.7501
vn -0.0306 0.8774 -0.4789
vn 0.0217 0.8390 -0.5438
vn 0.0284 0.8667 -0.4981
vn 0.1111 0.7868 -0.6071
vn 0.0100 0.7890 -0.6143
vn 0.0586 0.8520 -0.5202
vn 0.0951 0.8575 -0.5056
vn 0.2483 0.7474 -0.6163
vn 0.2281 0.9710 -0.0712
vn 0.3170 0.8463 -0.4282
vn 0.5658 0.7962 -0.2142
vn 0.5309 0.8459 0.0511
vn 0.5161 0.8104 -0.2773
vn 0.1921 0.9791 0.0666
vn 0.4205 0.7686 -0.4821
vn 0.5132 0.7351 -0.4431
vn 0.1594 0.4530 -0.8771
vn 0.2621 0.2147 -0.9408
vn 0.2072 0.4844 -0.8499
vn 0.2998 0.2486 -0.9211
vn 0.0095 0.8327 -0.5537
vn 0.1744 0.6962 -0.6963
vn 0.1367 0.7687 -0.6248
vn 0.2633 0.6562 -0.7071
vn 0.2484 0.7019 -0.6676
vn 0.3776 0.6189 -0.6888
vn 0.3671 0.6598 -0.6556
vn 0.4578 0.5814 -0.6726
vn 0.4375 0.6239 -0.6475
vn 0.5228 0.5589 -0.6437
vn 0.3272 0.7116 -0.6217
vn 0.3776 0.7523 -0.5399
vn 0.4902 0.6324 -0.5998
vn 0.5173 0.5596 -0.6474
vn 0.4567 0.7489 -0.4801
vn 0.4077 0.6969 -0.5900
vn 0.4732 0.7128 -0.5176
vn 0.4965 0.6645 -0.5585
vn 0.3778 0.8065 -0.4548
vn 0.4136 0.6014 -0.6836
vn 0.4796 0.6283 -0.6125
vn 0.6499 0.6982 -0.3002
vn 0.6440 0.7375 -0.2033
vn 0.5397 0.7031 -0.4631
vn 0.5021 0.5759 -0.6452
vn 0.6243 0.7743 -0.1034
vn 0.7122 0.7014 0.0277
vn 0.6100 0.7414 -0.2797
vn 0.4709 0.7567 -0.4534
vn 0.4766 0.7443 -0.4679
vn 0.4315 0.7679 -0.4734
vn 0.9133 0.3254 0.2450
vn 0.9055 0.4053 0.1260
vn 0.9630 0.2653 0.0467
vn 0.9632 0.1953 0.1845
vn 0.9440 0.1591 0.2892
vn 0.9088 0.2585 0.3275
vn 0.9134 0.2482 0.3227
vn 0.9306 0.2955 0.2161
vn 0.9249 0.3671 0.0996
vn 0.8246 0.1225 0.5522
vn 0.8860 0.1488 0.4392
vn 0.8573 0.1891 0.4789
vn 0.7677 0.2357 0.5959
vn 0.6954 0.2528 0.6727
vn 0.7593 0.0980 0.6433
vn 0.7797 0.0037 0.6261
vn 0.8391 0.0767 0.5385
vn 0.8866 0.1388 0.4413
vn 0.8530 0.4011 0.3340
vn 0.8637 0.4553 0.2162
vn 0.8033 0.4119 0.4301
vn 0.5916 0.5020 0.6309
vn 0.6524 0.4841 0.5831
vn 0.5375 0.5142 0.6684
vn 0.7197 -0.0516 0.6923
vn 0.6925 -0.0977 0.7148
vn 0.6773 -0.2536 0.6906
vn 0.7146 -0.1842 0.6749
vn 0.6353 -0.4138 0.6520
vn 0.6890 -0.3341 0.6432
vn 0.7741 -0.2721 0.5716
vn 0.7839 -0.1060 0.6118
vn 0.9156 -0.0086 0.4020
vn 0.9394 0.0723 0.3350
vn 0.9028 0.2063 0.3775
vn 0.9222 -0.1947 0.3342
vn 0.9572 -0.1202 0.2634
vn 0.9822 -0.0566 0.1793
vn 0.9572 0.1255 0.2607
vn 0.8035 -0.4915 0.3359
vn 0.6975 -0.6819 0.2203
vn 0.7836 -0.6033 0.1484
vn 0.8824 -0.4041 0.2409
vn 0.8635 -0.2301 0.4487
vn 0.7303 -0.4853 0.4807
vn 0.6460 -0.6750 0.3565
vn 0.2008 -0.9631 -0.1794
vn 0.2017 -0.9575 -0.2059
vn 0.4837 -0.8743 -0.0413
vn 0.4613 -0.8871 0.0192
vn 0.4348 -0.8908 0.1325
vn 0.1912 -0.9778 -0.0851
vn 0.4731 -0.7890 0.3919
vn 0.5743 -0.6502 0.4974
vn 0.4838 -0.6963 0.5302
vn 0.3676 -0.8244 0.4304
vn 0.2008 -0.9397 0.2769
vn 0.3372 -0.9032 0.2657
vn 0.5545 -0.7940 0.2494
vn 0.9794 -0.2003 -0.0264
vn 0.9052 -0.4076 -0.1202
vn 0.9051 -0.3444 -0.2494
vn 0.9778 -0.1288 -0.1655
vn 0.9938 0.0897 -0.0656
vn 0.9975 0.0034 0.0699
vn 0.9630 -0.2563 0.0837
vn 0.8903 -0.4551 -0.0187
vn 0.2474 -0.9428 -0.2235
vn 0.3177 -0.9071 -0.2762
vn 0.5925 -0.7820 -0.1934
vn 0.5355 -0.8380 -0.1047
vn 0.7168 -0.6970 -0.0188
vn 0.8570 -0.5092 0.0798
vn 0.6491 -0.7582 0.0612
vn 0.7596 -0.6397 -0.1177
vn 0.8239 0.4372 -0.3607
vn 0.8213 0.2205 -0.5262
vn 0.7538 0.1797 -0.6321
vn 0.7785 0.4231 -0.4636
vn 0.7584 0.5651 -0.3248
vn 0.7994 0.5510 -0.2394
vn 0.8453 0.5195 -0.1252
vn 0.8851 0.4088 -0.2224
vn 0.9124 0.1843 -0.3655
vn 0.5398 0.7448 -0.3923
vn 0.5212 0.7515 -0.4045
vn 0.5242 0.6268 -0.5765
vn 0.5119 0.6842 -0.5195
vn 0.5462 0.8042 -0.2343
vn 0.4974 0.8153 -0.2965
vn 0.4884 0.8198 -0.2989
vn 0.4817 0.8037 -0.3494
vn 0.4329 0.7163 -0.5472
vn 0.4730 0.6723 -0.5695
vn 0.7981 0.5746 -0.1814
vn 0.7676 0.5611 -0.3099
vn 0.8071 0.4788 -0.3454
vn 0.8496 0.4485 -0.2774
vn 0.8929 0.4090 -0.1882
vn 0.8302 0.5514 -0.0825
vn 0.4372 0.7584 -0.4835
vn 0.4746 0.7349 -0.4844
vn 0.7893 0.5994 -0.1331
vn 0.7376 0.6604 -0.1406
vn 0.8386 0.5430 -0.0444
vn 0.5180 0.5764 -0.6320
vn 0.5521 0.4817 -0.6805
vn 0.5189 0.4608 -0.7200
vn 0.5705 0.3637 -0.7364
vn 0.3785 -0.2855 -0.8805
vn 0.3146 -0.0139 -0.9491
vn 0.3615 0.0004 -0.9324
vn 0.4112 -0.3295 -0.8499
vn 0.2807 0.4944 -0.8227
vn 0.3801 0.2763 -0.8827
vn 0.3989 0.5022 -0.7673
vn 0.4990 0.2951 -0.8148
vn 0.4916 0.4930 -0.7179
vn 0.5536 0.2982 -0.7776
vn 0.5321 0.5005 -0.6829
vn 0.6026 0.3533 -0.7156
vn 0.5682 0.5135 -0.6430
vn 0.6514 0.3947 -0.6479
vn 0.5525 0.3058 -0.7754
vn 0.5853 0.1770 -0.7913
vn 0.5796 0.0605 -0.8126
vn 0.5473 0.2186 -0.8079
vn 0.5789 0.5035 -0.6414
vn 0.6181 0.3774 -0.6895
vn 0.5649 0.6871 -0.4569
vn 0.6116 0.5849 -0.5327
vn 0.5276 0.7750 -0.3480
vn 0.5661 0.7054 -0.4265
vn 0.5093 0.7887 -0.3444
vn 0.5264 0.7336 -0.4297
vn 0.4815 0.6528 -0.5848
vn 0.5020 0.6221 -0.6008
vn 0.4907 0.7218 -0.4882
vn 0.5414 0.7321 -0.4135
vn 0.6885 -0.2072 -0.6950
vn 0.6240 -0.1504 -0.7668
vn 0.6840 -0.0177 -0.7293
vn 0.7694 -0.0117 -0.6387
vn 0.8751 -0.0658 -0.4794
vn 0.7904 -0.2628 -0.5533
vn 0.7751 -0.5464 -0.3172
vn 0.6105 -0.7088 -0.3535
vn 0.5987 -0.6444 -0.4756
vn 0.7466 -0.4792 -0.4614
vn 0.5683 -0.5644 -0.5987
vn 0.6802 -0.4203 -0.6006
vn 0.8751 -0.2718 -0.4004
vn 0.6178 0.0248 -0.7860
vn 0.6060 0.0783 -0.7916
vn 0.6330 0.2505 -0.7325
vn 0.6731 0.2109 -0.7088
vn 0.5841 -0.0852 -0.8072
vn 0.5752 -0.0390 -0.8171
vn 0.7039 0.4486 -0.5507
vn 0.6937 0.5924 -0.4097
vn 0.6510 0.4619 -0.6024
vn 0.6415 0.6090 -0.4665
vn 0.6369 0.5015 -0.5856
vn 0.6019 0.6444 -0.4717
vn 0.6443 0.2963 -0.7050
vn 0.6042 0.1048 -0.7899
vn 0.5589 -0.0336 -0.8285
vn 0.7031 0.5875 -0.4007
vn 0.6384 0.6188 -0.4577
vn 0.6533 0.5640 -0.5050
vn 0.7272 0.5246 -0.4427
vn 0.5791 0.6645 -0.4724
vn 0.5778 0.5916 -0.5623
vn 0.6705 0.7172 -0.1900
vn 0.6211 0.7360 -0.2693
vn 0.5863 0.7377 -0.3346
vn 0.3968 -0.8149 -0.4224
vn 0.4288 -0.5857 -0.6879
vn 0.4025 -0.6117 -0.6810
vn 0.3562 -0.7883 -0.5017
vn 0.4936 0.0292 -0.8692
vn 0.5353 -0.2784 -0.7975
vn 0.5912 0.0257 -0.8061
vn 0.5722 -0.2280 -0.7878
vn 0.5737 0.0516 -0.8174
vn 0.5532 -0.1619 -0.8172
vn 0.6800 0.1634 -0.7148
vn 0.6747 -0.0377 -0.7372
vn 0.6605 0.2339 -0.7135
vn 0.6130 0.0805 -0.7860
vn 0.5968 -0.0856 -0.7978
vn 0.5909 -0.1384 -0.7948
vn 0.5421 -0.3571 -0.7607
vn 0.6462 -0.2365 -0.7256
vn 0.5122 -0.1824 -0.8393
vn 0.5392 -0.1364 -0.8311
vn 0.4764 -0.2647 -0.8384
vn 0.4569 -0.3198 -0.8300
vn 0.5525 -0.1986 -0.8095
vn 0.5669 -0.2744 -0.7767
vn 0.4872 -0.4313 -0.7593
vn 0.4931 -0.3529 -0.7952
vn 0.2915 -0.7123 -0.6385
vn 0.2717 -0.7484 -0.6051
vn 0.5243 -0.4891 -0.6971
vn 0.3309 -0.7754 -0.5377
vn 0.2902 -0.7428 -0.6034
vn 0.4267 -0.5798 -0.6941
vn 0.4713 -0.4834 -0.7377
vn 0.3395 -0.6632 -0.6671
vn 0.3938 -0.6454 -0.6545
vn 0.4677 -0.4347 -0.7696
vn 0.5856 -0.4086 -0.7001
vn 0.4723 -0.6797 -0.5612
vn 0.4872 -0.7122 -0.5054
vn 0.6006 -0.5170 -0.6099
vn 0.4489 -0.5493 -0.7048
vn 0.3641 -0.6796 -0.6368
vn 0.2184 -0.8054 -0.5511
vn 0.2751 -0.6152 -0.7388
vn 0.3869 -0.4351 -0.8130
vn 0.3773 -0.5667 -0.7325
vn 0.4071 -0.4252 -0.8084
vn 0.3114 -0.5499 -0.7750
vn 0.1524 -0.8946 -0.4202
vn 0.1792 -0.7361 -0.6527
vn 0.0649 -0.9217 -0.3824
vn 0.1045 -0.8158 -0.5688
vn 0.0308 -0.9353 -0.3524
vn 0.0960 -0.8074 -0.5822
vn 0.0520 -0.9392 -0.3393
vn 0.1119 -0.8501 -0.5146
vn -0.0563 -0.9799 -0.1913
vn -0.0854 -0.9879 -0.1294
vn 0.0841 -0.9869 -0.1379
vn 0.0161 -0.9705 -0.2407
vn 0.1925 -0.6780 -0.7094
vn 0.2552 -0.7711 -0.5834
vn -0.1358 -0.9884 0.0677
vn -0.2978 -0.9542 -0.0278
vn -0.4007 -0.9033 0.1533
vn -0.2624 -0.9059 0.3325
vn 0.0640 -0.9554 0.2882
vn 0.0843 -0.9960 -0.0282
vn 0.0204 -0.9542 -0.2986
vn 0.0449 -0.9530 -0.2997
vn 0.0890 -0.9461 -0.3114
vn 0.0438 -0.9040 -0.4253
vn 0.0506 -0.9504 -0.3068
vn 0.0437 -0.8874 -0.4588
vn -0.6651 -0.3098 0.6795
vn -0.5172 -0.2530 0.8176
vn -0.2068 -0.3908 0.8969
vn -0.4145 -0.4737 0.7770
vn 0.1248 -0.3858 0.9141
vn -0.0362 -0.0984 0.9945
vn -0.2511 0.3185 0.9141
vn -0.1342 0.1670 0.9768
vn -0.3413 0.4067 0.8474
vn -0.2123 0.5329 0.8191
vn -0.2223 0.0707 0.9724
vn -0.0377 -0.2977 0.9539
vn 0.1988 -0.6895 0.6965
vn -0.2935 -0.2706 0.9168
vn -0.2435 -0.5305 0.8120
vn -0.3215 -0.1877 0.9281
vn -0.2859 -0.0179 0.9581
vn -0.2874 -0.4595 0.8404
vn -0.0766 -0.5750 0.8146
vn -0.1409 -0.6063 0.7827
vn -0.2684 -0.6194 0.7378
vn -0.0403 -0.4508 0.8917
vn -0.1180 -0.5594 0.8205
vn -0.0596 -0.6772 0.7333
vn 0.0010 -0.7520 0.6592
vn 0.0505 -0.4418 0.8957
vn 0.2442 -0.6725 0.6986
vn 0.2808 -0.8052 0.5223
vn -0.2565 -0.9520 -0.1672
vn -0.2728 -0.9620 -0.0136
vn -0.1503 -0.9634 -0.2217
vn -0.0635 -0.9952 -0.0751
vn -0.6040 -0.7523 -0.2632
vn -0.4899 -0.8479 -0.2026
vn -0.6951 -0.6636 0.2766
vn -0.4942 -0.8601 0.1266
vn -0.4488 -0.6720 0.5890
vn -0.5286 -0.4291 0.7324
vn -0.1740 -0.8550 0.4886
vn 0.1209 -0.9369 0.3280
vn -0.4191 -0.7098 0.5662
vn -0.2310 -0.9535 -0.1933
vn -0.2039 -0.9559 -0.2112
vn -0.2886 -0.9497 -0.1220
vn -0.2999 -0.9404 -0.1603
vn -0.0476 -0.8848 0.4635
vn 0.1554 -0.9408 0.3012
vn -0.0299 -0.9995 0.0028
vn -0.1787 -0.9699 0.1656
vn -0.3604 -0.9328 -0.0075
vn -0.3832 -0.9033 0.1931
vn -0.2391 -0.9698 -0.0481
vn -0.4165 -0.9023 -0.1113
vn -0.4095 -0.8821 -0.2327
vn -0.3638 -0.9057 -0.2177
vn -0.1417 -0.9805 -0.1359
vn -0.3317 -0.9370 -0.1100
vn -0.3539 -0.7685 0.5332
vn -0.3047 -0.1442 -0.9415
vn -0.7588 -0.2668 -0.5941
vn -0.0331 -0.4057 -0.9134
vn -0.5477 -0.5739 -0.6089
vn -0.0262 -0.4152 -0.9093
vn 0.1288 -0.5080 -0.8517
vn -0.0157 -0.4905 -0.8713
vn 0.0076 -0.5184 -0.8551
vn 0.0062 -0.5285 -0.8489
vn 0.0054 -0.5198 -0.8543
vn -0.0347 -0.5434 -0.8387
vn 0.0168 -0.5386 -0.8424
vn -0.0481 -0.6209 -0.7824
vn 0.0697 -0.6737 -0.7357
vn 0.0745 -0.6981 -0.7121
vn 0.0275 -0.6087 -0.7929
vn 0.2097 -0.6396 -0.7395
vn 0.2897 -0.5237 -0.8011
vn 0.2940 -0.6709 -0.6808
vn 0.1876 -0.7078 -0.6811
vn 0.3389 -0.5039 -0.7945
vn 0.5114 -0.4269 -0.7458
vn 0.4045 -0.5578 -0.7247
vn 0.3547 -0.6338 -0.6874
vn 0.0855 -0.5048 -0.8590
vn 0.1320 -0.5758 -0.8069
vn 0.2759 -0.4917 -0.8259
vn 0.2658 -0.3709 -0.8898
vn 0.4346 -0.4067 -0.8035
vn 0.4255 -0.2312 -0.8749
vn 0.2537 -0.2487 -0.9348
vn 0.0582 -0.4051 -0.9124
vn 0.2726 -0.5871 -0.7622
vn 0.2425 -0.6602 -0.7108
vn 0.1704 -0.6564 -0.7349
vn 0.1738 -0.7174 -0.6746
vn 0.1460 -0.7544 -0.6400
vn 0.1894 -0.7153 -0.6726
vn 0.1289 -0.6748 -0.7266
vn 0.1699 -0.7077 -0.6858
vn 0.1321 -0.5226 -0.8423
vn 0.1070 -0.3932 -0.9132
vn 0.1444 -0.6622 -0.7352
vn 0.0609 -0.6225 -0.7802
vn 0.0916 -0.3706 -0.9243
vn 0.1881 -0.3968 -0.8984
vn -0.0049 -0.5913 -0.8064
vn -0.0133 -0.6500 -0.7598
vn 0.2443 -0.4524 -0.8577
vn -0.2264 -0.7066 -0.6704
vn -0.9794 -0.1959 -0.0480
vn -0.8121 -0.5759 -0.0936
vn -0.8179 -0.4599 0.3458
vn -0.9147 -0.0977 0.3922
vn 0.6023 -0.3091 -0.7360
vn 0.5876 -0.1750 -0.7900
vn 0.6265 0.0517 -0.7777
vn 0.6458 0.0104 -0.7634
vn 0.4452 0.4549 -0.7713
vn 0.5944 0.3376 -0.7298
vn 0.2090 0.7510 -0.6264
vn 0.4775 0.7239 -0.4981
vn 0.4751 -0.1017 -0.8740
vn 0.5796 -0.0752 -0.8114
vn 0.6690 0.0528 -0.7414
vn 0.8387 0.2028 -0.5055
vn 0.7213 0.0353 -0.6917
vn 0.6437 -0.0226 -0.7649
vn 0.3816 -0.1302 -0.9151
vn 0.6294 -0.0472 -0.7757
vn 0.5994 -0.0109 -0.8004
vn 0.2749 -0.1772 -0.9450
vn 0.1207 -0.1676 -0.9784
vn -0.0224 -0.0618 -0.9978
vn -0.2663 -0.1698 -0.9488
vn -0.0967 -0.4230 -0.9009
vn 0.5252 0.0645 -0.8485
vn 0.4062 0.0689 -0.9112
vn -0.2174 -0.8026 -0.5555
vn -0.6493 -0.1590 -0.7437
vn -0.4464 -0.7186 -0.5333
vn -0.8693 0.1189 -0.4798
vn -0.7315 -0.6441 -0.2239
vn -0.3179 -0.9461 -0.0615
vn -0.0546 -0.8330 -0.5506
vn 0.0234 -0.8442 -0.5356
vn -0.0954 -0.9943 -0.0477
vn -0.0194 -0.9978 -0.0631
vn 0.0885 -0.8634 -0.4967
vn 0.0773 -0.8916 -0.4462
vn -0.0345 -0.9994 -0.0075
vn -0.1210 -0.9891 0.0840
vn 0.0780 -0.9086 -0.4103
vn 0.1072 -0.9095 -0.4017
vn -0.1102 -0.9858 0.1265
vn -0.1199 -0.9787 0.1666
vn -0.1440 -0.9329 -0.3299
vn -0.0380 -0.9329 -0.3581
vn -0.2131 -0.9577 0.1936
vn -0.2819 -0.9462 0.1591
vn -0.6961 -0.1296 0.7061
vn -0.5337 -0.2269 0.8146
vn -0.6190 -0.3572 0.6995
vn -0.4434 -0.3256 0.8351
vn -0.5465 -0.8185 -0.1772
vn -0.3288 -0.8962 -0.2977
vn -0.4324 -0.8926 0.1278
vn -0.6459 -0.7367 0.2000
vn -0.2354 -0.9081 -0.3464
vn -0.3387 -0.9303 0.1409
vn -0.4938 -0.6008 0.6287
vn -0.4055 -0.4386 0.8020
vn -0.3855 -0.7349 0.5580
vn -0.4002 -0.5753 0.7134
vn -0.0758 -0.2253 0.9713
vn -0.1829 -0.2632 0.9472
vn -0.2553 -0.2378 0.9372
vn -0.1901 -0.0186 0.9816
vn -0.3533 -0.7507 0.5582
vn -0.3347 -0.5667 0.7529
vn -0.3210 -0.7339 0.5987
vn -0.3057 -0.5471 0.7792
vn -0.3925 -0.3187 0.8628
vn -0.3412 -0.3725 0.8630
vn -0.3461 -0.4228 0.8375
vn -0.3073 -0.4023 0.8624
vn -0.3531 0.1422 0.9247
vn -0.3699 -0.1579 0.9156
vn -0.4380 -0.1814 0.8805
vn -0.4176 0.1373 0.8982
vn -0.2970 -0.7528 0.5874
vn -0.3757 -0.5453 0.7493
vn -0.3445 -0.5268 0.7771
vn -0.2897 -0.7239 0.6261
vn -0.2952 -0.7713 0.5639
vn -0.3844 -0.5827 0.7160
vn -0.2902 -0.7193 0.6312
vn -0.3054 -0.5342 0.7882
vn -0.3359 -0.3955 0.8548
vn -0.3974 -0.4012 0.8253
vn -0.2375 -0.8399 0.4881
vn -0.1599 -0.9082 0.3869
vn -0.2838 -0.7217 0.6313
vn -0.3553 -0.6464 0.6752
vn -0.4206 -0.4207 0.8038
vn -0.4195 -0.1954 0.8865
vn -0.4035 -0.4283 0.8086
vn -0.3426 -0.1902 0.9200
vn -0.1730 -0.9304 0.3232
vn -0.3560 -0.8946 0.2702
vn -0.4084 -0.7087 0.5753
vn -0.2722 -0.7623 0.5872
vn -0.8104 -0.5654 0.1535
vn -0.9832 0.1813 -0.0209
vn -0.8611 0.1548 0.4842
vn -0.7282 -0.3871 0.5656
vn 0.8138 0.1396 -0.5641
vn 0.9721 0.1649 -0.1670
vn 0.9720 0.1422 -0.1871
vn 0.7993 0.1571 -0.5800
vn 0.8403 0.0870 -0.5350
vn 0.9776 0.1950 -0.0798
vn 0.8746 0.0558 -0.4815
vn 0.9024 0.1359 -0.4090
vn 0.9389 0.3206 0.1252
vn 0.9804 0.1962 0.0194
vn 0.9324 0.3119 -0.1827
vn 0.8399 0.5177 0.1629
vn 0.5960 0.6391 0.4861
vn 0.7990 0.5175 0.3063
vn -0.3570 0.1130 0.9272
vn -0.2338 0.4311 0.8715
vn -0.2089 0.1336 0.9688
vn -0.0641 0.4488 0.8913
vn -0.3441 -0.4498 0.8242
vn -0.2385 -0.1784 0.9546
vn -0.2866 -0.4902 0.8231
vn -0.1692 -0.1394 0.9757
vn -0.0409 0.1629 0.9858
vn 0.0870 0.4151 0.9056
vn 0.0967 0.1999 0.9750
vn 0.2184 0.3968 0.8915
vn 0.1935 0.2000 0.9605
vn 0.2734 0.2098 0.9387
vn 0.3893 0.3433 0.8547
vn 0.2805 0.3881 0.8779
vn -0.1019 -0.1004 0.9897
vn 0.0273 -0.0493 0.9984
vn 0.6467 0.4319 0.6287
vn 0.4799 0.5287 0.7001
vn 0.5544 0.2894 0.7803
vn 0.6891 0.2563 0.6778
vn 0.7933 0.3094 0.5244
vn -0.2839 -0.5096 0.8122
vn -0.3758 -0.4433 0.8138
vn 0.9132 0.1927 0.3591
vn 0.9364 0.1376 0.3229
vn 0.8796 0.2439 0.4084
vn 0.6006 0.2099 0.7715
vn 0.6343 0.1580 0.7568
vn 0.6685 0.1378 0.7308
vn 0.8555 0.2568 0.4495
vn 0.6437 0.2307 0.7296
vn 0.4401 0.1798 0.8798
vn 0.3743 0.1378 0.9170
vn 0.3121 0.1307 0.9410
vn -0.1049 -0.0426 0.9936
vn -0.0559 0.0623 0.9965
vn 0.3703 0.0917 0.9244
vn -0.5134 -0.1740 0.8403
vn -0.5354 0.1410 0.8327
vn 0.2336 -0.0342 0.9717
vn 0.4288 0.0843 0.8994
vn 0.5643 -0.2514 0.7864
vn 0.6909 0.0607 0.7204
vn 0.8301 -0.4049 0.3834
vn 0.9130 -0.4007 -0.0767
vn 0.9871 -0.0054 -0.1599
vn 0.9488 -0.0289 0.3145
vn -0.3715 -0.7766 0.5089
vn -0.3367 0.0822 0.9380
vn -0.0822 -0.3017 0.9498
vn -0.0214 -0.9211 0.3888
vn -0.1295 0.6185 0.7750
vn -0.0347 0.5690 0.8216
vn 0.1661 -0.9750 -0.1477
vn 0.1915 -0.9783 -0.0793
vn 0.2041 -0.9642 0.1691
vn 0.2382 -0.9543 0.1804
vn 0.1791 -0.9395 0.2921
vn 0.2093 -0.9653 0.1562
vn 0.2022 -0.9751 0.0913
vn 0.2463 -0.9412 0.2311
vn 0.2065 -0.9250 -0.3188
vn 0.1879 -0.9556 -0.2270
vn 0.3229 -0.9440 0.0681
vn 0.3699 -0.9138 -0.1677
vn 0.3195 -0.8390 -0.4405
vn 0.1601 -0.7736 -0.6132
vn 0.2263 -0.7609 -0.6081
vn 0.3496 -0.7844 -0.5124
vn 0.3892 -0.8422 -0.3731
vn 0.3197 -0.8581 -0.4018
vn 0.6163 -0.2894 -0.7324
vn 0.3666 -0.8751 -0.3158
vn 0.2700 -0.8551 -0.4426
vn 0.4318 -0.6988 -0.5702
vn 0.3829 0.5723 0.7252
vn 0.3201 0.5888 0.7422
vn 0.4151 0.6948 0.5873
vn 0.7920 0.0623 0.6073
vn 0.1698 0.5259 0.8334
vn 0.4151 -0.0844 0.9059
vn 0.3494 -0.9353 -0.0555
vn 0.2008 -0.9585 -0.2025
vn 0.7272 -0.6855 -0.0368
vn 0.1518 -0.8611 -0.4852
vn 0.2787 -0.9603 -0.0143
vn 0.2897 -0.9135 -0.2855
vn 0.1508 -0.7617 -0.6302
vn 0.1984 -0.8035 -0.5612
vn 0.2103 0.8016 -0.5596
vn 0.5309 0.5654 -0.6313
vn 0.8245 0.4528 -0.3394
vn 0.8988 0.4079 0.1606
vn 0.6779 0.7318 0.0704
vn 0.6696 0.6913 -0.2713
vn 0.1719 -0.7905 -0.5879
vn 0.1833 -0.7759 -0.6036
vn 0.5661 0.6963 0.4412
vn 0.9991 -0.0381 -0.0186
vn 0.7277 0.3569 -0.5858
vn 0.8464 0.4954 -0.1955
vn 0.6166 0.6606 0.4284
vn 0.3120 -0.6154 0.7239
vn 0.3795 -0.4443 0.8115
vn 0.2628 -0.3156 0.9118
vn 0.2828 -0.4207 0.8620
vn 0.2926 -0.5983 0.7460
vn 0.2400 -0.7754 0.5841
vn 0.3136 -0.8141 0.4888
vn 0.4103 -0.6936 0.5921
vn 0.5023 -0.5173 0.6929
vn 0.1485 -0.9108 0.3852
vn 0.1899 -0.8946 0.4046
vn 0.0527 -0.9977 0.0415
vn 0.0027 -0.9911 0.1329
vn 0.0297 -0.9880 0.1513
vn 0.1871 -0.9175 0.3509
vn 0.6809 0.1274 0.7212
vn 0.5016 0.4147 0.7593
vn 0.4889 0.3282 0.8082
vn 0.6541 0.0333 0.7557
vn 0.8003 -0.2665 0.5372
vn 0.7927 -0.2250 0.5666
vn 0.7234 -0.1401 0.6761
vn 0.6034 0.2080 0.7698
vn 0.4452 0.4636 0.7661
vn 0.4696 0.4354 0.7681
vn 0.4326 0.5384 0.7232
vn 0.3545 0.6111 0.7077
vn 0.5199 0.2248 0.8241
vn 0.3912 0.4547 0.8002
vn 0.6188 -0.0995 0.7792
vn 0.4503 0.1886 0.8727
vn 0.5121 -0.0346 0.8583
vn 0.3394 0.3930 0.8546
vn 0.2888 0.5973 0.7482
vn 0.2266 0.5944 0.7716
vn 0.2545 0.5276 0.8105
vn 0.3325 0.4909 0.8053
vn 0.3737 0.2770 0.8852
vn 0.4220 0.1315 0.8970
vn 0.3424 0.5341 0.7730
vn 0.2966 0.4681 0.8324
vn 0.2922 0.2184 0.9311
vn 0.3859 0.3029 0.8714
vn 0.5024 0.3326 0.7981
vn 0.4098 0.5772 0.7063
vn 0.4418 0.0892 0.8927
vn 0.4592 -0.0036 0.8883
vn 0.4763 -0.0831 0.8754
vn 0.4617 -0.1041 0.8809
vn 0.2650 0.4378 0.8591
vn 0.2824 0.4639 0.8397
vn 0.2799 0.0965 0.9552
vn 0.2348 0.1079 0.9660
vn 0.2025 -0.1849 0.9617
vn 0.2113 -0.1215 0.9698
vn 0.1744 -0.1824 0.9676
vn 0.1974 -0.2474 0.9486
vn 0.1849 -0.1363 0.9733
vn 0.2297 -0.0500 0.9720
vn 0.3600 -0.0852 0.9291
vn 0.3671 -0.0480 0.9289
vn 0.3121 -0.2017 0.9284
vn 0.3284 0.4779 0.8147
vn 0.3679 0.1274 0.9211
vn 0.6501 -0.3045 0.6962
vn 0.5992 -0.4819 0.6394
vn 0.6694 -0.1255 0.7323
vn 0.5794 -0.1169 0.8066
vn 0.5662 -0.3065 0.7652
vn 0.1745 -0.0899 0.9805
vn 0.2085 -0.0098 0.9780
vn 0.2639 -0.1962 0.9444
vn 0.2679 -0.0627 0.9614
vn 0.1649 -0.0626 0.9843
vn 0.1455 -0.0644 0.9873
vn 0.4117 0.0974 0.9061
vn 0.2721 0.0580 0.9605
vn 0.4248 -0.0940 0.9004
vn 0.5582 0.0971 0.8240
vn 0.1683 -0.0655 0.9836
vn 0.2188 -0.1024 0.9704
vn 0.3188 -0.0597 0.9459
vn 0.1995 -0.8745 0.4421
vn 0.2638 -0.5591 0.7860
vn 0.2584 -0.4815 0.8375
vn 0.3560 -0.8129 0.4609
vn 0.3632 -0.9290 0.0709
vn 0.1887 -0.9715 0.1433
vn 0.0991 -0.2578 0.9611
vn 0.0464 -0.2583 0.9650
vn 0.1354 -0.1396 0.9809
vn 0.1373 -0.2329 0.9627
vn 0.2400 -0.3897 0.8891
vn 0.2500 -0.4452 0.8598
vn 0.4271 -0.3898 0.8158
vn 0.4126 -0.5015 0.7604
vn 0.4839 -0.3301 0.8105
vn 0.5184 -0.3869 0.7626
vn 0.5372 -0.2963 0.7897
vn 0.5205 -0.2427 0.8187
vn 0.6344 -0.3456 0.6914
vn 0.5350 -0.1839 0.8246
vn 0.7314 -0.3760 0.5689
vn 0.5329 -0.2316 0.8138
vn 0.7968 -0.3862 0.4647
vn 0.7208 -0.4494 0.5278
vn 0.8257 -0.4172 0.3796
vn 0.7781 -0.5484 0.3063
vn 0.9385 -0.1472 0.3124
vn 0.9674 -0.2521 0.0240
vn 0.9497 -0.2453 0.1945
vn 0.8690 -0.0977 0.4851
vn 0.8999 -0.2381 0.3653
vn 0.7571 -0.0607 0.6505
vn 0.6122 0.0994 0.7845
vn 0.7748 0.0225 0.6318
vn 0.8660 -0.0568 0.4968
vn 0.7069 0.1103 0.6987
vn 0.7916 0.0139 0.6109
vn 0.5853 0.2011 0.7855
vn 0.4982 0.2832 0.8195
vn 0.5946 0.1863 0.7821
vn 0.6694 0.0741 0.7392
vn 0.4418 0.2322 0.8665
vn 0.4877 0.0860 0.8688
vn 0.3398 0.3349 0.8788
vn -0.0480 0.3830 0.9225
vn 0.0632 0.2567 0.9644
vn 0.0853 0.0922 0.9921
vn -0.5268 0.2474 0.8132
vn -0.4861 0.1353 0.8634
vn -0.5968 0.3357 0.7288
vn -0.8887 0.2440 0.3882
vn -0.8763 0.1973 0.4395
vn -0.8635 0.1468 0.4825
vn -0.3933 -0.0399 0.9185
vn -0.2257 -0.4422 0.8680
vn 0.3797 -0.3318 0.8636
vn 0.1782 -0.1523 0.9721
vn -0.8744 0.0025 0.4852
vn -0.8306 -0.2777 0.4827
vn -0.9934 0.0913 0.0691
vn -0.9963 0.0637 0.0575
vn -0.9860 0.0837 0.1442
vn -0.9719 -0.1853 -0.1449
vn -0.9569 -0.1109 -0.2683
vn -0.9342 -0.1152 -0.3377
vn -0.7620 -0.3263 -0.5594
vn -0.3606 -0.4797 -0.7999
vn -0.3897 -0.4383 -0.8100
vn -0.7077 -0.3077 -0.6360
vn -0.7667 -0.4214 -0.4844
vn -0.3106 -0.6039 -0.7340
vn 0.1153 -0.5083 -0.8534
vn 0.3360 -0.5207 -0.7848
vn 0.2392 -0.4053 -0.8823
vn -0.0120 -0.4529 -0.8915
vn 0.1249 -0.6146 -0.7789
vn 0.3705 -0.6174 -0.6939
vn 0.4983 -0.1927 0.8453
vn 0.5236 -0.4500 0.7235
vn 0.5909 -0.5071 0.6275
vn 0.6560 -0.1852 0.7317
vn -0.9931 -0.1169 -0.0042
vn -0.7773 -0.6244 0.0772
vn -0.8679 -0.3153 -0.3838
vn -0.5289 -0.7779 -0.3393
vn 0.7900 -0.2000 0.5796
vn 0.6480 -0.5706 0.5045
vn 0.7288 -0.5948 0.3393
vn 0.8763 -0.2154 0.4309
vn 0.0324 -0.8575 0.5135
vn 0.3062 -0.9440 0.1228
vn 0.4291 -0.8973 -0.1033
vn -0.2622 -0.7839 -0.5628
vn -0.0572 -0.7571 -0.6508
vn 0.4817 -0.8433 -0.2384
vn -0.5912 -0.4772 -0.6502
vn -0.3151 -0.5663 -0.7616
vn 0.9677 -0.2349 -0.0917
vn 0.9032 -0.3629 -0.2292
vn 0.8946 -0.2966 -0.3342
vn 0.9395 -0.2658 -0.2163
vn 0.9029 -0.3690 -0.2203
vn 0.9432 -0.3108 -0.1174
vn 0.9542 -0.2213 0.2014
vn 0.8496 -0.5214 0.0790
vn 0.9431 -0.3259 0.0653
vn 0.9262 -0.3709 0.0680
vn 0.8955 -0.3716 0.2450
vn 0.9106 -0.3198 0.2616
vn 0.4774 -0.5413 -0.6921
vn 0.6269 -0.5394 -0.5622
vn 0.5830 -0.4397 -0.6832
vn 0.3891 -0.4103 -0.8248
vn 0.5579 -0.5661 -0.6069
vn 0.6822 -0.5299 -0.5037
vn 0.5511 -0.3983 -0.7332
vn 0.3313 -0.3929 -0.8578
vn 0.4232 -0.5582 -0.7137
vn 0.2332 -0.4815 -0.8448
vn 0.8496 -0.4794 -0.2200
vn 0.8648 -0.4867 -0.1239
vn 0.7807 -0.4360 -0.4477
vn 0.7692 -0.3617 -0.5267
vn 0.6944 -0.5325 -0.4840
vn -0.0088 -0.5672 -0.8236
vn 0.1939 -0.7002 -0.6871
vn 0.5775 -0.7412 -0.3423
vn 0.4868 -0.6744 0.5552
vn 0.3062 -0.8439 0.4406
vn -0.1280 -0.7005 0.7021
vn 0.1456 -0.4467 0.8828
vn 0.6831 -0.6920 0.2333
vn 0.4660 -0.8845 0.0229
vn 0.8279 -0.4394 0.3487
vn 0.8230 -0.5405 0.1746
vn 0.7550 -0.2808 0.5926
vn 0.6434 -0.3448 0.6835
vn 0.7654 -0.4574 0.4527
vn 0.7950 -0.5606 0.2317
vn 0.5629 -0.1159 0.8183
vn 0.5764 -0.0563 0.8152
vn 0.4730 0.2248 0.8519
vn 0.4730 0.1692 0.8647
vn 0.4276 0.3501 0.8334
vn 0.3622 0.3388 0.8683
vn -0.1795 -0.9790 0.0964
vn 0.0912 -0.9872 -0.1311
vn 0.0163 -0.9183 -0.3955
vn -0.3164 -0.9016 -0.2949
vn -0.8655 -0.4841 -0.1287
vn -0.7181 -0.6474 0.2553
vn 0.3025 0.3993 0.8655
vn 0.1853 0.4815 0.8566
vn 0.3507 0.3317 0.8758
vn 0.4246 0.2648 0.8658
vn 0.1123 0.5492 0.8281
vn 0.0481 0.5448 0.8372
vn 0.1550 0.4456 0.8817
vn 0.2440 0.4003 0.8833
vn -0.0744 0.4936 0.8665
vn -0.1638 0.3585 0.9190
vn -0.1169 0.2771 0.9537
vn -0.0373 0.4551 0.8897
vn -0.5758 -0.0867 0.8130
vn -0.5102 -0.1485 0.8471
vn -0.2896 0.0837 0.9535
vn -0.3601 0.1337 0.9233
vn -0.7270 -0.4711 0.4996
vn -0.7881 -0.3539 0.5036
vn -0.8670 -0.4921 0.0785
vn -0.9831 -0.1818 0.0192
vn -0.9326 -0.3428 0.1129
vn -0.9906 -0.0248 -0.1347
vn 0.5418 -0.3102 0.7812
vn 0.5512 -0.3751 0.7453
vn 0.5290 -0.0871 0.8441
vn 0.7005 0.0016 0.7136
vn 0.7272 -0.0907 0.6805
vn 0.7706 -0.0622 0.6343
vn 0.5338 0.1018 0.8394
vn 0.6415 0.1978 0.7412
vn 0.4436 0.2180 0.8693
vn 0.4627 0.3622 0.8091
vn 0.7726 -0.3770 0.5108
vn 0.7761 -0.5787 0.2505
vn 0.8948 -0.2282 0.3839
vn 0.8539 -0.5057 0.1229
vn 0.7460 -0.6495 0.1472
vn 0.7154 -0.6978 0.0372
vn 0.7298 -0.6824 0.0413
vn 0.7686 -0.6288 0.1182
vn 0.8637 -0.5020 -0.0447
vn 0.8048 -0.5172 -0.2911
vn 0.5464 -0.8142 -0.1962
vn 0.3308 -0.8689 -0.3681
vn 0.3498 -0.9350 -0.0583
vn 0.5663 -0.8229 -0.0466
vn 0.5459 -0.5308 -0.6483
vn 0.2520 -0.5258 -0.8124
vn -0.1121 -0.0838 0.9902
vn -0.0546 0.1830 0.9816
vn -0.3137 -0.2442 0.9176
vn -0.1838 -0.2799 0.9423
vn -0.3180 0.0274 0.9477
vn -0.2803 0.4198 0.8633
vn -0.6505 -0.3230 0.6873
vn -0.4201 -0.3660 0.8304
vn -0.9506 -0.1976 0.2396
vn -0.8145 -0.3221 0.4825
vn -0.9863 -0.1081 -0.1245
vn -0.9258 -0.3744 0.0512
vn -0.8606 -0.3483 -0.3715
vn -0.8164 -0.4941 -0.2989
vn -0.5624 -0.4900 -0.6660
vn -0.2720 -0.5067 -0.8181
vn -0.3302 -0.3767 -0.8655
vn -0.5801 -0.4940 -0.6476
vn -0.0923 -0.5138 -0.8530
vn -0.1399 -0.3652 -0.9204
vn 0.1407 -0.9067 -0.3976
vn 0.2310 -0.9168 -0.3257
vn 0.0801 -0.5452 -0.8345
vn -0.0319 -0.3108 -0.9499
vn -0.1585 0.2864 0.9449
vn -0.0949 0.3351 0.9374
vn 0.0030 0.2849 0.9585
vn -0.0067 0.2428 0.9701
vn -0.1258 0.1848 0.9747
vn -0.3484 0.2214 0.9108
vn -0.4669 0.2821 0.8381
vn -0.4793 0.2171 0.8504
vn -0.2691 -0.0128 0.9630
vn 0.2339 -0.7707 -0.5927
vn -0.0332 -0.8007 -0.5981
vn -0.1708 -0.7375 -0.6534
vn 0.0608 -0.7273 -0.6837
vn 0.1939 -0.6998 -0.6876
vn 0.3977 -0.7514 -0.5265
vn 0.6689 -0.6896 -0.2776
vn 0.4676 -0.7632 -0.4460
vn 0.1528 -0.8241 -0.5454
vn 0.7247 -0.5922 -0.3524
vn 0.5199 -0.7777 -0.3534
vn 0.3678 -0.7415 -0.5612
vn 0.6621 -0.6361 -0.3963
vn 0.7878 -0.5676 -0.2394
vn 0.8113 -0.5363 -0.2326
vn 0.9067 -0.4095 0.1009
vn 0.8648 -0.5011 0.0300
vn 0.7367 -0.6698 0.0930
vn 0.6170 -0.6988 -0.3618
vn 0.2975 -0.7869 -0.5406
vn 0.7727 -0.6031 -0.1980
vn -0.8427 -0.4818 -0.2401
vn -0.6624 -0.6509 -0.3709
vn -0.5559 -0.7290 -0.3994
vn -0.7780 -0.5790 -0.2436
vn -0.9142 -0.4041 0.0302
vn -0.9664 -0.2456 0.0755
vn -0.9649 -0.2361 0.1147
vn -0.8846 -0.4359 -0.1659
vn -0.7351 -0.5990 -0.3175
vn -0.3765 -0.7764 -0.5054
vn -0.4788 -0.7083 -0.5187
vn -0.2300 -0.8238 -0.5181
vn 0.8459 -0.3732 0.3810
vn 0.7411 -0.6110 0.2783
vn 0.8654 -0.2143 0.4530
vn 0.8452 -0.1191 0.5210
vn 0.8346 -0.3247 0.4450
vn 0.8080 -0.5022 0.3082
vn 0.8346 -0.1588 0.5275
vn 0.8243 -0.0606 0.5629
vn 0.5387 0.1212 0.8337
vn 0.4644 0.1453 0.8736
vn 0.6432 -0.1268 0.7551
vn 0.7871 -0.4461 0.4260
vn -0.7907 0.0519 0.6100
vn -0.8859 -0.0937 0.4542
vn -0.7089 0.1200 0.6950
vn -0.6347 0.1289 0.7619
vn -0.4645 0.0823 0.8817
vn -0.7422 -0.0075 0.6701
vn -0.9088 -0.0505 0.4142
vn -0.9360 -0.2761 0.2184
vn -0.8886 -0.0820 0.4513
vn 0.4121 -0.9070 -0.0866
vn 0.3698 -0.9183 0.1409
vn -0.2702 -0.9558 -0.1162
vn 0.0190 -0.9059 -0.4230
vn 0.2811 -0.7851 0.5518
vn 0.1954 -0.1872 0.9627
vn -0.3283 -0.8169 0.4743
vn 0.0226 0.3047 0.9522
vn 0.1006 0.2871 0.9526
vn -0.6748 -0.4322 0.5982
vn -0.7325 -0.6723 0.1073
vn -0.1022 -0.8528 -0.5122
vn -0.4200 -0.8375 -0.3496
vn -0.7357 -0.6680 -0.1122
vn 0.8445 -0.1307 0.5194
vn 0.9181 -0.3549 0.1762
vn 0.8929 -0.2869 0.3469
vn 0.8022 -0.1190 0.5850
vn 0.7923 -0.0891 0.6036
vn 0.8196 -0.0733 0.5682
vn 0.8246 -0.0571 0.5628
vn 0.7905 -0.0230 0.6120
vn 0.6101 0.1814 0.7713
vn 0.6362 0.1168 0.7627
vn 0.2448 0.2995 0.9222
vn 0.2821 0.3487 0.8938
vn 0.1554 0.3557 0.9216
vn 0.0878 0.3120 0.9460
vn 0.8468 -0.5144 -0.1351
vn 0.8736 -0.4852 0.0364
vn 0.8216 -0.5553 -0.1286
vn 0.8209 -0.5695 -0.0422
vn 0.8140 -0.5708 -0.1077
vn 0.7970 -0.6011 -0.0584
vn 0.7705 -0.6116 -0.1795
vn 0.7584 -0.6283 -0.1733
vn 0.0851 0.3200 0.9436
vn 0.0790 0.3734 0.9243
vn 0.2659 0.3515 0.8977
vn 0.2649 0.3384 0.9029
vn 0.5319 -0.7015 -0.4744
vn 0.2574 -0.6957 -0.6706
vn 0.3292 -0.6599 -0.6754
vn 0.5869 -0.6700 -0.4546
vn 0.3340 0.2935 0.8957
vn 0.3232 0.3772 0.8679
vn 0.0680 0.2825 0.9568
vn 0.1236 0.3166 0.9405
vn 0.0570 0.3078 0.9497
vn 0.0265 0.2422 0.9699
vn -0.2738 0.1459 0.9507
vn -0.3445 0.3671 0.8641
vn -0.7749 0.2962 0.5584
vn -0.6922 -0.0136 0.7215
vn -0.9013 -0.0815 0.4255
vn -0.9557 0.0987 0.2774
vn -0.9854 -0.1052 0.1341
vn -0.9709 -0.1916 0.1435
vn -0.9111 -0.3985 -0.1054
vn -0.9328 -0.3568 -0.0510
vn -0.7944 -0.5577 -0.2408
vn -0.7732 -0.5621 -0.2937
vn -0.5303 -0.6749 -0.5131
vn -0.2382 -0.7191 -0.6528
vn -0.5411 -0.6989 -0.4677
vn -0.2414 -0.7276 -0.6422
vn 0.2626 -0.9458 -0.1908
vn 0.1970 -0.6663 -0.7192
vn 0.2794 -0.9599 -0.0236
vn 0.2742 -0.8303 -0.4852
vn 0.0898 -0.3190 -0.9435
vn 0.0347 -0.2447 -0.9690
vn -0.0003 -0.6974 -0.7167
vn 0.1237 -0.6646 -0.7369
vn -0.0021 -0.6782 -0.7349
vn 0.0954 -0.6575 -0.7474
vn 0.1692 -0.6745 -0.7186
vn 0.1240 -0.6628 -0.7385
vn 0.1769 -0.6039 -0.7772
vn 0.2303 -0.6353 -0.7371
vn 0.2149 -0.8952 -0.3905
vn 0.2468 -0.9689 -0.0178
vn 0.1179 -0.4741 -0.8726
vn 0.0966 -0.5682 -0.8172
vn 0.0850 -0.6458 -0.7587
vn 0.0713 -0.5936 -0.8016
vn 0.0438 -0.3597 -0.9320
vn 0.0732 -0.2414 -0.9677
vn 0.1496 -0.4405 -0.8852
vn 0.9691 -0.1873 0.1606
vn 0.9230 -0.3803 -0.0576
vn 0.9194 0.1850 0.3470
vn 0.9498 0.0071 0.3128
vn 0.9627 -0.2601 0.0745
vn 0.9459 -0.3106 -0.0936
vn 0.8453 0.3408 0.4114
vn 0.7670 0.3942 0.5062
vn 0.7731 0.2929 0.5627
vn 0.8724 0.1877 0.4514
vn 0.8254 -0.0947 0.5566
vn 0.9118 -0.2118 0.3517
vn 0.7641 -0.0179 0.6448
vn 0.9390 -0.3238 0.1157
vn 0.9238 -0.3821 0.0240
vn 0.6181 0.4692 0.6307
vn 0.5959 0.3745 0.7104
vn 0.3954 0.5131 0.7618
vn 0.3521 0.3962 0.8480
vn 0.6520 0.1066 0.7507
vn 0.4347 0.2867 0.8537
vn 0.2808 0.4214 0.8623
vn 0.2660 0.3980 0.8780
vn 0.2478 0.3822 0.8902
vn 0.2535 0.3772 0.8907
vn 0.2638 0.3875 0.8833
vn 0.2166 0.3776 0.9003
vn 0.9151 -0.3383 -0.2193
vn 0.8018 -0.3589 -0.4779
vn 0.9233 -0.3164 -0.2177
vn 0.7915 -0.3854 -0.4743
vn 0.8754 -0.4746 -0.0915
vn 0.7490 -0.5760 -0.3273
vn 0.4865 -0.3806 -0.7864
vn 0.2017 -0.3230 -0.9247
vn 0.4883 -0.4245 -0.7625
vn 0.2402 -0.3351 -0.9111
vn 0.5417 -0.5859 -0.6027
vn 0.3176 -0.5205 -0.7926
vn 0.0821 -0.2217 -0.9716
vn 0.0398 -0.1651 -0.9855
vn 0.1133 -0.2633 -0.9581
vn 0.1882 -0.4551 -0.8703
vn 0.1818 0.3329 0.9253
vn 0.1625 0.3669 0.9159
vn -0.3164 0.4415 0.8396
vn -0.0955 0.3471 0.9330
vn 0.0511 0.4542 0.8894
vn -0.4127 0.6097 0.6767
vn -0.6982 0.3780 0.6080
vn -0.7481 0.3779 0.5455
vn -0.4131 -0.1981 0.8889
vn -0.7948 0.0183 0.6066
vn -0.6528 0.3604 0.6663
vn -0.9177 0.2912 0.2703
vn -0.3617 -0.3573 0.8611
vn -0.6505 -0.4442 0.6160
vn -0.7868 -0.2919 0.5438
vn -0.7123 -0.0601 0.6993
vn -0.9209 0.3152 0.2292
vn -0.9742 -0.0243 0.2245
vn -0.8199 -0.5335 0.2077
vn -0.7695 -0.6037 -0.2084
vn -0.7589 -0.6328 -0.1540
vn -0.8599 -0.4722 0.1941
vn -0.9259 -0.3739 0.0551
vn -0.7842 -0.5955 -0.1744
vn -0.5515 -0.6308 -0.5459
vn -0.2865 -0.5110 -0.8105
vn -0.2433 -0.6555 -0.7149
vn -0.5316 -0.7081 -0.4648
vn -0.5307 -0.7243 -0.4402
vn -0.2203 -0.7372 -0.6388
vn -0.0754 -0.4987 -0.8635
vn 0.0375 -0.4865 -0.8729
vn -0.0164 -0.6191 -0.7851
vn 0.0121 -0.6802 -0.7330
vn 0.0240 -0.2305 -0.9728
vn 0.2653 -0.9597 -0.0923
vn 0.1005 -0.9391 -0.3285
vn 0.2020 -0.9272 -0.3154
vn 0.2807 -0.9569 -0.0745
vn 0.0208 -0.8407 -0.5412
vn 0.0833 -0.8134 -0.5758
vn 0.2800 -0.9583 -0.0565
vn 0.2163 -0.9070 -0.3614
vn 0.2102 -0.8586 -0.4676
vn 0.2598 -0.9577 -0.1240
vn 0.1168 -0.7614 -0.6377
vn 0.1320 -0.6955 -0.7063
vn 0.2233 -0.7606 -0.6096
vn 0.3578 -0.6457 -0.6745
vn 0.4250 -0.8172 -0.3892
vn 0.2646 -0.9303 -0.2539
vn 0.7951 -0.6037 0.0583
vn 0.7485 -0.6537 -0.1112
vn 0.6542 -0.6783 -0.3347
vn 0.4985 -0.6986 -0.5133
vn 0.1583 -0.6175 -0.7704
vn 0.2305 -0.5530 -0.8006
vn 0.2023 -0.6610 -0.7226
vn 0.1015 -0.8581 -0.5033
vn -0.0257 -0.9691 0.2454
vn -0.4287 -0.8985 -0.0946
vn -0.5840 -0.8058 0.0979
vn -0.3295 -0.8173 0.4727
vn -0.0961 -0.9942 -0.0489
vn -0.3576 -0.8823 -0.3062
vn -0.1724 -0.8782 -0.4461
vn -0.3531 -0.8039 -0.4786
vn -0.6356 -0.7013 -0.3229
vn -0.5619 -0.7126 -0.4200
vn -0.5076 -0.6646 -0.5482
vn -0.5332 -0.6130 -0.5830
vn -0.5198 -0.5340 -0.6668
vn -0.7128 -0.6440 -0.2778
vn -0.4695 -0.7231 -0.5066
vn -0.5061 -0.7235 -0.4696
vn -0.1320 -0.7181 -0.6833
vn -0.2828 -0.6286 -0.7245
vn 0.0307 -0.7268 -0.6862
vn 0.2047 -0.7994 -0.5649
vn 0.2794 -0.6498 -0.7069
vn -0.0028 -0.6747 -0.7381
vn 0.2989 -0.9286 -0.2199
vn 0.4402 -0.7781 -0.4481
vn 0.1011 -0.9232 -0.3708
vn -0.2903 -0.6451 -0.7068
vn -0.0864 -0.6325 -0.7698
vn -0.0465 -0.9989 -0.0116
vn 0.0988 -0.9753 0.1973
vn -0.1225 -0.9875 -0.0993
vn -0.1619 -0.9761 -0.1452
vn -0.1089 -0.7966 -0.5946
vn -0.1223 -0.9505 -0.2857
vn 0.6404 -0.6870 0.3434
vn 0.6091 -0.7580 -0.2333
vn 0.5323 -0.8259 -0.1860
vn 0.6123 -0.7356 0.2898
vn 0.4875 -0.3558 0.7974
vn 0.5754 -0.3553 0.7366
vn 0.4734 0.1396 0.8697
vn 0.4060 0.1397 0.9031
vn 0.6867 0.5582 0.4657
vn 0.7808 0.1817 0.5977
vn 0.4990 0.0965 0.8612
vn 0.5137 0.6764 0.5278
vn 0.5216 0.1375 0.8420
vn 0.3626 0.7500 0.5532
vn 0.5063 0.1900 0.8412
vn 0.2771 0.6682 0.6904
vn 0.3712 0.2848 0.8838
vn 0.1999 0.5522 0.8094
vn 0.2464 0.3086 0.9187
vn 0.0160 0.2300 0.9731
vn -0.1496 0.3903 0.9085
vn 0.0790 0.5042 0.8600
vn 0.5256 -0.6364 -0.5646
vn 0.2806 -0.5286 -0.8012
vn 0.5867 -0.7252 -0.3604
vn 0.3515 -0.6514 -0.6724
vn 0.0653 -0.7151 -0.6960
vn -0.3939 -0.6069 -0.6903
vn -0.4580 -0.5202 -0.7209
vn 0.0111 -0.6138 -0.7894
vn -0.8020 -0.5203 -0.2935
vn -0.8232 -0.4717 -0.3159
vn -0.9675 -0.2527 -0.0073
vn -0.8647 -0.4949 0.0865
vn -0.2925 -0.0937 0.9517
vn -0.5581 0.0936 0.8245
vn -0.6336 -0.3354 0.6972
vn -0.8660 0.0169 0.4997
vn -0.7898 -0.4261 0.4412
vn -0.9502 -0.0931 0.2976
vn -0.9758 0.0615 0.2099
vn -0.9706 -0.2263 -0.0817
vn -0.9015 0.2412 0.3594
vn -0.9057 0.1992 0.3743
vn -0.9743 0.0366 0.2222
vn -0.9715 -0.2308 -0.0540
vn 0.8292 -0.5517 -0.0897
vn 0.8509 -0.3743 0.3685
vn 0.6584 -0.5486 -0.5154
vn 0.6540 -0.6249 -0.4263
vn 0.7444 -0.6601 0.1004
vn 0.7308 -0.4133 0.5433
vn 0.5868 -0.5724 -0.5727
vn 0.3917 -0.6564 -0.6448
vn 0.3717 -0.7005 -0.6093
vn 0.6051 -0.6393 -0.4745
vn 0.6118 -0.7148 -0.3388
vn 0.6379 -0.7244 -0.2614
vn 0.3762 -0.7240 -0.5782
vn 0.6448 -0.7099 0.2834
vn 0.5913 -0.4180 0.6897
vn 0.8457 -0.3320 0.4178
vn 0.8237 -0.2719 0.4976
vn 0.7391 -0.3549 0.5725
vn 0.7956 -0.0194 0.6055
vn 0.7773 -0.1227 0.6171
vn 0.7560 0.4312 0.4925
vn 0.6599 -0.0136 0.7513
vn 0.6065 0.3347 0.7212
vn 0.4319 0.3887 0.8139
vn 0.4719 0.1461 0.8695
vn 0.5356 0.6545 0.5336
vn 0.3599 0.7031 0.6133
vn 0.4473 0.2285 0.8647
vn 0.3545 0.3497 0.8672
vn 0.3064 0.3777 0.8737
vn 0.3982 0.3381 0.8527
vn 0.2600 0.6116 0.7472
vn 0.2143 0.4923 0.8436
vn 0.2164 0.4243 0.8793
vn 0.1370 0.4613 0.8766
vn -0.3164 0.4694 0.8243
vn -0.2303 0.4524 0.8615
vn 0.0914 0.4953 0.8639
vn -0.2392 0.4229 0.8740
vn -0.6997 0.3639 0.6148
vn -0.7519 0.3221 0.5752
vn -0.7011 0.2263 0.6762
vn -0.9010 0.1478 0.4078
vn 0.1158 -0.6998 -0.7048
vn 0.1346 -0.6588 -0.7402
vn -0.2859 -0.6991 -0.6554
vn -0.3360 -0.6925 -0.6384
vn -0.3604 -0.6590 -0.6602
vn 0.0988 -0.7299 -0.6763
vn -0.7700 -0.4919 -0.4064
vn -0.7938 -0.4963 -0.3517
vn -0.8174 -0.4686 -0.3352
vn -0.9734 -0.2257 -0.0383
vn -0.9714 0.0042 0.2376
vn -0.2646 0.9514 -0.1574
vn -0.2318 0.9727 -0.0113
vn -0.2907 0.9537 -0.0777
vn -0.3130 0.9379 -0.1498
vn -0.3373 0.9069 0.2525
vn -0.3554 0.8903 0.2848
vn -0.5139 0.8354 0.1951
vn -0.4611 0.8451 -0.2705
vn -0.4425 0.8437 -0.3040
vn -0.3745 0.9251 0.0626
vn -0.2997 0.8813 0.3654
vn -0.2651 0.6431 0.7184
vn -0.3778 0.8724 0.3102
vn -0.3877 0.9087 0.1548
vn -0.4250 0.8840 0.1947
vn -0.2516 0.8192 0.5154
vn -0.1699 0.5146 0.8404
vn -0.2183 0.4562 0.8627
vn -0.1988 0.6968 0.6891
vn -0.2248 0.9291 0.2936
vn -0.2924 0.9416 0.1670
vn -0.6978 0.7128 -0.0708
vn -0.4334 0.9004 -0.0385
vn -0.4830 0.7555 0.4426
vn -0.6775 0.6035 0.4204
vn -0.5739 0.6619 -0.4823
vn -0.3236 0.8514 -0.4128
vn -0.2766 0.9609 -0.0121
vn -0.1864 0.9825 0.0005
vn -0.3055 0.8507 0.4278
vn -0.2015 0.9124 -0.3564
vn -0.1522 0.9196 -0.3622
vn -0.4364 0.4875 -0.7562
vn -0.2250 0.2577 -0.9397
vn -0.0575 0.4629 -0.8845
vn -0.2275 0.7153 -0.6608
vn -0.1590 0.8249 -0.5424
vn -0.0388 0.7346 -0.6774
vn -0.0864 0.8770 -0.4726
vn -0.1419 0.8853 -0.4428
vn -0.2276 0.9733 -0.0313
vn -0.3150 0.9414 -0.1207
vn -0.1967 0.8739 -0.4446
vn -0.2873 0.8068 -0.5162
vn -0.2190 0.8765 -0.4288
vn -0.3299 0.8391 -0.4326
vn -0.1514 0.8813 -0.4476
vn -0.2666 0.8651 -0.4248
vn 0.0457 0.6948 -0.7178
vn 0.0993 0.4130 -0.9053
vn 0.1840 0.3129 -0.9318
vn -0.0078 0.6518 -0.7583
vn -0.3566 0.9189 -0.1687
vn -0.2317 0.7567 -0.6114
vn -0.1473 0.8027 -0.5780
vn -0.2715 0.9514 -0.1454
vn -0.3108 0.8622 -0.4000
vn -0.3074 0.9295 -0.2038
vn -0.2527 0.9659 0.0571
vn -0.2382 0.9455 -0.2219
vn -0.2577 0.9585 -0.1220
vn -0.1295 0.8394 -0.5279
vn -0.2455 0.8083 -0.5351
vn -0.4497 0.8844 -0.1251
vn -0.2250 0.9631 -0.1476
vn -0.2769 0.9580 0.0751
vn -0.4291 0.9030 0.0212
vn -0.3690 0.9176 -0.1476
vn -0.0706 0.7856 -0.6146
vn 0.1998 0.3183 -0.9267
vn 0.2079 0.4312 -0.8780
vn -0.0689 0.8938 -0.4432
vn -0.2474 0.8030 0.5423
vn -0.4477 0.8111 0.3764
vn -0.2828 0.3698 0.8850
vn -0.1370 0.3284 0.9345
vn -0.0787 0.3260 0.9421
vn -0.1791 0.7294 0.6603
vn -0.6805 0.7281 0.0827
vn -0.8818 0.4583 -0.1113
vn -0.7859 0.3050 0.5380
vn -0.5211 0.3928 0.7578
vn -0.6112 0.6710 -0.4197
vn -0.7373 0.4051 -0.5406
vn -0.6709 0.7050 -0.2301
vn -0.6671 0.7203 0.1900
vn -0.8850 0.4204 0.2000
vn -0.8922 0.3821 -0.2408
vn -0.6264 0.7605 -0.1710
vn -0.4516 0.6962 -0.5580
vn -0.6208 0.3635 -0.6946
vn -0.8431 0.4752 -0.2517
vn -0.5634 0.7845 -0.2592
vn -0.6023 0.7916 -0.1026
vn -0.8714 0.4808 -0.0970
vn -0.8810 0.3638 -0.3025
vn -0.5207 0.7382 -0.4289
vn -0.7653 0.4670 -0.4429
vn -0.3384 0.8331 -0.4374
vn -0.1655 0.5791 -0.7982
vn -0.3197 0.5424 -0.7769
vn -0.5444 0.3688 -0.7534
vn -0.1710 0.5723 0.8020
vn -0.1485 0.4035 0.9028
vn -0.0851 0.3179 0.9443
vn -0.1354 0.2795 0.9505
vn -0.5004 0.4318 0.7504
vn -0.4848 0.5386 0.6891
vn -0.2137 0.4264 0.8789
vn -0.1842 0.1730 0.9676
vn -0.3609 0.5558 0.7489
vn -0.3947 0.4484 0.8020
vn -0.2332 0.4195 0.8773
vn -0.4849 0.5250 0.6995
vn 0.1112 -0.1816 0.9771
vn 0.2171 -0.1623 0.9626
vn 0.3562 -0.5955 0.7200
vn 0.3393 -0.5564 0.7585
vn 0.3566 0.0718 0.9315
vn 0.4162 0.2149 0.8835
vn 0.7660 -0.1222 0.6312
vn 0.5763 -0.3938 0.7161
vn -0.0297 0.4138 0.9099
vn 0.0246 0.3949 0.9184
vn -0.6007 0.5384 0.5910
vn -0.4420 0.1812 0.8785
vn -0.8466 -0.0756 0.5268
vn 0.4742 0.1708 0.8637
vn 0.0755 0.2060 0.9756
vn 0.0210 -0.2260 0.9739
vn 0.5803 -0.2388 0.7786
vn 0.8693 -0.2215 0.4419
vn 0.8652 -0.0646 0.4973
vn -0.3988 0.0578 0.9152
vn -0.5504 0.4033 0.7311
vn -0.8692 -0.3952 0.2972
vn -0.7204 -0.5577 0.4123
vn -0.3921 -0.3524 0.8498
vn -0.4055 -0.7930 0.4547
vn 0.0493 -0.8346 0.5486
vn -0.7183 -0.6951 0.0313
vn -0.5690 -0.6336 -0.5242
vn -0.3735 -0.8706 -0.3203
vn -0.0164 -0.9680 -0.2502
vn 0.5513 -0.7413 0.3827
vn 0.8659 -0.4832 0.1291
vn 0.3912 -0.8723 -0.2935
vn 0.7240 -0.6294 -0.2823
vn -0.8494 -0.1577 -0.5036
vn -0.4395 -0.8068 -0.3949
vn -0.5602 -0.8143 0.1519
vn -0.9835 -0.1786 0.0279
vn -0.4614 -0.0549 -0.8855
vn -0.2469 -0.5012 -0.8294
vn -0.8946 -0.3430 -0.2863
vn -0.5748 -0.3600 -0.7348
vn -0.4995 -0.8614 -0.0925
vn -0.1222 -0.8995 -0.4195
vn -0.8918 -0.3113 0.3282
vn -0.9150 -0.3541 -0.1935
vn -0.2288 -0.9717 0.0581
vn -0.3051 -0.8647 0.3990
vn -0.8713 -0.3335 -0.3601
vn -0.6619 -0.2157 -0.7179
vn -0.3140 -0.9154 -0.2520
vn -0.1814 -0.7854 -0.5918
vn -0.3292 -0.9431 -0.0458
vn -0.9502 -0.2950 -0.1008
vn -0.3101 -0.7143 0.6274
vn -0.6919 -0.2030 0.6929
vn -0.2964 -0.1341 0.9456
vn -0.1271 -0.1529 0.9800
vn -0.0639 -0.6920 0.7191
vn 0.0092 -0.7275 0.6860
vn 0.1359 -0.9906 0.0129
vn 0.1813 -0.8852 -0.4285
vn 0.1737 -0.9185 -0.3553
vn 0.1289 -0.9913 -0.0251
vn -0.0808 -0.1268 0.9886
vn -0.0610 -0.0324 0.9976
vn -0.0668 -0.6628 0.7458
vn -0.0736 -0.5150 0.8540
vn -0.0585 0.0440 0.9973
vn -0.0579 0.0077 0.9983
vn 0.0166 -0.4210 0.9069
vn 0.1819 -0.4395 0.8796
vn -0.1686 0.8983 -0.4057
vn 0.0218 0.5609 -0.8276
vn -0.1435 0.1220 -0.9821
vn 0.0174 0.2189 -0.9756
vn 0.1607 -0.3527 -0.9218
vn 0.0061 -0.4557 -0.8901
vn 0.1649 0.1899 -0.9679
vn 0.2747 0.0764 -0.9585
vn 0.2830 -0.3975 -0.8729
vn 0.2576 -0.3532 -0.8994
vn 0.3208 0.0330 -0.9466
vn 0.2988 -0.1801 -0.9372
vn 0.2741 -0.2939 -0.9157
vn 0.3487 -0.0213 -0.9370
vn 0.0020 -0.9473 -0.3204
vn 0.1758 -0.9139 -0.3658
vn 0.0767 -0.9442 0.3204
vn -0.0692 -0.9584 0.2769
vn 0.2349 -0.8896 -0.3917
vn 0.1494 -0.8615 -0.4853
vn -0.0520 -0.9770 0.2070
vn 0.0598 -0.9495 0.3082
vn -0.0052 -0.9830 0.1837
vn 0.1045 -0.9552 0.2767
vn 0.1969 -0.9762 -0.0907
vn 0.1625 -0.9703 -0.1793
vn 0.1394 -0.9780 0.1550
vn 0.1696 -0.9740 0.1501
vn 0.1062 -0.9165 0.3857
vn 0.0496 -0.9128 0.4053
vn 0.1212 -0.9912 -0.0524
vn 0.1464 -0.9890 0.0200
vn -0.0601 -0.9980 0.0213
vn -0.0136 -0.8695 -0.4937
vn -0.1659 -0.9078 -0.3853
vn -0.1187 -0.9585 0.2593
vn 0.1294 -0.9872 -0.0931
vn 0.0520 -0.9513 0.3038
vn -0.0830 -0.9527 0.2925
vn -0.0298 -0.9841 -0.1750
vn 0.0746 -0.9940 0.0800
vn -0.0901 -0.9919 -0.0893
vn -0.1717 -0.9448 0.2789
vn -0.0064 -0.9359 0.3521
vn -0.0054 -0.9950 -0.0992
vn -0.2102 -0.9725 -0.1001
vn -0.1844 -0.9827 0.0176
vn -0.0788 -0.9969 0.0075
vn -0.2191 -0.9751 0.0341
vn -0.0396 -0.9985 0.0368
vn 0.0262 -0.9931 0.1147
vn 0.1480 -0.9546 0.2585
vn 0.0299 -0.8690 0.4938
vn 0.2559 -0.7569 0.6013
vn -0.2072 -0.2596 0.9432
vn -0.4926 -0.7455 0.4490
vn 0.2285 -0.5875 0.7763
vn -0.1068 -0.9071 0.4072
vn -0.6119 -0.7550 -0.2356
vn -0.5085 -0.7859 -0.3517
vn 0.4257 -0.6602 0.6188
vn 0.4115 -0.8232 0.3913
vn 0.5645 -0.7455 0.3543
vn 0.4657 -0.7341 0.4942
vn -0.1730 -0.9405 -0.2924
vn -0.1894 -0.9664 -0.1736
vn -0.1496 -0.9802 -0.1300
vn -0.0763 -0.9820 -0.1729
vn 0.3711 -0.8770 0.3052
vn 0.3173 -0.9135 0.2548
vn 0.5077 -0.7764 0.3734
vn 0.5652 -0.7489 0.3460
vn 0.6987 -0.6568 -0.2835
vn 0.6753 -0.7363 0.0433
vn 0.8145 -0.5059 0.2840
vn 0.9353 -0.3512 0.0427
vn -0.4650 -0.7545 -0.4631
vn -0.1979 -0.9735 0.1147
vn -0.1508 -0.9855 -0.0781
vn -0.1873 -0.8339 -0.5192
vn 0.4079 -0.8708 0.2745
vn 0.2394 -0.9459 0.2191
vn 0.2134 -0.8672 -0.4500
vn 0.2910 -0.9325 -0.2139
vn -0.0401 0.0961 -0.9946
vn 0.3051 -0.0051 -0.9523
vn 0.3025 -0.1154 -0.9461
vn 0.0590 0.1905 -0.9799
vn 0.7676 -0.0074 -0.6409
vn 0.7093 -0.3314 -0.6222
vn 0.5151 -0.7649 0.3867
vn 0.4250 -0.8257 0.3710
vn 0.4501 -0.8595 0.2421
vn 0.5842 -0.8031 0.1173
vn 0.5941 -0.6633 0.4550
vn 0.5861 -0.7802 0.2183
vn 0.5181 -0.5160 -0.6821
vn 0.6111 -0.7180 -0.3334
vn 0.5332 -0.8458 -0.0175
vn 0.6314 -0.6943 -0.3453
vn 0.3516 -0.9346 -0.0542
vn 0.1431 -0.9897 0.0051
vn 0.3743 -0.9113 0.1716
vn 0.5535 -0.8306 0.0612
vn 0.1822 0.1456 -0.9724
vn 0.3140 -0.1325 -0.9401
vn 0.3352 -0.1570 -0.9290
vn 0.2447 0.0616 -0.9676
vn 0.2707 0.0269 -0.9623
vn 0.3044 -0.1502 -0.9406
vn 0.5955 -0.7931 0.1278
vn 0.5417 -0.8060 0.2386
vn -0.2279 -0.9175 0.3259
vn -0.1388 -0.9822 0.1269
vn -0.1291 -0.9868 0.0983
vn 0.0523 -0.9751 -0.2157
vn 0.2547 -0.6283 -0.7351
vn 0.3892 -0.4637 -0.7959
vn 0.4939 -0.4819 -0.7238
vn 0.4391 -0.8040 -0.4010
vn 0.4945 -0.8360 -0.2380
vn 0.1017 -0.7796 -0.6180
vn 0.3406 -0.9399 -0.0256
vn 0.4191 -0.9005 0.1160
vn 0.4771 -0.8576 0.1920
vn 0.2354 -0.9716 0.0228
vn 0.2793 -0.9538 0.1106
vn 0.4829 -0.8182 0.3120
vn 0.2686 -0.9359 0.2279
vn 0.2592 -0.9123 0.3170
vn 0.2518 -0.9470 0.1993
vn 0.4274 -0.8934 0.1380
vn 0.4913 -0.4341 -0.7551
vn 0.6121 -0.7152 -0.3375
vn 0.5770 -0.8059 0.1324
vn -0.4998 -0.7792 0.3783
vn -0.5990 -0.7637 0.2407
vn -0.7084 -0.6047 0.3641
vn -0.5070 -0.6698 0.5426
vn -0.6616 -0.4665 0.5871
vn -0.6355 -0.7088 0.3063
vn -0.6738 -0.6534 0.3452
vn -0.5946 -0.7543 0.2782
vn -0.5623 -0.8261 0.0384
vn -0.4907 -0.8514 -0.1853
vn -0.4910 -0.6800 -0.5446
vn -0.6707 -0.7373 -0.0814
vn -0.7446 -0.4816 0.4623
vn -0.6797 -0.5675 0.4646
vn -0.7087 -0.6326 0.3124
vn -0.7882 -0.5882 0.1808
vn -0.4149 -0.8283 -0.3764
vn -0.4391 -0.5277 -0.7271
vn -0.1780 -0.7869 -0.5908
vn -0.0770 -0.3085 -0.9481
vn -0.6773 -0.6750 -0.2925
vn -0.7510 -0.6573 -0.0627
vn -0.2196 -0.6126 -0.7593
vn 0.0210 -0.0658 -0.9976
vn -0.2829 -0.4451 -0.8496
vn 0.0296 0.0230 -0.9993
vn -0.6813 -0.3713 -0.6309
vn -0.8816 -0.4718 -0.0137
vn -0.7455 -0.6570 0.1119
vn -0.6022 -0.6204 -0.5024
vn -0.8383 -0.5449 -0.0171
vn -0.7598 -0.4511 0.4681
vn -0.9376 -0.3293 0.1119
vn -0.6759 -0.2965 0.6748
vn -0.5836 -0.3792 0.7180
vn -0.4871 -0.3871 0.7828
vn -0.3920 -0.4636 0.7946
vn -0.4804 -0.3536 0.8026
vn -0.5351 -0.0256 0.8444
vn -0.9928 -0.0609 -0.1035
vn -0.6791 0.2194 0.7004
vn -0.4965 -0.1010 0.8621
vn -0.5107 0.2007 0.8360
vn -0.4971 -0.1289 0.8580
vn -0.7761 0.1627 -0.6092
vn -0.6513 0.5016 -0.5694
vn -0.8500 0.3872 0.3571
vn -0.8568 0.2722 0.4380
vn -0.5027 0.3938 0.7695
vn -0.4784 0.3466 0.8068
vn -0.7270 0.4669 0.5035
vn -0.7084 0.4015 0.5805
vn -0.6191 0.4828 0.6194
vn -0.5607 0.4596 0.6887
vn -0.7429 0.6403 -0.1951
vn -0.7736 0.5535 0.3084
vn 0.3161 0.6887 -0.6525
vn 0.2414 0.7805 -0.5766
vn 0.2594 0.9256 -0.2755
vn 0.3612 0.9185 -0.1610
vn 0.4145 0.7779 -0.4724
vn 0.5176 0.5398 -0.6639
vn 0.4650 0.8760 -0.1284
vn 0.3397 0.8664 -0.3659
vn 0.3218 0.8952 -0.3085
vn 0.3066 0.9472 -0.0934
vn 0.2987 0.9539 0.0286
vn 0.3564 0.9320 -0.0656
vn 0.1641 0.9435 0.2878
vn 0.3639 0.9302 0.0476
vn 0.1123 0.9908 0.0759
vn 0.1721 0.9776 0.1210
vn 0.0959 0.9314 0.3510
vn 0.0677 0.9208 0.3840
vn 0.0931 0.9316 0.3513
vn 0.2481 0.9276 0.2791
vn 0.2169 0.9711 0.0999
vn 0.0225 0.9867 0.1611
vn -0.1995 0.7499 0.6308
vn -0.1899 0.6996 0.6888
vn -0.3828 0.4664 0.7975
vn -0.3748 0.5775 0.7253
vn -0.4125 0.7001 0.5828
vn -0.2071 0.8251 0.5256
vn -0.3133 0.9018 0.2976
vn -0.4548 0.8432 0.2866
vn -0.6778 0.7031 0.2152
vn -0.5772 0.7942 0.1901
vn -0.5389 0.7218 0.4343
vn -0.7096 0.5683 0.4166
vn -0.6930 0.7084 0.1340
vn -0.3153 0.9487 0.0243
vn -0.3245 0.9211 0.2151
vn -0.1875 0.9570 0.2215
vn -0.3577 0.8545 0.3767
vn -0.4220 0.8767 0.2310
vn -0.4812 0.8756 -0.0425
vn -0.5009 0.8604 0.0934
vn -0.2331 0.9708 0.0565
vn -0.3112 0.9496 0.0369
vn -0.4663 0.6119 0.6389
vn -0.4077 0.4565 0.7908
vn -0.4448 0.5052 0.7395
vn -0.5223 0.6764 0.5193
vn -0.5245 0.7969 0.2997
vn -0.4670 0.7713 0.4324
vn -0.5015 0.5350 0.6799
vn -0.6462 0.6040 0.4664
vn -0.6004 0.7464 0.2871
vn -0.5128 0.7139 0.4768
vn -0.4434 0.8851 0.1416
vn -0.4960 0.8645 0.0811
vn -0.5881 0.8083 0.0264
vn -0.6616 0.7497 0.0135
vn -0.5982 0.7242 0.3431
vn -0.6298 0.7755 -0.0436
vn -0.6497 0.7138 -0.2614
vn -0.6655 0.7289 -0.1607
vn -0.9110 0.3085 -0.2738
vn -0.9485 0.1268 -0.2902
vn -0.9684 -0.1404 -0.2062
vn -0.6139 0.6267 -0.4800
vn -0.3181 0.8712 -0.3740
vn -0.5911 0.7943 -0.1402
vn -0.7194 0.6920 -0.0608
vn -0.6446 0.7586 -0.0951
vn -0.7185 0.6934 0.0546
vn -0.7074 0.6911 0.1484
vn -0.8132 0.5732 -0.1002
vn -0.7603 0.6473 -0.0548
vn -0.8438 0.5352 0.0406
vn -0.4478 0.6488 -0.6152
vn -0.3840 0.5793 -0.7190
vn -0.1835 0.6411 -0.7452
vn -0.5118 0.8590 0.0091
vn -0.7983 0.5454 0.2555
vn 0.1783 0.5667 -0.8044
vn 0.1047 0.2599 -0.9599
vn -0.6273 0.4582 -0.6297
vn -0.4557 0.8591 -0.2330
vn -0.9340 0.3468 0.0863
vn -0.7333 0.1748 -0.6570
vn -0.1754 0.3035 -0.9365
vn -0.7243 0.3991 -0.5622
vn -0.9570 0.2542 -0.1397
vn -0.2940 0.9166 -0.2711
vn -0.1118 0.9575 -0.2660
vn -0.3542 0.8681 -0.3476
vn -0.2121 0.8802 -0.4247
vn 0.2111 0.3479 -0.9135
vn 0.0170 0.4201 -0.9073
vn -0.0211 0.4692 -0.8829
vn 0.1707 0.2729 -0.9468
vn 0.1361 0.4420 -0.8866
vn 0.0220 0.4823 -0.8757
vn 0.1272 0.2754 -0.9529
vn -0.0635 0.4850 -0.8722
vn -0.0639 0.5202 -0.8516
vn 0.0450 0.3325 -0.9420
vn -0.2506 0.8642 -0.4364
vn -0.2790 0.8755 -0.3946
vn -0.3783 0.8586 -0.3460
vn -0.6474 0.7121 -0.2716
vn -0.3122 0.8198 -0.4800
vn -0.2651 0.8370 -0.4787
vn -0.2824 0.8674 -0.4097
vn -0.3260 0.8857 -0.3306
vn -0.3685 0.9035 -0.2190
vn -0.3528 0.9147 -0.1970
vn -0.0842 0.3775 -0.9222
vn -0.8008 0.2927 -0.5225
vn -0.1008 0.5674 -0.8172
vn -0.1761 0.6390 -0.7488
vn -0.2396 0.4655 -0.8520
vn -0.8074 0.3308 -0.4885
vn -0.2495 0.7338 -0.6319
vn -0.3496 0.6390 -0.6852
vn -0.7585 0.4844 -0.4360
vn -0.2305 0.6471 -0.7267
vn -0.0991 0.4992 -0.8608
vn -0.4066 0.7591 -0.5084
vn -0.7025 0.1818 -0.6881
vn -0.4269 0.2409 -0.8716
vn -0.6458 -0.2598 -0.7179
vn -0.7428 -0.3256 -0.5850
vn -0.5715 0.6833 -0.4544
vn -0.5238 -0.0284 -0.8514
vn -0.5338 0.1570 -0.8309
vn -0.5565 0.7253 -0.4052
vn -0.7562 -0.4219 -0.5001
vn -0.6298 -0.3542 -0.6913
vn -0.5198 -0.2425 -0.8191
vn -0.7079 -0.3260 -0.6266
vn -0.3848 -0.2989 -0.8733
vn -0.4300 -0.2005 -0.8803
vn -0.6040 -0.3196 -0.7301
vn -0.5348 -0.4539 -0.7127
vn -0.6223 -0.5498 -0.5572
vn -0.2402 -0.4022 -0.8835
vn -0.4071 -0.2133 -0.8881
vn -0.5074 -0.1896 -0.8406
vn -0.3213 -0.3020 -0.8975
vn -0.5218 -0.3078 -0.7956
vn -0.6047 0.7114 -0.3581
vn -0.6138 0.1272 -0.7792
vn -0.1932 0.9504 -0.2436
vn -0.1349 0.7183 -0.6826
vn -0.7718 0.3036 -0.5587
vn -0.6079 -0.0714 -0.7908
vn 0.0862 0.6493 -0.7556
vn -0.2032 0.7594 -0.6181
vn -0.9159 -0.3601 -0.1772
vn -0.5853 -0.1487 -0.7971
vn -0.5871 -0.1586 -0.7938
vn -0.0840 0.4711 -0.8781
vn 0.0851 0.4774 -0.8746
vn -0.4485 -0.2033 -0.8703
vn 0.2504 0.4281 -0.8683
vn -0.0381 -0.3796 -0.9244
vn -0.2829 -0.2557 -0.9244
vn -0.4988 -0.6193 -0.6063
vn -0.3987 -0.5759 -0.7137
vn 0.1551 -0.3077 -0.9387
vn -0.1093 -0.3069 -0.9454
vn -0.9582 -0.2779 0.0675
vn -0.9195 -0.3913 0.0383
vn -0.9963 -0.0723 0.0466
vn -0.9641 -0.2484 0.0936
vn -0.9701 -0.2038 0.1319
vn -0.9478 -0.3117 0.0675
vn -0.8411 -0.5166 -0.1602
vn -0.8246 -0.5009 -0.2631
vn -0.6370 -0.3924 -0.6635
vn -0.7407 -0.4093 -0.5327
vn -0.7149 -0.4646 -0.5225
vn -0.6189 -0.4406 -0.6503
vn -0.4023 -0.3452 -0.8480
vn -0.4264 -0.2968 -0.8544
vn -0.4611 -0.2693 -0.8455
vn -0.6386 -0.3333 -0.6936
vn -0.7448 -0.3498 -0.5683
vn -0.7424 -0.3240 -0.5864
vn -0.7335 -0.3347 -0.5915
vn -0.7549 -0.3397 -0.5610
vn -0.7280 -0.3931 -0.5617
vn -0.6348 -0.4485 -0.6292
vn -0.6322 -0.2908 -0.7182
vn -0.4938 -0.2416 -0.8353
vn -0.9802 0.1855 0.0687
vn -0.9752 -0.1607 -0.1519
vn -0.9775 0.0648 -0.2009
vn -0.9103 0.4128 0.0311
vn -0.9215 -0.2836 -0.2655
vn -0.8083 -0.5134 -0.2881
vn -0.7493 -0.5485 -0.3710
vn -0.7359 -0.5527 -0.3911
vn -0.9872 0.0684 0.1440
vn -0.9567 -0.2694 0.1102
vn -0.9410 0.0911 0.3259
vn -0.8961 -0.2035 0.3945
vn -0.8839 -0.4639 -0.0601
vn -0.8770 -0.4578 -0.1461
vn -0.9184 -0.3100 0.2458
vn -0.9332 -0.3403 0.1153
vn -0.9105 0.1205 0.3955
vn -0.7945 -0.1170 0.5959
vn -0.9455 0.1206 0.3024
vn -0.7599 -0.1070 0.6412
vn -0.8562 -0.1993 0.4766
vn -0.9281 -0.2414 0.2835
vn -0.7825 -0.1671 0.5998
vn -0.8818 -0.1552 0.4454
vn -0.8277 0.5554 0.0801
vn -0.8829 0.1293 0.4514
vn -0.8447 -0.0778 0.5296
vn -0.9621 0.1587 0.2216
vn -0.9701 0.0867 0.2266
vn -0.7943 -0.1970 0.5747
vn -0.7784 -0.1921 0.5976
vn -0.8451 -0.0993 0.5253
vn -0.7264 0.0132 0.6871
vn -0.7770 0.0589 0.6267
vn -0.7424 0.3826 0.5500
vn -0.5124 0.6292 0.5845
vn -0.6211 0.4437 0.6460
vn -0.7729 0.2271 0.5925
vn -0.6546 0.2259 0.7214
vn -0.6347 0.2878 0.7172
vn -0.6329 0.2646 0.7276
vn -0.6531 0.2431 0.7172
vn -0.2319 0.7973 0.5573
vn 0.0134 0.8914 0.4530
vn -0.0066 0.6682 0.7440
vn -0.3856 0.5864 0.7123
vn -0.5827 0.3064 0.7527
vn -0.3834 0.3684 0.8469
vn -0.6291 0.2073 0.7492
vn -0.6609 0.2185 0.7180
vn -0.0630 0.8963 0.4390
vn -0.4327 0.6763 0.5961
vn -0.1252 0.2288 0.9654
vn 0.0383 0.5345 0.8443
vn -0.1140 0.3265 0.9383
vn -0.0878 0.1695 0.9816
vn -0.2650 0.2498 0.9313
vn -0.4542 0.2451 0.8565
vn -0.5032 0.3867 0.7728
vn -0.2209 0.1489 0.9639
vn -0.4063 0.3432 0.8468
vn -0.1790 0.2225 0.9583
vn -0.1313 0.1628 0.9779
vn -0.1407 0.2688 0.9529
vn -0.0932 0.4307 0.8977
vn -0.1706 0.2823 0.9440
vn -0.3216 0.3558 0.8775
vn -0.1515 0.2869 0.9459
vn -0.2987 0.3890 0.8715
vn -0.1704 0.4261 0.8885
vn -0.0976 0.5471 0.8313
vn -0.1483 0.4456 0.8829
vn -0.1470 0.5755 0.8045
vn -0.1184 0.5558 0.8228
vn -0.3372 0.4028 0.8509
vn -0.3540 0.4630 0.8126
vn -0.2775 0.5329 0.7994
vn -0.2565 0.4695 0.8449
vn -0.2066 0.5269 0.8244
vn -0.2182 0.5544 0.8032
vn -0.1523 0.5374 0.8295
vn -0.1554 0.5100 0.8460
vn -0.2505 0.6624 0.7060
vn 0.0941 0.9433 0.3184
vn 0.0657 0.9340 0.3512
vn -0.2319 0.6635 0.7114
vn -0.1637 0.6647 0.7289
vn 0.1255 0.9216 0.3672
vn 0.2203 0.9117 0.3469
vn -0.0817 0.6653 0.7421
vn 0.2990 0.9520 -0.0659
vn 0.2302 0.9651 -0.1251
vn 0.3668 0.8882 -0.2765
vn 0.3641 0.9196 -0.1475
vn 0.4231 0.8894 -0.1733
vn 0.4668 0.8180 -0.3361
vn 0.5346 0.7790 -0.3277
vn 0.4841 0.8562 -0.1806
vn 0.4415 0.7973 -0.4116
vn 0.5624 0.7187 -0.4089
vn 0.2998 0.9041 -0.3046
vn 0.4410 0.6396 -0.6296
vn 0.5197 0.5792 -0.6281
vn 0.6522 0.5117 -0.5592
vn 0.6035 0.6031 -0.5216
vn 0.5055 0.1719 -0.8455
vn 0.4874 0.3343 -0.8067
vn 0.3102 0.9080 -0.2816
vn 0.4030 0.5702 -0.7158
vn 0.1771 0.9676 -0.1797
vn 0.2581 0.8072 0.5308
vn 0.3107 0.8779 0.3643
vn 0.0349 0.9925 0.1172
vn 0.1085 0.7326 -0.6720
vn 0.3285 0.1610 -0.9307
vn 0.4833 0.7617 -0.4316
vn -0.1121 0.9769 0.1820
vn 0.4698 0.7607 -0.4479
vn -0.0371 0.9975 -0.0600
vn 0.4948 0.6498 -0.5771
vn 0.1022 0.9948 -0.0043
vn 0.0557 0.9940 -0.0940
vn 0.6391 0.5681 -0.5185
vn 0.5500 0.5963 -0.5847
vn 0.5180 0.0324 -0.8548
vn 0.5734 0.2889 -0.7666
vn 0.6203 0.3709 -0.6911
vn 0.7025 0.3550 -0.6169
vn -0.1952 -0.0503 -0.9795
vn 0.1431 0.1688 -0.9752
vn -0.1622 0.1231 -0.9791
vn -0.0822 0.0433 -0.9957
vn -0.1397 -0.2550 -0.9568
vn 0.0260 0.0739 -0.9969
vn -0.5765 -0.0359 -0.8163
vn -0.8922 -0.2203 -0.3943
vn -0.7527 -0.2523 -0.6081
vn -0.5150 0.1374 -0.8461
vn 0.1924 0.2560 -0.9473
vn 0.0094 0.2683 -0.9633
vn -0.1932 -0.0520 -0.9798
vn 0.1544 0.1842 -0.9707
vn -0.1056 -0.0422 -0.9935
vn 0.2248 0.1927 -0.9552
vn -0.0409 -0.0677 -0.9969
vn 0.2940 0.1462 -0.9446
vn -0.0132 -0.1438 -0.9895
vn 0.3413 0.0822 -0.9364
vn 0.2878 0.2888 -0.9131
vn 0.0994 0.2215 -0.9701
vn 0.3180 0.2878 -0.9034
vn 0.2906 0.3697 -0.8825
vn 0.4108 0.2456 -0.8780
vn 0.4630 0.2020 -0.8630
vn 0.6169 0.3129 -0.7221
vn 0.4299 0.3471 -0.8335
vn -0.1717 0.2401 -0.9554
vn -0.2033 0.1794 -0.9625
vn -0.0614 0.2234 -0.9728
vn -0.1147 0.3388 -0.9339
vn 0.3188 -0.0106 -0.9478
vn 0.2889 0.2506 -0.9240
vn 0.3150 0.1085 -0.9429
vn 0.2980 0.5197 -0.8007
vn -0.1215 0.1843 -0.9753
vn 0.0747 0.1933 -0.9783
vn 0.0656 -0.0817 -0.9945
vn -0.0202 0.0936 -0.9954
vn 0.2401 0.0492 -0.9695
vn 0.1300 -0.2370 -0.9628
vn 0.2994 -0.0255 -0.9538
vn 0.1919 -0.1490 -0.9700
vn 0.1880 0.0511 -0.9808
vn 0.2477 0.4825 -0.8402
vn 0.2751 0.7536 -0.5970
vn 0.2406 0.7426 -0.6250
vn 0.2479 0.6584 -0.7107
vn 0.2753 0.6835 -0.6761
vn 0.2708 0.6808 -0.6805
vn 0.2065 0.6956 -0.6881
vn 0.2100 0.1783 -0.9613
vn 0.2234 0.3780 -0.8984
vn 0.1887 0.2281 -0.9552
vn -0.7531 0.3238 0.5728
vn -0.7970 0.3218 0.5111
vn -0.7448 0.4061 0.5295
vn -0.6846 0.4550 0.5695
vn -0.8031 0.2746 0.5288
vn -0.8190 0.2890 0.4957
vn -0.7785 0.5339 0.3299
vn -0.6883 0.7026 0.1806
vn -0.6926 0.6581 0.2952
vn -0.7523 0.5129 0.4135
vn -0.7719 0.5536 0.3126
vn -0.6660 0.7356 0.1236
vn -0.5745 0.8091 0.1237
vn -0.5652 0.8248 0.0116
vn -0.3462 0.9117 -0.2214
vn -0.3366 0.9415 -0.0152
vn -0.4381 0.8686 0.2314
vn -0.6397 0.7005 0.3162
vn -0.2938 0.9275 -0.2313
vn -0.5232 0.8516 0.0317
vn -0.6387 0.7533 0.1566
vn -0.6568 0.7439 0.1232
vn -0.5207 0.8537 0.0003
vn -0.2689 0.9299 -0.2510
vn -0.7286 0.6848 0.0164
vn -0.5841 0.8069 -0.0885
vn -0.3413 0.8926 -0.2944
vn -0.1085 0.9936 -0.0323
vn -0.0472 0.9486 -0.3129
vn 0.1887 0.9570 -0.2202
vn 0.0957 0.9922 -0.0802
vn -0.0603 0.9957 -0.0709
vn -0.2137 0.9726 0.0916
vn -0.0150 0.9013 -0.4329
vn 0.0348 0.8837 -0.4667
vn 0.3154 0.8640 -0.3924
vn 0.2410 0.9082 -0.3422
vn 0.0252 0.8608 -0.5083
vn 0.3842 0.8199 -0.4244
vn 0.4448 0.8763 -0.1850
vn 0.4584 0.8591 -0.2278
vn 0.5223 0.8284 -0.2021
vn 0.5372 0.8207 -0.1944
vn 0.0584 0.9444 -0.3235
vn 0.4487 0.8320 -0.3263
vn 0.4057 0.8180 -0.4078
vn 0.3429 0.7021 -0.6241
vn 0.3628 0.7771 -0.5142
vn 0.4626 0.8159 -0.3469
vn 0.3974 0.7870 -0.4720
vn 0.5221 0.7476 -0.4105
vn 0.5426 0.7486 -0.3810
vn 0.4330 0.8661 -0.2499
vn 0.4172 0.8784 -0.2332
vn 0.4686 0.8189 -0.3314
vn 0.3791 0.8847 -0.2713
vn 0.4793 0.8421 -0.2474
vn 0.2763 0.7267 -0.6289
vn 0.2406 0.7035 -0.6687
vn 0.2922 0.6115 -0.7353
vn 0.3301 0.6864 -0.6479
vn 0.3635 0.7378 -0.5688
vn 0.3558 0.7607 -0.5428
vn 0.3996 0.6870 -0.6069
vn 0.4257 0.7573 -0.4952
vn 0.3402 0.5692 -0.7485
vn 0.3155 0.0717 -0.9462
vn 0.4684 0.1978 -0.8611
vn 0.3895 0.2892 -0.8744
vn 0.2837 0.3505 -0.8925
vn 0.2179 0.4865 -0.8461
vn 0.3477 0.4773 -0.8071
vn 0.3341 0.5021 -0.7977
vn 0.1923 0.6006 -0.7761
vn 0.2194 0.4691 -0.8555
vn 0.3567 0.3063 -0.8826
vn -0.4203 -0.7648 -0.4884
vn -0.4164 -0.7234 -0.5508
vn -0.1002 -0.2656 -0.9589
vn 0.1316 -0.1554 -0.9791
vn 0.1979 0.5532 -0.8092
vn 0.4349 0.3606 -0.8251
vn -0.0780 0.4979 -0.8637
vn -0.1024 0.7314 -0.6742
vn 0.2672 0.9057 -0.3291
vn 0.6232 0.4703 -0.6249
vn -0.0325 0.3270 -0.9445
vn 0.0118 0.6027 -0.7979
vn 0.2127 0.3134 -0.9255
vn 0.2889 0.2533 -0.9232
vn 0.1217 0.3874 -0.9138
vn 0.1077 0.4133 -0.9042
vn 0.1630 0.2835 -0.9450
vn 0.3117 0.2998 -0.9016
vn 0.4066 0.2856 -0.8678
vn 0.4792 0.3198 -0.8174
vn 0.4080 0.3530 -0.8420
vn 0.1352 -0.1864 -0.9731
vn 0.0044 -0.1429 -0.9897
vn 0.3807 0.3451 -0.8579
vn 0.4335 0.2462 -0.8669
vn 0.2733 0.3153 -0.9088
vn 0.2568 0.2346 -0.9375
vn 0.2831 0.3252 -0.9023
vn 0.0357 0.0461 -0.9983
vn 0.0300 0.1502 -0.9882
vn 0.0320 0.3216 -0.9463
vn 0.0992 0.0608 -0.9932
vn 0.1828 0.1383 -0.9734
vn 0.4292 0.1998 -0.8808
vn 0.2327 -0.2010 -0.9516
vn 0.0290 0.2902 -0.9565
vn -0.0025 0.4473 -0.8944
vn 0.0143 0.4292 -0.9031
vn -0.0147 0.4855 -0.8741
vn 0.1200 0.1011 -0.9876
vn 0.1045 0.3668 -0.9244
vn 0.5241 0.7763 -0.3504
vn 0.6343 0.6708 -0.3842
vn 0.7510 0.5615 -0.3475
vn 0.7137 0.6514 -0.2575
vn 0.1310 0.8678 -0.4793
vn 0.1439 0.8043 -0.5765
vn 0.3738 0.8269 -0.4201
vn 0.5648 0.6711 -0.4803
vn 0.0811 0.3935 -0.9157
vn 0.0715 0.3700 -0.9263
vn 0.2939 0.7734 -0.5617
vn 0.1919 0.7755 -0.6014
vn 0.5109 0.5897 -0.6255
vn 0.7987 0.2650 -0.5402
vn 0.9076 0.2082 -0.3646
vn 0.6743 0.4282 -0.6016
vn 0.5305 0.5554 -0.6404
vn 0.4814 0.5474 -0.6845
vn 0.9456 0.2800 -0.1655
vn 0.0672 0.6102 -0.7894
vn 0.1557 0.3992 -0.9035
vn 0.1101 0.5608 -0.8206
vn 0.2249 0.5037 -0.8341
vn 0.1603 0.7241 -0.6708
vn 0.1498 0.6450 -0.7493
vn 0.4868 0.4128 -0.7698
vn 0.1077 0.4659 -0.8782
vn 0.1071 0.6327 -0.7670
vn 0.2859 0.1168 -0.9511
vn 0.2494 0.4763 -0.8432
vn 0.2365 0.1391 -0.9616
vn 0.1822 0.7453 -0.6414
vn 0.1438 0.7255 -0.6731
vn 0.1355 0.2506 -0.9586
vn -0.0334 0.7626 -0.6460
vn 0.4075 0.9131 0.0155
vn 0.2829 0.8581 -0.4286
vn 0.3483 0.7936 -0.4990
vn 0.3529 0.8848 -0.3043
vn 0.5315 0.7426 -0.4075
vn 0.4972 0.7387 -0.4551
vn 0.6254 0.6617 -0.4136
vn 0.5048 0.7568 -0.4152
vn 0.6825 0.7304 -0.0260
vn 0.6310 0.5980 -0.4942
vn 0.6563 0.5627 -0.5027
vn 0.6033 0.6351 -0.4823
vn 0.4819 0.8106 -0.3329
vn 0.5449 0.6820 -0.4879
vn 0.4023 0.8638 -0.3032
vn 0.4097 0.8992 -0.1536
vn 0.3765 0.8858 -0.2715
vn 0.4085 0.7637 -0.4999
vn 0.5796 0.6018 -0.5494
vn 0.4676 0.6101 -0.6396
vn 0.3118 0.8376 -0.4485
vn 0.4036 0.8976 -0.1772
vn 0.4117 0.9105 -0.0392
vn 0.3468 0.9338 -0.0877
vn 0.2210 0.9571 -0.1874
vn 0.2932 0.8831 -0.3663
vn 0.5025 0.7389 -0.4488
vn -0.9380 -0.3326 0.0979
vn -0.7245 -0.2136 0.6553
vn -0.9127 -0.3628 -0.1881
vn -0.7915 -0.3500 -0.5010
vn -0.7223 -0.6084 -0.3288
vn -0.8554 -0.4723 0.2128
vn -0.3074 -0.7243 -0.6172
vn -0.5505 -0.6691 -0.4993
vn -0.5516 -0.3834 -0.7408
vn -0.2517 -0.4852 -0.8374
vn -0.0961 -0.7407 -0.6649
vn -0.1967 -0.5470 -0.8137
vn -0.2847 -0.4363 -0.8536
vn 0.1674 0.0833 -0.9824
vn 0.0865 0.0996 -0.9913
vn -0.2890 -0.4144 -0.8630
vn -0.2029 -0.4785 -0.8544
vn -0.1429 -0.4947 -0.8572
vn 0.1886 0.0082 -0.9820
vn 0.1779 0.0418 -0.9832
vn 0.1858 0.0311 -0.9821
vn 0.1145 -0.1351 -0.9842
vn -0.1058 -0.2955 -0.9495
vn -0.5460 -0.3297 -0.7702
vn -0.7518 -0.5415 -0.3763
vn -0.5057 -0.1480 -0.8499
vn -0.5929 -0.2377 -0.7694
vn -0.7706 -0.3062 0.5590
vn -0.5396 -0.4685 -0.6995
vn -0.3734 -0.0771 -0.9245
vn -0.2593 0.1292 -0.9571
vn -0.1571 0.2852 -0.9455
vn -0.8702 -0.2585 -0.4195
vn -0.1133 0.1477 -0.9825
vn -0.0149 0.2562 -0.9665
vn -0.5983 0.0013 0.8012
vn -0.0721 0.1813 -0.9808
vn 0.0228 0.2863 -0.9579
vn -0.0680 0.2159 -0.9740
vn 0.0414 0.3341 -0.9416
vn 0.2198 0.5346 -0.8160
vn 0.1033 0.5652 -0.8185
vn 0.1425 0.5452 -0.8261
vn 0.0677 0.4622 -0.8842
vn 0.5744 0.7377 -0.3547
vn 0.5734 0.7355 -0.3609
vn 0.6471 0.7165 -0.2605
vn 0.6190 0.7509 -0.2303
vn 0.5444 0.7380 -0.3986
vn 0.5250 0.7545 -0.3938
vn 0.6232 0.6972 -0.3543
vn 0.6287 0.7109 -0.3152
vn 0.5631 0.7494 -0.3482
vn 0.3703 0.8816 -0.2928
vn 0.5013 0.7685 -0.3977
vn 0.1957 0.9213 -0.3360
vn 0.4312 0.8376 -0.3354
vn 0.4825 0.7938 -0.3703
vn 0.5344 0.7433 -0.4025
vn 0.5217 0.7863 -0.3311
vn 0.1498 0.5324 -0.8332
vn 0.2023 0.6346 -0.7459
vn 0.2683 0.7287 -0.6301
vn 0.3586 0.7831 -0.5082
vn 0.5717 0.7352 -0.3642
vn 0.5945 0.7150 -0.3680
vn 0.5130 0.7723 -0.3746
vn 0.5459 0.7285 -0.4138
vn 0.2967 0.6590 -0.6912
vn 0.3129 0.7476 -0.5858
vn 0.3625 0.8263 -0.4311
vn 0.2074 0.8557 -0.4741
vn 0.0293 0.6688 -0.7429
vn -0.0776 0.7664 -0.6376
vn -0.0159 0.8258 -0.5638
vn -0.7798 0.5214 0.3465
vn -0.7532 0.5542 0.3544
vn -0.8044 0.3261 0.4965
vn -0.7833 0.4793 0.3958
vn -0.0189 0.3450 -0.9384
vn 0.0301 0.3567 -0.9337
vn 0.0447 0.3901 -0.9197
vn 0.0835 0.3915 -0.9164
vn -0.1024 0.4580 -0.8830
vn -0.5486 0.5823 -0.5999
vn 0.0410 0.4350 -0.8995
vn -0.6563 0.7351 -0.1699
vn -0.8463 0.4956 0.1955
vn -0.8561 0.4661 0.2232
vn -0.6684 0.6594 -0.3440
vn -0.3146 0.4530 -0.8342
vn -0.6810 0.4714 0.5603
vn -0.8491 0.2359 0.4727
vn -0.7403 0.4947 0.4552
vn -0.5273 0.6085 0.5930
vn -0.4515 0.6652 0.5947
vn -0.5726 0.5921 0.5670
vn -0.3307 0.7322 0.5954
vn 0.3680 0.8118 0.4534
vn -0.9374 -0.0078 0.3482
vn -0.8073 -0.3526 0.4733
vn -0.7136 -0.7001 -0.0252
vn -0.2083 -0.9333 -0.2924
vn -0.2198 -0.9281 -0.3006
vn -0.7342 -0.6649 -0.1370
vn 0.8963 0.4434 -0.0104
vn 0.9651 0.2607 0.0248
vn 0.9409 0.3287 -0.0819
vn 0.9707 0.1292 -0.2028
vn 0.8743 0.4846 0.0287
vn 0.9366 0.3434 -0.0699
vn 0.8664 0.4940 0.0725
vn 0.9471 -0.0687 -0.3136
vn 0.6163 -0.3360 -0.7122
vn 0.3497 -0.8215 -0.4504
vn 0.3483 -0.8618 -0.3688
vn -0.5647 0.8140 0.1359
vn -0.5717 0.8057 0.1553
vn -0.2276 0.8999 0.3719
vn 0.3351 0.7758 0.5346
vn -0.7855 0.5460 0.2912
vn -0.9159 0.2483 -0.3153
vn -0.7481 -0.6063 -0.2699
vn -0.8992 -0.3841 -0.2097
vn -0.2399 -0.9062 -0.3482
vn -0.9598 -0.2281 -0.1636
vn 0.9038 0.2065 0.3748
vn 0.9267 0.1393 0.3491
vn 0.7636 0.4312 0.4807
vn 0.9700 0.1851 0.1574
vn 0.9325 -0.3156 0.1757
vn 0.3433 -0.8820 -0.3229
vn 0.6112 -0.7454 -0.2661
vn 0.7739 -0.5990 -0.2055
vn -0.3270 0.9310 -0.1622
vn -0.2508 0.9526 -0.1723
vn -0.0964 0.9942 0.0486
vn -0.1682 0.9841 0.0564
vn 0.0999 0.9515 0.2911
vn 0.0465 0.9504 0.3077
vn 0.3156 0.7984 0.5128
vn 0.2911 0.7914 0.5376
vn -0.6817 0.6659 -0.3031
vn -0.6038 0.3719 -0.7051
vn -0.4935 0.4553 -0.7410
vn -0.5238 -0.4690 -0.7111
vn -0.2916 -0.8677 -0.4025
vn -0.7736 -0.0477 -0.6318
vn 0.6302 0.2893 0.7205
vn 0.6207 0.3036 0.7229
vn 0.6772 0.0855 0.7308
vn 0.6961 0.0969 0.7114
vn 0.4989 0.5397 0.6782
vn 0.5016 0.5583 0.6608
vn 0.8591 -0.0343 0.5107
vn 0.6465 -0.4868 0.5875
vn 0.5699 -0.5607 0.6007
vn 0.0845 -0.9963 0.0178
vn 0.5999 -0.7890 0.1325
vn -0.3848 0.5562 -0.7366
vn -0.4232 0.3625 -0.8304
vn -0.4666 0.1414 -0.8731
vn 0.3096 0.8037 0.5081
vn 0.1261 0.9487 0.2900
vn -0.0452 0.9976 0.0533
vn -0.1292 0.9043 -0.4068
vn -0.1848 0.9689 -0.1644
vn -0.4254 -0.4225 -0.8003
vn -0.3459 -0.7683 -0.5386
vn 0.5138 -0.6444 0.5664
vn 0.4059 -0.7730 0.4876
vn 0.2714 -0.8867 0.3744
vn 0.4732 0.5786 0.6643
vn 0.5899 0.3222 0.7404
vn 0.4152 -0.2757 0.8669
vn 0.6524 0.0811 0.7535
vn -0.1696 -0.9700 -0.1740
vn -0.0404 -0.4058 0.9130
vn -0.0990 -0.3888 0.9160
vn 0.2548 -0.5525 0.7936
vn 0.3190 0.8741 -0.3664
vn 0.2546 0.7902 -0.5575
vn 0.2391 0.8003 -0.5498
vn 0.3962 0.7885 -0.4705
vn 0.4079 0.9128 -0.0206
vn 0.5189 0.8172 -0.2509
vn 0.3962 0.9169 -0.0490
vn 0.3488 0.8898 0.2944
vn 0.1734 0.2283 0.9580
vn 0.0519 0.0739 0.9959
vn 0.1429 -0.1054 0.9841
vn -0.1648 -0.2087 0.9640
vn -0.0173 -0.4854 0.8741
vn -0.3014 -0.5233 0.7971
vn -0.2220 0.2431 0.9442
vn -0.1403 0.0700 0.9876
vn -0.7123 0.1801 0.6783
vn -0.9523 -0.1201 0.2807
vn -0.5663 0.0148 0.8241
vn -0.9073 -0.2324 0.3504
vn -0.8416 -0.2187 0.4939
vn -0.5272 0.1584 0.8348
vn -0.8135 -0.3655 0.4523
vn -0.9323 -0.2248 0.2832
vn -0.9273 -0.1079 0.3585
vn -0.9716 0.0662 0.2272
vn -0.9806 0.0560 0.1879
vn -0.9731 -0.0571 0.2232
vn -0.4031 -0.7800 0.4787
vn -0.4277 -0.6650 0.6122
vn -0.4643 -0.6442 0.6078
vn 0.5049 0.7569 0.4148
vn 0.5356 0.7478 0.3925
vn 0.5108 0.8388 -0.1884
vn 0.4568 0.8895 0.0146
vn 0.4345 0.8927 -0.1197
vn 0.6815 0.7315 0.0213
vn 0.2379 0.1879 -0.9529
vn 0.4233 0.2249 -0.8776
vn 0.5836 0.2729 -0.7648
vn 0.4603 -0.0019 -0.8878
vn -0.2517 -0.5918 -0.7658
vn -0.2943 -0.6214 -0.7261
vn -0.2119 -0.6391 -0.7393
vn -0.3605 -0.6714 -0.6475
vn -0.3100 -0.6173 -0.7231
vn 0.1785 0.7433 -0.6448
vn 0.6087 0.6614 -0.4382
vn -0.1047 0.2821 -0.9537
vn 0.8889 0.1316 -0.4388
vn 0.8385 -0.2544 -0.4819
vn 0.7432 0.6657 0.0676
vn 0.9568 0.1333 -0.2584
vn 0.5613 0.8274 0.0179
vn 0.3302 0.9044 0.2701
vn 0.6887 0.7245 -0.0284
vn 0.6951 0.6814 0.2294
vn -0.4415 -0.6600 -0.6079
vn -0.4820 -0.6625 -0.5734
vn -0.5063 -0.6479 -0.5691
vn -0.4514 -0.6638 -0.5964
vn 0.0303 -0.5786 -0.8151
vn 0.2841 -0.2074 -0.9361
vn 0.3653 0.1567 -0.9176
vn 0.4767 -0.3124 -0.8217
vn 0.2739 -0.5516 -0.7879
vn 0.1624 0.2022 -0.9658
vn 0.1616 -0.1171 -0.9799
vn 0.2325 0.0115 -0.9725
vn 0.2839 0.2970 -0.9117
vn 0.3681 0.0359 -0.9291
vn 0.4386 0.3378 -0.8328
vn -0.0080 -0.4057 -0.9140
vn -0.0584 -0.3806 -0.9229
vn 0.0026 -0.4631 -0.8863
vn -0.2186 -0.5094 -0.8323
vn -0.1122 -0.0822 -0.9903
vn -0.1212 -0.2430 -0.9624
vn -0.2485 -0.4895 -0.8358
vn -0.6369 0.1000 -0.7644
vn -0.9576 -0.0541 -0.2829
vn -0.3594 0.3093 -0.8804
vn -0.9335 0.0635 -0.3528
vn -0.7104 -0.3989 -0.5799
vn -0.9184 -0.2156 -0.3319
vn 0.1016 0.4875 -0.8672
vn -0.6000 0.5710 -0.5603
vn 0.6977 0.5866 -0.4111
vn 0.6996 0.6851 -0.2029
vn 0.2004 0.9153 0.3494
vn 0.8272 0.4950 -0.2660
vn 0.7107 0.5866 -0.3883
# 6420 vertex normals

vt 0.0000 0.0000 0.0000
# 1 texture coords

o cuerpoDragon
g cuerpoDragon
usemtl 09___Default
s 1
f 1/1/1 2/1/2 3/1/3 
f 3/1/3 4/1/4 1/1/1 
f 4/1/4 5/1/5 6/1/6 
f 6/1/6 1/1/1 4/1/4 
f 1/1/1 6/1/6 7/1/7 
f 7/1/7 8/1/8 1/1/1 
f 8/1/8 9/1/9 2/1/2 
f 2/1/2 1/1/1 8/1/8 
f 10/1/10 6/1/6 5/1/5 
f 5/1/5 11/1/11 10/1/10 
f 11/1/11 12/1/12 13/1/13 
f 13/1/13 10/1/10 11/1/11 
f 10/1/10 13/1/13 14/1/14 
f 14/1/14 15/1/15 10/1/10 
f 15/1/15 7/1/7 6/1/6 
f 6/1/6 10/1/10 15/1/15 
f 16/1/16 13/1/13 12/1/12 
f 12/1/12 17/1/17 16/1/16 
f 17/1/17 18/1/18 19/1/19 
f 19/1/19 16/1/16 17/1/17 
f 16/1/16 19/1/19 20/1/20 
f 20/1/20 21/1/21 16/1/16 
f 21/1/21 14/1/14 13/1/13 
f 13/1/13 16/1/16 21/1/21 
f 22/1/22 23/1/23 24/1/24 
f 24/1/24 25/1/25 22/1/22 
f 25/1/25 26/1/26 27/1/27 
f 27/1/27 22/1/22 25/1/25 
f 22/1/22 27/1/27 5/1/5 
f 5/1/5 4/1/4 22/1/22 
f 4/1/4 3/1/3 23/1/23 
f 23/1/23 22/1/22 4/1/4 
f 28/1/28 27/1/27 26/1/26 
f 26/1/26 29/1/29 28/1/28 
f 29/1/29 30/1/30 31/1/31 
f 31/1/31 28/1/28 29/1/29 
f 28/1/28 31/1/31 12/1/12 
f 12/1/12 11/1/11 28/1/28 
f 11/1/11 5/1/5 27/1/27 
f 27/1/27 28/1/28 11/1/11 
f 32/1/32 31/1/31 30/1/30 
f 30/1/30 33/1/33 32/1/32 
f 33/1/33 34/1/34 35/1/35 
f 35/1/35 32/1/32 33/1/33 
f 32/1/32 35/1/35 18/1/18 
f 18/1/18 17/1/17 32/1/32 
f 17/1/17 12/1/12 31/1/31 
f 31/1/31 32/1/32 17/1/17 
f 36/1/36 37/1/37 38/1/38 
f 38/1/38 39/1/39 36/1/36 
f 36/1/36 39/1/39 40/1/40 
f 40/1/40 41/1/41 36/1/36 
f 41/1/41 42/1/42 37/1/37 
f 37/1/37 36/1/36 41/1/41 
f 43/1/43 23/1/23 3/1/3 
f 3/1/3 44/1/44 43/1/43 
f 44/1/44 38/1/38 37/1/37 
f 37/1/37 43/1/43 44/1/44 
f 43/1/43 37/1/37 42/1/42 
f 42/1/42 45/1/45 43/1/43 
f 45/1/45 24/1/24 23/1/23 
f 23/1/23 43/1/43 45/1/45 
f 39/1/39 38/1/38 46/1/46 
f 46/1/46 47/1/47 39/1/39 
f 46/1/46 48/1/48 49/1/49 
f 49/1/49 47/1/47 46/1/46 
f 47/1/47 49/1/49 50/1/50 
f 50/1/50 51/1/51 47/1/47 
f 51/1/51 40/1/40 39/1/39 
f 39/1/39 47/1/47 51/1/51 
f 52/1/52 46/1/46 38/1/38 
f 38/1/38 44/1/44 52/1/52 
f 44/1/44 3/1/3 2/1/2 
f 2/1/2 52/1/52 44/1/44 
f 52/1/52 2/1/2 9/1/9 
f 9/1/9 53/1/53 52/1/52 
f 53/1/53 48/1/48 46/1/46 
f 46/1/46 52/1/52 53/1/53 
f 54/1/54 55/1/55 56/1/56 
f 56/1/56 57/1/57 54/1/54 
f 57/1/57 58/1/58 59/1/59 
f 54/1/54 59/1/59 34/1/34 
f 34/1/34 33/1/33 54/1/54 
f 33/1/33 30/1/30 55/1/55 
f 55/1/55 54/1/54 33/1/33 
f 60/1/60 61/1/61 58/1/58 
f 58/1/58 57/1/57 60/1/60 
f 57/1/57 56/1/56 62/1/62 
f 62/1/62 60/1/60 57/1/57 
f 60/1/60 62/1/62 63/1/63 
f 63/1/63 64/1/64 60/1/60 
f 64/1/64 65/1/65 61/1/61 
f 61/1/61 60/1/60 64/1/64 
f 66/1/66 67/1/67 68/1/68 
f 69/1/69 56/1/56 55/1/55 
f 55/1/55 66/1/66 69/1/69 
f 66/1/66 55/1/55 30/1/30 
f 30/1/30 29/1/29 66/1/66 
f 29/1/29 26/1/26 67/1/67 
f 67/1/67 66/1/66 29/1/29 
f 70/1/70 62/1/62 56/1/56 
f 56/1/56 69/1/69 70/1/70 
f 69/1/69 68/1/68 71/1/71 
f 71/1/71 70/1/70 69/1/69 
f 70/1/70 71/1/71 72/1/72 
f 72/1/72 73/1/73 70/1/70 
f 73/1/73 63/1/63 62/1/62 
f 62/1/62 70/1/70 73/1/73 
f 74/1/74 75/1/75 76/1/76 
f 76/1/76 77/1/77 74/1/74 
f 77/1/77 68/1/68 67/1/67 
f 67/1/67 74/1/74 77/1/77 
f 74/1/74 67/1/67 26/1/26 
f 25/1/25 24/1/24 75/1/75 
f 75/1/75 74/1/74 25/1/25 
f 78/1/78 71/1/71 68/1/68 
f 68/1/68 77/1/77 78/1/78 
f 77/1/77 76/1/76 79/1/79 
f 79/1/79 78/1/78 77/1/77 
f 78/1/78 79/1/79 80/1/80 
f 80/1/80 81/1/81 78/1/78 
f 81/1/81 72/1/72 71/1/71 
f 82/1/82 83/1/83 84/1/84 
f 84/1/84 85/1/85 82/1/82 
f 85/1/85 76/1/76 75/1/75 
f 75/1/75 82/1/82 85/1/85 
f 82/1/82 75/1/75 24/1/24 
f 24/1/24 45/1/45 82/1/82 
f 45/1/45 42/1/42 83/1/83 
f 83/1/83 82/1/82 45/1/45 
f 86/1/86 87/1/87 88/1/88 
f 88/1/88 89/1/89 86/1/86 
f 89/1/89 84/1/84 83/1/83 
f 83/1/83 86/1/86 89/1/89 
f 86/1/86 83/1/83 42/1/42 
f 42/1/42 90/1/90 86/1/86 
f 90/1/90 91/1/91 87/1/87 
f 87/1/87 86/1/86 90/1/90 
f 92/1/92 79/1/79 76/1/76 
f 76/1/76 85/1/85 92/1/92 
f 85/1/85 84/1/84 93/1/93 
f 93/1/93 92/1/92 85/1/85 
f 92/1/92 93/1/93 94/1/94 
f 94/1/94 95/1/95 92/1/92 
f 95/1/95 80/1/80 79/1/79 
f 79/1/79 92/1/92 95/1/95 
f 96/1/96 97/1/97 98/1/98 
f 98/1/98 99/1/99 96/1/96 
f 99/1/99 94/1/94 93/1/93 
f 93/1/93 96/1/96 99/1/99 
f 96/1/96 93/1/93 84/1/84 
f 84/1/84 89/1/89 96/1/96 
f 89/1/89 88/1/88 97/1/97 
f 97/1/97 96/1/96 89/1/89 
f 100/1/100 41/1/41 40/1/40 
f 40/1/40 101/1/101 100/1/100 
f 101/1/101 102/1/102 103/1/103 
f 100/1/100 103/1/103 91/1/91 
f 91/1/91 90/1/90 100/1/100 
f 90/1/90 42/1/42 41/1/41 
f 41/1/41 100/1/100 90/1/90 
f 104/1/104 91/1/91 103/1/103 
f 103/1/103 105/1/105 104/1/104 
f 105/1/105 103/1/103 102/1/102 
f 102/1/102 106/1/106 105/1/105 
f 105/1/105 107/1/107 108/1/108 
f 109/1/109 108/1/108 107/1/107 
f 107/1/107 110/1/110 109/1/109 
f 111/1/111 51/1/51 50/1/50 
f 50/1/50 112/1/112 111/1/111 
f 101/1/101 40/1/40 51/1/51 
f 113/1/113 112/1/112 50/1/50 
f 50/1/50 114/1/114 113/1/113 
f 115/1/115 49/1/49 48/1/48 
f 48/1/48 116/1/116 115/1/115 
f 114/1/114 50/1/50 49/1/49 
f 49/1/49 115/1/115 114/1/114 
f 117/1/117 116/1/116 48/1/48 
f 48/1/48 53/1/53 117/1/117 
f 53/1/53 9/1/9 118/1/118 
f 118/1/118 117/1/117 53/1/53 
f 118/1/118 119/1/119 120/1/120 
f 120/1/120 117/1/117 118/1/118 
f 117/1/117 120/1/120 121/1/121 
f 121/1/121 116/1/116 117/1/117 
f 122/1/122 120/1/120 119/1/119 
f 119/1/119 123/1/123 122/1/122 
f 123/1/123 124/1/124 125/1/125 
f 125/1/125 122/1/122 123/1/123 
f 126/1/126 118/1/118 9/1/9 
f 9/1/9 8/1/8 126/1/126 
f 8/1/8 7/1/7 127/1/127 
f 127/1/127 126/1/126 8/1/8 
f 126/1/126 127/1/127 128/1/128 
f 128/1/128 129/1/129 126/1/126 
f 126/1/126 129/1/129 119/1/119 
f 119/1/119 118/1/118 126/1/126 
f 130/1/130 131/1/131 132/1/132 
f 132/1/132 133/1/133 130/1/130 
f 133/1/133 124/1/124 134/1/134 
f 134/1/134 130/1/130 133/1/133 
f 130/1/130 134/1/134 135/1/135 
f 135/1/135 136/1/136 130/1/130 
f 136/1/136 137/1/137 131/1/131 
f 131/1/131 130/1/130 136/1/136 
f 138/1/138 129/1/129 128/1/128 
f 128/1/128 139/1/139 138/1/138 
f 139/1/139 135/1/135 134/1/134 
f 138/1/138 134/1/134 124/1/124 
f 124/1/124 123/1/123 138/1/138 
f 123/1/123 119/1/119 129/1/129 
f 129/1/129 138/1/138 123/1/123 
f 140/1/140 127/1/127 7/1/7 
f 7/1/7 15/1/15 140/1/140 
f 15/1/15 14/1/14 141/1/141 
f 141/1/141 140/1/140 15/1/15 
f 140/1/140 141/1/141 142/1/142 
f 142/1/142 143/1/143 140/1/140 
f 143/1/143 128/1/128 127/1/127 
f 127/1/127 140/1/140 143/1/143 
f 144/1/144 141/1/141 14/1/14 
f 14/1/14 21/1/21 144/1/144 
f 21/1/21 20/1/20 145/1/145 
f 145/1/145 144/1/144 21/1/21 
f 144/1/144 145/1/145 146/1/146 
f 146/1/146 147/1/147 144/1/144 
f 147/1/147 142/1/142 141/1/141 
f 141/1/141 144/1/144 147/1/147 
f 148/1/148 149/1/149 150/1/150 
f 150/1/150 151/1/151 148/1/148 
f 151/1/151 152/1/152 153/1/153 
f 153/1/153 148/1/148 151/1/151 
f 148/1/148 153/1/153 154/1/154 
f 154/1/154 155/1/155 148/1/148 
f 155/1/155 156/1/156 149/1/149 
f 149/1/149 148/1/148 155/1/155 
f 157/1/157 158/1/158 159/1/159 
f 159/1/159 160/1/160 157/1/157 
f 160/1/160 150/1/150 149/1/149 
f 149/1/149 157/1/157 160/1/160 
f 157/1/157 149/1/149 156/1/156 
f 156/1/156 161/1/161 157/1/157 
f 161/1/161 162/1/162 158/1/158 
f 158/1/158 157/1/157 161/1/161 
f 163/1/163 164/1/164 165/1/165 
f 165/1/165 166/1/166 163/1/163 
f 166/1/166 167/1/167 168/1/168 
f 168/1/168 163/1/163 166/1/166 
f 163/1/163 168/1/168 169/1/169 
f 169/1/169 170/1/170 163/1/163 
f 170/1/170 171/1/171 164/1/164 
f 164/1/164 163/1/163 170/1/170 
f 172/1/172 153/1/153 152/1/152 
f 152/1/152 173/1/173 172/1/172 
f 173/1/173 174/1/174 175/1/175 
f 172/1/172 175/1/175 176/1/176 
f 176/1/176 177/1/177 172/1/172 
f 177/1/177 154/1/154 153/1/153 
f 153/1/153 172/1/172 177/1/177 
f 178/1/178 179/1/179 180/1/180 
f 180/1/180 181/1/181 178/1/178 
f 180/1/180 182/1/182 183/1/183 
f 183/1/183 181/1/181 180/1/180 
f 181/1/181 183/1/183 154/1/154 
f 154/1/154 177/1/177 181/1/181 
f 177/1/177 176/1/176 178/1/178 
f 178/1/178 181/1/181 177/1/177 
f 184/1/184 185/1/185 186/1/186 
f 186/1/186 187/1/187 184/1/184 
f 186/1/186 188/1/188 189/1/189 
f 189/1/189 187/1/187 186/1/186 
f 173/1/173 187/1/187 189/1/189 
f 189/1/189 174/1/174 173/1/173 
f 173/1/173 152/1/152 184/1/184 
f 184/1/184 187/1/187 173/1/173 
f 190/1/190 191/1/191 192/1/192 
f 190/1/190 193/1/193 194/1/194 
f 195/1/195 196/1/196 197/1/197 
f 197/1/197 198/1/198 195/1/195 
f 199/1/199 200/1/200 196/1/196 
f 201/1/201 202/1/202 203/1/203 
f 203/1/203 204/1/204 201/1/201 
f 205/1/205 194/1/194 202/1/202 
f 202/1/202 201/1/201 205/1/205 
f 206/1/206 207/1/207 208/1/208 
f 208/1/208 209/1/209 206/1/206 
f 209/1/209 203/1/203 202/1/202 
f 202/1/202 206/1/206 209/1/209 
f 206/1/206 202/1/202 194/1/194 
f 194/1/194 210/1/210 206/1/206 
f 210/1/210 211/1/211 207/1/207 
f 207/1/207 206/1/206 210/1/210 
f 209/1/209 208/1/208 212/1/212 
f 212/1/212 213/1/213 209/1/209 
f 213/1/213 212/1/212 214/1/214 
f 214/1/214 215/1/215 213/1/213 
f 213/1/213 215/1/215 203/1/203 
f 203/1/203 209/1/209 213/1/213 
f 216/1/216 217/1/217 218/1/218 
f 218/1/218 219/1/219 216/1/216 
f 219/1/219 218/1/218 174/1/174 
f 219/1/219 189/1/189 188/1/188 
f 188/1/188 216/1/216 219/1/219 
f 220/1/220 218/1/218 217/1/217 
f 217/1/217 221/1/221 220/1/220 
f 221/1/221 222/1/222 223/1/223 
f 223/1/223 220/1/220 221/1/221 
f 220/1/220 223/1/223 176/1/176 
f 176/1/176 175/1/175 220/1/220 
f 175/1/175 174/1/174 218/1/218 
f 218/1/218 220/1/220 175/1/175 
f 224/1/224 225/1/225 226/1/226 
f 226/1/226 227/1/227 224/1/224 
f 224/1/224 227/1/227 228/1/228 
f 228/1/228 229/1/229 224/1/224 
f 224/1/224 229/1/229 222/1/222 
f 222/1/222 221/1/221 224/1/224 
f 221/1/221 217/1/217 225/1/225 
f 225/1/225 224/1/224 221/1/221 
f 230/1/230 231/1/231 232/1/232 
f 232/1/232 233/1/233 230/1/230 
f 192/1/192 191/1/191 230/1/230 
f 234/1/234 179/1/179 231/1/231 
f 231/1/231 230/1/230 234/1/234 
f 235/1/235 223/1/223 222/1/222 
f 236/1/236 232/1/232 231/1/231 
f 231/1/231 235/1/235 236/1/236 
f 235/1/235 231/1/231 179/1/179 
f 178/1/178 176/1/176 223/1/223 
f 223/1/223 235/1/235 178/1/178 
f 236/1/236 222/1/222 229/1/229 
f 229/1/229 237/1/237 236/1/236 
f 229/1/229 228/1/228 238/1/238 
f 238/1/238 237/1/237 229/1/229 
f 237/1/237 238/1/238 239/1/239 
f 239/1/239 240/1/240 237/1/237 
f 237/1/237 240/1/240 232/1/232 
f 232/1/232 236/1/236 237/1/237 
f 241/1/241 233/1/233 232/1/232 
f 232/1/232 240/1/240 241/1/241 
f 240/1/240 239/1/239 242/1/242 
f 242/1/242 241/1/241 240/1/240 
f 241/1/241 242/1/242 243/1/243 
f 244/1/244 192/1/192 233/1/233 
f 245/1/245 193/1/193 192/1/192 
f 192/1/192 244/1/244 245/1/245 
f 244/1/244 243/1/243 246/1/246 
f 246/1/246 245/1/245 244/1/244 
f 245/1/245 246/1/246 211/1/211 
f 211/1/211 210/1/210 245/1/245 
f 210/1/210 194/1/194 193/1/193 
f 193/1/193 245/1/245 210/1/210 
f 247/1/247 243/1/243 242/1/242 
f 242/1/242 248/1/248 247/1/247 
f 248/1/248 242/1/242 239/1/239 
f 239/1/239 249/1/249 248/1/248 
f 248/1/248 249/1/249 250/1/250 
f 251/1/251 252/1/252 253/1/253 
f 254/1/254 255/1/255 256/1/256 
f 256/1/256 251/1/251 254/1/254 
f 251/1/251 256/1/256 243/1/243 
f 243/1/243 247/1/247 251/1/251 
f 247/1/247 250/1/250 252/1/252 
f 252/1/252 251/1/251 247/1/247 
f 257/1/257 256/1/256 255/1/255 
f 255/1/255 258/1/258 257/1/257 
f 257/1/257 258/1/258 259/1/259 
f 259/1/259 260/1/260 257/1/257 
f 257/1/257 260/1/260 211/1/211 
f 211/1/211 246/1/246 257/1/257 
f 246/1/246 243/1/243 256/1/256 
f 256/1/256 257/1/257 246/1/246 
f 261/1/261 238/1/238 228/1/228 
f 228/1/228 262/1/262 261/1/261 
f 262/1/262 263/1/263 264/1/264 
f 264/1/264 261/1/261 262/1/262 
f 261/1/261 264/1/264 250/1/250 
f 250/1/250 249/1/249 261/1/261 
f 249/1/249 239/1/239 238/1/238 
f 238/1/238 261/1/261 249/1/249 
f 265/1/265 266/1/266 267/1/267 
f 267/1/267 268/1/268 265/1/265 
f 268/1/268 253/1/253 252/1/252 
f 252/1/252 265/1/265 268/1/268 
f 265/1/265 252/1/252 250/1/250 
f 264/1/264 263/1/263 266/1/266 
f 266/1/266 265/1/265 264/1/264 
f 268/1/268 267/1/267 269/1/269 
f 269/1/269 270/1/270 268/1/268 
f 269/1/269 259/1/259 258/1/258 
f 258/1/258 270/1/270 269/1/269 
f 270/1/270 258/1/258 255/1/255 
f 255/1/255 254/1/254 270/1/270 
f 270/1/270 254/1/254 253/1/253 
f 253/1/253 268/1/268 270/1/270 
f 260/1/260 259/1/259 271/1/271 
f 271/1/271 272/1/272 260/1/260 
f 272/1/272 271/1/271 273/1/273 
f 273/1/273 274/1/274 272/1/272 
f 274/1/274 208/1/208 207/1/207 
f 207/1/207 272/1/272 274/1/274 
f 272/1/272 207/1/207 211/1/211 
f 211/1/211 260/1/260 272/1/272 
f 275/1/275 227/1/227 226/1/226 
f 226/1/226 276/1/276 275/1/275 
f 276/1/276 277/1/277 278/1/278 
f 278/1/278 275/1/275 276/1/276 
f 275/1/275 278/1/278 263/1/263 
f 262/1/262 228/1/228 227/1/227 
f 227/1/227 275/1/275 262/1/262 
f 279/1/279 280/1/280 281/1/281 
f 281/1/281 282/1/282 279/1/279 
f 282/1/282 267/1/267 266/1/266 
f 266/1/266 279/1/279 282/1/282 
f 279/1/279 266/1/266 263/1/263 
f 263/1/263 278/1/278 279/1/279 
f 278/1/278 277/1/277 280/1/280 
f 283/1/283 282/1/282 281/1/281 
f 281/1/281 284/1/284 283/1/283 
f 284/1/284 273/1/273 271/1/271 
f 271/1/271 283/1/283 284/1/284 
f 283/1/283 271/1/271 259/1/259 
f 259/1/259 269/1/269 283/1/283 
f 282/1/282 283/1/283 269/1/269 
f 269/1/269 267/1/267 282/1/282 
f 143/1/143 142/1/142 285/1/285 
f 285/1/285 286/1/286 143/1/143 
f 286/1/286 285/1/285 287/1/287 
f 287/1/287 288/1/288 286/1/286 
f 286/1/286 288/1/288 135/1/135 
f 139/1/139 128/1/128 143/1/143 
f 143/1/143 286/1/286 139/1/139 
f 147/1/147 146/1/146 289/1/289 
f 289/1/289 290/1/290 147/1/147 
f 289/1/289 291/1/291 292/1/292 
f 292/1/292 290/1/290 289/1/289 
f 292/1/292 287/1/287 285/1/285 
f 285/1/285 290/1/290 292/1/292 
f 290/1/290 285/1/285 142/1/142 
f 142/1/142 147/1/147 290/1/290 
f 293/1/293 136/1/136 135/1/135 
f 135/1/135 288/1/288 293/1/293 
f 288/1/288 287/1/287 294/1/294 
f 294/1/294 293/1/293 288/1/288 
f 294/1/294 295/1/295 296/1/296 
f 296/1/296 293/1/293 294/1/294 
f 296/1/296 137/1/137 136/1/136 
f 136/1/136 293/1/293 296/1/296 
f 297/1/297 298/1/298 299/1/299 
f 299/1/299 300/1/300 297/1/297 
f 300/1/300 299/1/299 295/1/295 
f 295/1/295 294/1/294 300/1/300 
f 300/1/300 294/1/294 287/1/287 
f 287/1/287 297/1/297 300/1/300 
f 301/1/301 302/1/302 295/1/295 
f 303/1/303 304/1/304 305/1/305 
f 305/1/305 301/1/301 303/1/303 
f 301/1/301 305/1/305 306/1/306 
f 306/1/306 307/1/307 301/1/301 
f 307/1/307 308/1/308 302/1/302 
f 302/1/302 301/1/301 307/1/307 
f 309/1/309 299/1/299 298/1/298 
f 298/1/298 310/1/310 309/1/309 
f 310/1/310 311/1/311 312/1/312 
f 309/1/309 312/1/312 304/1/304 
f 304/1/304 303/1/303 309/1/309 
f 303/1/303 295/1/295 299/1/299 
f 299/1/299 309/1/309 303/1/303 
f 313/1/313 305/1/305 304/1/304 
f 304/1/304 314/1/314 313/1/313 
f 314/1/314 315/1/315 316/1/316 
f 316/1/316 313/1/313 314/1/314 
f 313/1/313 316/1/316 317/1/317 
f 317/1/317 318/1/318 313/1/313 
f 318/1/318 306/1/306 305/1/305 
f 305/1/305 313/1/313 318/1/318 
f 319/1/319 292/1/292 291/1/291 
f 291/1/291 320/1/320 319/1/319 
f 320/1/320 321/1/321 322/1/322 
f 322/1/322 319/1/319 320/1/320 
f 319/1/319 322/1/322 298/1/298 
f 298/1/298 297/1/297 319/1/319 
f 297/1/297 287/1/287 292/1/292 
f 292/1/292 319/1/319 297/1/297 
f 323/1/323 322/1/322 321/1/321 
f 321/1/321 324/1/324 323/1/323 
f 324/1/324 325/1/325 326/1/326 
f 323/1/323 326/1/326 311/1/311 
f 310/1/310 298/1/298 322/1/322 
f 322/1/322 323/1/323 310/1/310 
f 327/1/327 326/1/326 325/1/325 
f 325/1/325 328/1/328 327/1/327 
f 328/1/328 315/1/315 314/1/314 
f 314/1/314 327/1/327 328/1/328 
f 304/1/304 312/1/312 327/1/327 
f 327/1/327 314/1/314 304/1/304 
f 312/1/312 311/1/311 326/1/326 
f 326/1/326 327/1/327 312/1/312 
f 329/1/329 330/1/330 331/1/331 
f 331/1/331 332/1/332 329/1/329 
f 329/1/329 332/1/332 333/1/333 
f 333/1/333 334/1/334 329/1/329 
f 334/1/334 315/1/315 328/1/328 
f 328/1/328 329/1/329 334/1/334 
f 328/1/328 325/1/325 330/1/330 
f 330/1/330 329/1/329 328/1/328 
f 335/1/335 336/1/336 337/1/337 
f 337/1/337 338/1/338 335/1/335 
f 339/1/339 335/1/335 338/1/338 
f 338/1/338 340/1/340 339/1/339 
f 341/1/341 335/1/335 339/1/339 
f 339/1/339 342/1/342 341/1/341 
f 341/1/341 343/1/343 336/1/336 
f 336/1/336 335/1/335 341/1/341 
f 344/1/344 345/1/345 346/1/346 
f 346/1/346 347/1/347 344/1/344 
f 347/1/347 348/1/348 349/1/349 
f 349/1/349 344/1/344 347/1/347 
f 344/1/344 349/1/349 342/1/342 
f 342/1/342 339/1/339 344/1/344 
f 339/1/339 340/1/340 345/1/345 
f 345/1/345 344/1/344 339/1/339 
f 350/1/350 351/1/351 352/1/352 
f 352/1/352 353/1/353 350/1/350 
f 353/1/353 354/1/354 355/1/355 
f 355/1/355 350/1/350 353/1/353 
f 350/1/350 355/1/355 356/1/356 
f 356/1/356 357/1/357 350/1/350 
f 357/1/357 358/1/358 351/1/351 
f 351/1/351 350/1/350 357/1/357 
f 359/1/359 360/1/360 361/1/361 
f 361/1/361 362/1/362 359/1/359 
f 362/1/362 363/1/363 364/1/364 
f 364/1/364 359/1/359 362/1/362 
f 359/1/359 364/1/364 365/1/365 
f 365/1/365 366/1/366 359/1/359 
f 366/1/366 367/1/367 360/1/360 
f 360/1/360 359/1/359 366/1/366 
f 368/1/368 355/1/355 354/1/354 
f 354/1/354 369/1/369 368/1/368 
f 369/1/369 363/1/363 362/1/362 
f 362/1/362 368/1/368 369/1/369 
f 368/1/368 362/1/362 361/1/361 
f 361/1/361 370/1/370 368/1/368 
f 370/1/370 356/1/356 355/1/355 
f 355/1/355 368/1/368 370/1/370 
f 371/1/371 372/1/372 373/1/373 
f 373/1/373 374/1/374 371/1/371 
f 374/1/374 375/1/375 376/1/376 
f 376/1/376 371/1/371 374/1/374 
f 371/1/371 376/1/376 354/1/354 
f 354/1/354 353/1/353 371/1/371 
f 353/1/353 352/1/352 372/1/372 
f 372/1/372 371/1/371 353/1/353 
f 377/1/377 378/1/378 365/1/365 
f 365/1/365 364/1/364 377/1/377 
f 364/1/364 363/1/363 379/1/379 
f 379/1/379 377/1/377 364/1/364 
f 377/1/377 379/1/379 380/1/380 
f 380/1/380 381/1/381 377/1/377 
f 381/1/381 382/1/382 378/1/378 
f 378/1/378 377/1/377 381/1/381 
f 383/1/383 376/1/376 375/1/375 
f 375/1/375 384/1/384 383/1/383 
f 384/1/384 380/1/380 379/1/379 
f 379/1/379 383/1/383 384/1/384 
f 383/1/383 379/1/379 363/1/363 
f 363/1/363 369/1/369 383/1/383 
f 369/1/369 354/1/354 376/1/376 
f 376/1/376 383/1/383 369/1/369 
f 385/1/385 386/1/386 387/1/387 
f 387/1/387 388/1/388 385/1/385 
f 388/1/388 389/1/389 390/1/390 
f 390/1/390 385/1/385 388/1/388 
f 385/1/385 390/1/390 375/1/375 
f 375/1/375 374/1/374 385/1/385 
f 374/1/374 373/1/373 386/1/386 
f 386/1/386 385/1/385 374/1/374 
f 391/1/391 392/1/392 393/1/393 
f 394/1/394 395/1/395 396/1/396 
f 391/1/391 396/1/396 337/1/337 
f 336/1/336 343/1/343 392/1/392 
f 397/1/397 390/1/390 389/1/389 
f 389/1/389 398/1/398 397/1/397 
f 398/1/398 399/1/399 400/1/400 
f 397/1/397 400/1/400 380/1/380 
f 380/1/380 384/1/384 397/1/397 
f 384/1/384 375/1/375 390/1/390 
f 390/1/390 397/1/397 384/1/384 
f 401/1/401 400/1/400 399/1/399 
f 399/1/399 402/1/402 401/1/401 
f 402/1/402 403/1/403 404/1/404 
f 401/1/401 404/1/404 382/1/382 
f 381/1/381 380/1/380 400/1/400 
f 400/1/400 401/1/401 381/1/381 
f 405/1/405 406/1/406 365/1/365 
f 365/1/365 378/1/378 405/1/405 
f 405/1/405 378/1/378 382/1/382 
f 405/1/405 407/1/407 408/1/408 
f 409/1/409 410/1/410 406/1/406 
f 406/1/406 405/1/405 409/1/409 
f 411/1/411 412/1/412 413/1/413 
f 414/1/414 408/1/408 407/1/407 
f 411/1/411 407/1/407 382/1/382 
f 404/1/404 403/1/403 412/1/412 
f 415/1/415 406/1/406 410/1/410 
f 410/1/410 416/1/416 415/1/415 
f 416/1/416 417/1/417 418/1/418 
f 418/1/418 415/1/415 416/1/416 
f 415/1/415 418/1/418 367/1/367 
f 367/1/367 366/1/366 415/1/415 
f 366/1/366 365/1/365 406/1/406 
f 406/1/406 415/1/415 366/1/366 
f 419/1/419 416/1/416 410/1/410 
f 409/1/409 408/1/408 420/1/420 
f 420/1/420 419/1/419 409/1/409 
f 419/1/419 420/1/420 421/1/421 
f 421/1/421 422/1/422 419/1/419 
f 422/1/422 417/1/417 416/1/416 
f 423/1/423 424/1/424 425/1/425 
f 425/1/425 426/1/426 423/1/423 
f 426/1/426 421/1/421 420/1/420 
f 420/1/420 423/1/423 426/1/426 
f 423/1/423 420/1/420 408/1/408 
f 408/1/408 414/1/414 423/1/423 
f 423/1/423 414/1/414 413/1/413 
f 413/1/413 424/1/424 423/1/423 
f 427/1/427 428/1/428 387/1/387 
f 387/1/387 429/1/429 427/1/427 
f 429/1/429 348/1/348 347/1/347 
f 347/1/347 427/1/427 429/1/429 
f 427/1/427 347/1/347 346/1/346 
f 346/1/346 430/1/430 427/1/427 
f 430/1/430 431/1/431 428/1/428 
f 432/1/432 386/1/386 373/1/373 
f 373/1/373 433/1/433 432/1/432 
f 433/1/433 434/1/434 435/1/435 
f 435/1/435 432/1/432 433/1/433 
f 432/1/432 435/1/435 348/1/348 
f 348/1/348 429/1/429 432/1/432 
f 429/1/429 387/1/387 386/1/386 
f 386/1/386 432/1/432 429/1/429 
f 436/1/436 437/1/437 438/1/438 
f 438/1/438 439/1/439 436/1/436 
f 439/1/439 440/1/440 441/1/441 
f 441/1/441 436/1/436 439/1/439 
f 436/1/436 441/1/441 343/1/343 
f 341/1/341 342/1/342 437/1/437 
f 437/1/437 436/1/436 341/1/341 
f 349/1/349 442/1/442 437/1/437 
f 437/1/437 342/1/342 349/1/349 
f 442/1/442 349/1/349 348/1/348 
f 348/1/348 443/1/443 442/1/442 
f 443/1/443 444/1/444 445/1/445 
f 445/1/445 442/1/442 443/1/443 
f 445/1/445 438/1/438 437/1/437 
f 446/1/446 447/1/447 444/1/444 
f 444/1/444 443/1/443 446/1/446 
f 443/1/443 348/1/348 435/1/435 
f 435/1/435 446/1/446 443/1/443 
f 446/1/446 435/1/435 434/1/434 
f 434/1/434 447/1/447 446/1/446 
f 448/1/448 372/1/372 352/1/352 
f 352/1/352 449/1/449 448/1/448 
f 449/1/449 450/1/450 451/1/451 
f 451/1/451 448/1/448 449/1/449 
f 448/1/448 451/1/451 434/1/434 
f 434/1/434 433/1/433 448/1/448 
f 433/1/433 373/1/373 372/1/372 
f 372/1/372 448/1/448 433/1/433 
f 452/1/452 453/1/453 454/1/454 
f 455/1/455 454/1/454 456/1/456 
f 456/1/456 457/1/457 455/1/455 
f 457/1/457 458/1/458 452/1/452 
f 459/1/459 61/1/61 65/1/65 
f 65/1/65 460/1/460 459/1/459 
f 460/1/460 461/1/461 462/1/462 
f 462/1/462 459/1/459 460/1/460 
f 459/1/459 462/1/462 463/1/463 
f 463/1/463 464/1/464 459/1/459 
f 464/1/464 58/1/58 61/1/61 
f 61/1/61 459/1/459 464/1/464 
f 465/1/465 59/1/59 58/1/58 
f 58/1/58 464/1/464 465/1/465 
f 464/1/464 463/1/463 466/1/466 
f 466/1/466 465/1/465 464/1/464 
f 465/1/465 466/1/466 467/1/467 
f 467/1/467 468/1/468 465/1/465 
f 468/1/468 34/1/34 59/1/59 
f 59/1/59 465/1/465 468/1/468 
f 469/1/469 35/1/35 34/1/34 
f 34/1/34 468/1/468 469/1/469 
f 468/1/468 467/1/467 470/1/470 
f 470/1/470 469/1/469 468/1/468 
f 469/1/469 470/1/470 471/1/471 
f 471/1/471 472/1/472 469/1/469 
f 472/1/472 18/1/18 35/1/35 
f 35/1/35 469/1/469 472/1/472 
f 473/1/473 19/1/19 18/1/18 
f 18/1/18 472/1/472 473/1/473 
f 472/1/472 471/1/471 474/1/474 
f 474/1/474 473/1/473 472/1/472 
f 473/1/473 474/1/474 475/1/475 
f 475/1/475 476/1/476 473/1/473 
f 476/1/476 20/1/20 19/1/19 
f 19/1/19 473/1/473 476/1/476 
f 477/1/477 145/1/145 20/1/20 
f 20/1/20 476/1/476 477/1/477 
f 476/1/476 475/1/475 478/1/478 
f 478/1/478 477/1/477 476/1/476 
f 477/1/477 478/1/478 479/1/479 
f 479/1/479 480/1/480 477/1/477 
f 480/1/480 146/1/146 145/1/145 
f 145/1/145 477/1/477 480/1/480 
f 481/1/481 289/1/289 146/1/146 
f 146/1/146 480/1/480 481/1/481 
f 480/1/480 479/1/479 482/1/482 
f 482/1/482 481/1/481 480/1/480 
f 481/1/481 482/1/482 483/1/483 
f 483/1/483 484/1/484 481/1/481 
f 484/1/484 291/1/291 289/1/289 
f 289/1/289 481/1/481 484/1/484 
f 485/1/485 320/1/320 291/1/291 
f 291/1/291 484/1/484 485/1/485 
f 484/1/484 483/1/483 486/1/486 
f 486/1/486 485/1/485 484/1/484 
f 485/1/485 486/1/486 487/1/487 
f 487/1/487 488/1/488 485/1/485 
f 488/1/488 321/1/321 320/1/320 
f 320/1/320 485/1/485 488/1/488 
f 489/1/489 324/1/324 321/1/321 
f 321/1/321 488/1/488 489/1/489 
f 488/1/488 487/1/487 490/1/490 
f 490/1/490 489/1/489 488/1/488 
f 490/1/490 331/1/331 330/1/330 
f 330/1/330 489/1/489 490/1/490 
f 330/1/330 325/1/325 324/1/324 
f 324/1/324 489/1/489 330/1/330 
f 491/1/491 492/1/492 493/1/493 
f 493/1/493 494/1/494 491/1/491 
f 494/1/494 493/1/493 495/1/495 
f 495/1/495 496/1/496 494/1/494 
f 496/1/496 487/1/487 486/1/486 
f 486/1/486 494/1/494 496/1/496 
f 494/1/494 486/1/486 483/1/483 
f 483/1/483 491/1/491 494/1/494 
f 497/1/497 498/1/498 499/1/499 
f 499/1/499 500/1/500 497/1/497 
f 500/1/500 501/1/501 502/1/502 
f 502/1/502 497/1/497 500/1/500 
f 497/1/497 502/1/502 503/1/503 
f 503/1/503 504/1/504 497/1/497 
f 504/1/504 505/1/505 498/1/498 
f 498/1/498 497/1/497 504/1/504 
f 506/1/506 507/1/507 508/1/508 
f 508/1/508 509/1/509 506/1/506 
f 509/1/509 510/1/510 511/1/511 
f 511/1/511 506/1/506 509/1/509 
f 506/1/506 511/1/511 463/1/463 
f 463/1/463 462/1/462 506/1/506 
f 462/1/462 461/1/461 507/1/507 
f 507/1/507 506/1/506 462/1/462 
f 512/1/512 513/1/513 514/1/514 
f 514/1/514 515/1/515 512/1/512 
f 515/1/515 510/1/510 509/1/509 
f 509/1/509 512/1/512 515/1/515 
f 512/1/512 509/1/509 508/1/508 
f 508/1/508 516/1/516 512/1/512 
f 516/1/516 517/1/517 513/1/513 
f 513/1/513 512/1/512 516/1/516 
f 518/1/518 519/1/519 520/1/520 
f 520/1/520 521/1/521 518/1/518 
f 520/1/520 467/1/467 466/1/466 
f 466/1/466 521/1/521 520/1/520 
f 521/1/521 466/1/466 463/1/463 
f 463/1/463 511/1/511 521/1/521 
f 521/1/521 511/1/511 510/1/510 
f 510/1/510 518/1/518 521/1/521 
f 522/1/522 523/1/523 524/1/524 
f 524/1/524 525/1/525 522/1/522 
f 525/1/525 519/1/519 518/1/518 
f 518/1/518 522/1/522 525/1/525 
f 522/1/522 518/1/518 510/1/510 
f 510/1/510 515/1/515 522/1/522 
f 515/1/515 514/1/514 523/1/523 
f 523/1/523 522/1/522 515/1/515 
f 526/1/526 527/1/527 528/1/528 
f 528/1/528 529/1/529 526/1/526 
f 528/1/528 471/1/471 470/1/470 
f 470/1/470 529/1/529 528/1/528 
f 529/1/529 470/1/470 467/1/467 
f 529/1/529 520/1/520 519/1/519 
f 519/1/519 526/1/526 529/1/529 
f 530/1/530 531/1/531 532/1/532 
f 532/1/532 533/1/533 530/1/530 
f 531/1/531 530/1/530 527/1/527 
f 527/1/527 526/1/526 531/1/531 
f 531/1/531 526/1/526 519/1/519 
f 519/1/519 525/1/525 531/1/531 
f 525/1/525 524/1/524 532/1/532 
f 532/1/532 531/1/531 525/1/525 
f 534/1/534 528/1/528 527/1/527 
f 535/1/535 536/1/536 537/1/537 
f 537/1/537 475/1/475 474/1/474 
f 474/1/474 534/1/534 537/1/537 
f 534/1/534 474/1/474 471/1/471 
f 471/1/471 528/1/528 534/1/534 
f 538/1/538 539/1/539 540/1/540 
f 540/1/540 541/1/541 538/1/538 
f 541/1/541 479/1/479 478/1/478 
f 478/1/478 538/1/538 541/1/541 
f 538/1/538 478/1/478 475/1/475 
f 475/1/475 537/1/537 538/1/538 
f 537/1/537 536/1/536 539/1/539 
f 539/1/539 538/1/538 537/1/537 
f 542/1/542 540/1/540 539/1/539 
f 539/1/539 543/1/543 542/1/542 
f 543/1/543 539/1/539 536/1/536 
f 536/1/536 544/1/544 543/1/543 
f 543/1/543 544/1/544 545/1/545 
f 545/1/545 542/1/542 543/1/543 
f 546/1/546 482/1/482 479/1/479 
f 479/1/479 541/1/541 546/1/546 
f 541/1/541 540/1/540 547/1/547 
f 547/1/547 546/1/546 541/1/541 
f 546/1/546 547/1/547 492/1/492 
f 492/1/492 491/1/491 546/1/546 
f 491/1/491 483/1/483 482/1/482 
f 482/1/482 546/1/546 491/1/491 
f 548/1/548 530/1/530 533/1/533 
f 533/1/533 549/1/549 548/1/548 
f 549/1/549 545/1/545 544/1/544 
f 544/1/544 548/1/548 549/1/549 
f 548/1/548 544/1/544 536/1/536 
f 536/1/536 535/1/535 548/1/548 
f 535/1/535 527/1/527 530/1/530 
f 530/1/530 548/1/548 535/1/535 
f 550/1/550 551/1/551 552/1/552 
f 552/1/552 553/1/553 550/1/550 
f 553/1/553 554/1/554 555/1/555 
f 550/1/550 555/1/555 545/1/545 
f 545/1/545 549/1/549 550/1/550 
f 549/1/549 533/1/533 551/1/551 
f 551/1/551 550/1/550 549/1/549 
f 556/1/556 557/1/557 558/1/558 
f 558/1/558 559/1/559 556/1/556 
f 559/1/559 393/1/393 560/1/560 
f 560/1/560 556/1/556 559/1/559 
f 560/1/560 561/1/561 562/1/562 
f 556/1/556 562/1/562 563/1/563 
f 563/1/563 557/1/557 556/1/556 
f 564/1/564 441/1/441 440/1/440 
f 440/1/440 565/1/565 564/1/564 
f 565/1/565 561/1/561 560/1/560 
f 564/1/564 560/1/560 393/1/393 
f 393/1/393 392/1/392 564/1/564 
f 392/1/392 343/1/343 441/1/441 
f 441/1/441 564/1/564 392/1/392 
f 566/1/566 547/1/547 540/1/540 
f 540/1/540 542/1/542 566/1/566 
f 542/1/542 545/1/545 555/1/555 
f 555/1/555 566/1/566 542/1/542 
f 566/1/566 555/1/555 554/1/554 
f 554/1/554 567/1/567 566/1/566 
f 567/1/567 492/1/492 547/1/547 
f 547/1/547 566/1/566 567/1/567 
f 568/1/568 569/1/569 570/1/570 
f 570/1/570 571/1/571 568/1/568 
f 571/1/571 572/1/572 573/1/573 
f 573/1/573 568/1/568 571/1/571 
f 573/1/573 563/1/563 562/1/562 
f 568/1/568 562/1/562 561/1/561 
f 561/1/561 569/1/569 568/1/568 
f 574/1/574 575/1/575 572/1/572 
f 572/1/572 571/1/571 574/1/574 
f 571/1/571 570/1/570 576/1/576 
f 574/1/574 576/1/576 554/1/554 
f 554/1/554 553/1/553 574/1/574 
f 553/1/553 552/1/552 575/1/575 
f 575/1/575 574/1/574 553/1/553 
f 577/1/577 578/1/578 579/1/579 
f 579/1/579 580/1/580 577/1/577 
f 580/1/580 561/1/561 565/1/565 
f 565/1/565 577/1/577 580/1/580 
f 577/1/577 565/1/565 440/1/440 
f 440/1/440 581/1/581 577/1/577 
f 581/1/581 582/1/582 578/1/578 
f 578/1/578 577/1/577 581/1/581 
f 583/1/583 584/1/584 585/1/585 
f 585/1/585 586/1/586 583/1/583 
f 586/1/586 495/1/495 493/1/493 
f 493/1/493 583/1/583 586/1/586 
f 583/1/583 493/1/493 492/1/492 
f 492/1/492 567/1/567 583/1/583 
f 567/1/567 554/1/554 584/1/584 
f 584/1/584 583/1/583 567/1/567 
f 587/1/587 576/1/576 570/1/570 
f 570/1/570 588/1/588 587/1/587 
f 588/1/588 589/1/589 590/1/590 
f 590/1/590 587/1/587 588/1/588 
f 590/1/590 585/1/585 584/1/584 
f 584/1/584 587/1/587 590/1/590 
f 584/1/584 554/1/554 576/1/576 
f 576/1/576 587/1/587 584/1/584 
f 580/1/580 579/1/579 591/1/591 
f 592/1/592 591/1/591 589/1/589 
f 589/1/589 588/1/588 592/1/592 
f 588/1/588 570/1/570 569/1/569 
f 569/1/569 592/1/592 588/1/588 
f 569/1/569 561/1/561 580/1/580 
f 580/1/580 592/1/592 569/1/569 
f 593/1/593 594/1/594 495/1/495 
f 593/1/593 586/1/586 585/1/585 
f 585/1/585 595/1/595 593/1/593 
f 595/1/595 596/1/596 594/1/594 
f 594/1/594 593/1/593 595/1/595 
f 597/1/597 496/1/496 495/1/495 
f 495/1/495 594/1/594 597/1/597 
f 594/1/594 596/1/596 598/1/598 
f 598/1/598 597/1/597 594/1/594 
f 597/1/597 598/1/598 331/1/331 
f 490/1/490 487/1/487 496/1/496 
f 496/1/496 597/1/597 490/1/490 
f 599/1/599 598/1/598 596/1/596 
f 600/1/600 601/1/601 602/1/602 
f 602/1/602 599/1/599 600/1/600 
f 599/1/599 602/1/602 333/1/333 
f 333/1/333 332/1/332 599/1/599 
f 332/1/332 331/1/331 598/1/598 
f 598/1/598 599/1/599 332/1/332 
f 595/1/595 585/1/585 590/1/590 
f 590/1/590 603/1/603 595/1/595 
f 590/1/590 589/1/589 604/1/604 
f 604/1/604 603/1/603 590/1/590 
f 603/1/603 604/1/604 605/1/605 
f 605/1/605 606/1/606 603/1/603 
f 606/1/606 596/1/596 595/1/595 
f 607/1/607 608/1/608 609/1/609 
f 609/1/609 610/1/610 607/1/607 
f 610/1/610 605/1/605 604/1/604 
f 604/1/604 607/1/607 610/1/610 
f 607/1/607 604/1/604 589/1/589 
f 589/1/589 591/1/591 607/1/607 
f 607/1/607 591/1/591 579/1/579 
f 611/1/611 612/1/612 613/1/613 
f 613/1/613 614/1/614 611/1/611 
f 614/1/614 615/1/615 616/1/616 
f 611/1/611 616/1/616 596/1/596 
f 596/1/596 606/1/606 611/1/611 
f 606/1/606 605/1/605 612/1/612 
f 617/1/617 616/1/616 615/1/615 
f 618/1/618 619/1/619 620/1/620 
f 620/1/620 617/1/617 618/1/618 
f 617/1/617 620/1/620 601/1/601 
f 601/1/601 600/1/600 617/1/617 
f 600/1/600 596/1/596 616/1/616 
f 621/1/621 581/1/581 440/1/440 
f 440/1/440 439/1/439 621/1/621 
f 439/1/439 438/1/438 622/1/622 
f 622/1/622 621/1/621 439/1/439 
f 621/1/621 622/1/622 623/1/623 
f 623/1/623 624/1/624 621/1/621 
f 624/1/624 582/1/582 581/1/581 
f 581/1/581 621/1/621 624/1/624 
f 625/1/625 451/1/451 450/1/450 
f 450/1/450 626/1/626 625/1/625 
f 626/1/626 627/1/627 628/1/628 
f 628/1/628 625/1/625 626/1/626 
f 625/1/625 628/1/628 444/1/444 
f 444/1/444 447/1/447 625/1/625 
f 447/1/447 434/1/434 451/1/451 
f 451/1/451 625/1/625 447/1/447 
f 629/1/629 628/1/628 627/1/627 
f 627/1/627 630/1/630 629/1/629 
f 630/1/630 623/1/623 622/1/622 
f 622/1/622 629/1/629 630/1/630 
f 629/1/629 622/1/622 438/1/438 
f 445/1/445 444/1/444 628/1/628 
f 631/1/631 632/1/632 633/1/633 
f 633/1/633 634/1/634 631/1/631 
f 634/1/634 453/1/453 635/1/635 
f 635/1/635 631/1/631 634/1/634 
f 631/1/631 635/1/635 619/1/619 
f 619/1/619 618/1/618 631/1/631 
f 618/1/618 615/1/615 632/1/632 
f 632/1/632 631/1/631 618/1/618 
f 636/1/636 634/1/634 633/1/633 
f 637/1/637 638/1/638 639/1/639 
f 639/1/639 456/1/456 454/1/454 
f 636/1/636 454/1/454 453/1/453 
f 640/1/640 351/1/351 358/1/358 
f 358/1/358 641/1/641 640/1/640 
f 641/1/641 638/1/638 642/1/642 
f 642/1/642 640/1/640 641/1/641 
f 640/1/640 642/1/642 450/1/450 
f 450/1/450 449/1/449 640/1/640 
f 449/1/449 352/1/352 351/1/351 
f 351/1/351 640/1/640 449/1/449 
f 643/1/643 626/1/626 450/1/450 
f 450/1/450 642/1/642 643/1/643 
f 642/1/642 638/1/638 644/1/644 
f 644/1/644 643/1/643 642/1/642 
f 643/1/643 644/1/644 645/1/645 
f 645/1/645 646/1/646 643/1/643 
f 646/1/646 627/1/627 626/1/626 
f 647/1/647 644/1/644 638/1/638 
f 638/1/638 637/1/637 647/1/647 
f 637/1/637 633/1/633 648/1/648 
f 648/1/648 647/1/647 637/1/637 
f 648/1/648 645/1/645 644/1/644 
f 644/1/644 647/1/647 648/1/648 
f 649/1/649 578/1/578 582/1/582 
f 582/1/582 650/1/650 649/1/649 
f 650/1/650 651/1/651 652/1/652 
f 652/1/652 649/1/649 650/1/650 
f 649/1/649 652/1/652 609/1/609 
f 609/1/609 608/1/608 649/1/649 
f 608/1/608 579/1/579 578/1/578 
f 653/1/653 632/1/632 615/1/615 
f 615/1/615 654/1/654 653/1/653 
f 654/1/654 655/1/655 656/1/656 
f 656/1/656 653/1/653 654/1/654 
f 653/1/653 656/1/656 645/1/645 
f 645/1/645 648/1/648 653/1/653 
f 648/1/648 633/1/633 632/1/632 
f 632/1/632 653/1/653 648/1/648 
f 657/1/657 614/1/614 613/1/613 
f 613/1/613 658/1/658 657/1/657 
f 658/1/658 651/1/651 659/1/659 
f 659/1/659 657/1/657 658/1/658 
f 657/1/657 659/1/659 655/1/655 
f 655/1/655 654/1/654 657/1/657 
f 654/1/654 615/1/615 614/1/614 
f 614/1/614 657/1/657 654/1/654 
f 660/1/660 652/1/652 651/1/651 
f 651/1/651 658/1/658 660/1/660 
f 658/1/658 613/1/613 612/1/612 
f 612/1/612 660/1/660 658/1/658 
f 660/1/660 612/1/612 605/1/605 
f 605/1/605 610/1/610 660/1/660 
f 610/1/610 609/1/609 652/1/652 
f 652/1/652 660/1/660 610/1/610 
f 661/1/661 655/1/655 659/1/659 
f 659/1/659 662/1/662 661/1/661 
f 662/1/662 659/1/659 651/1/651 
f 651/1/651 650/1/650 662/1/662 
f 662/1/662 650/1/650 582/1/582 
f 582/1/582 624/1/624 662/1/662 
f 624/1/624 623/1/623 661/1/661 
f 661/1/661 662/1/662 624/1/624 
f 663/1/663 630/1/630 627/1/627 
f 627/1/627 646/1/646 663/1/663 
f 646/1/646 645/1/645 656/1/656 
f 656/1/656 663/1/663 646/1/646 
f 663/1/663 656/1/656 655/1/655 
f 655/1/655 661/1/661 663/1/663 
f 661/1/661 623/1/623 630/1/630 
f 630/1/630 663/1/663 661/1/661 
f 664/1/664 665/1/665 666/1/666 
f 666/1/666 667/1/667 664/1/664 
f 666/1/666 197/1/197 196/1/196 
f 196/1/196 667/1/667 666/1/666 
f 196/1/196 200/1/200 668/1/668 
f 668/1/668 667/1/667 196/1/196 
f 668/1/668 456/1/456 664/1/664 
f 664/1/664 667/1/667 668/1/668 
f 669/1/669 670/1/670 665/1/665 
f 665/1/665 664/1/664 669/1/669 
f 669/1/669 664/1/664 456/1/456 
f 456/1/456 639/1/639 669/1/669 
f 639/1/639 638/1/638 670/1/670 
f 670/1/670 669/1/669 639/1/639 
f 671/1/671 672/1/672 673/1/673 
f 198/1/198 197/1/197 672/1/672 
f 674/1/674 675/1/675 676/1/676 
f 677/1/677 673/1/673 675/1/675 
f 678/1/678 679/1/679 680/1/680 
f 681/1/681 682/1/682 683/1/683 
f 683/1/683 678/1/678 681/1/681 
f 684/1/684 685/1/685 686/1/686 
f 686/1/686 687/1/687 684/1/684 
f 687/1/687 688/1/688 689/1/689 
f 689/1/689 684/1/684 687/1/687 
f 684/1/684 689/1/689 690/1/690 
f 690/1/690 691/1/691 684/1/684 
f 691/1/691 692/1/692 685/1/685 
f 685/1/685 684/1/684 691/1/691 
f 693/1/693 690/1/690 689/1/689 
f 689/1/689 688/1/688 694/1/694 
f 694/1/694 695/1/695 689/1/689 
f 695/1/695 694/1/694 682/1/682 
f 682/1/682 681/1/681 695/1/695 
f 681/1/681 680/1/680 693/1/693 
f 693/1/693 695/1/695 681/1/681 
f 696/1/696 697/1/697 698/1/698 
f 683/1/683 682/1/682 697/1/697 
f 697/1/697 696/1/696 683/1/683 
f 699/1/699 700/1/700 701/1/701 
f 701/1/701 702/1/702 699/1/699 
f 699/1/699 702/1/702 703/1/703 
f 699/1/699 704/1/704 688/1/688 
f 688/1/688 687/1/687 699/1/699 
f 687/1/687 686/1/686 700/1/700 
f 700/1/700 699/1/699 687/1/687 
f 705/1/705 694/1/694 688/1/688 
f 688/1/688 704/1/704 705/1/705 
f 704/1/704 703/1/703 706/1/706 
f 706/1/706 705/1/705 704/1/704 
f 705/1/705 706/1/706 698/1/698 
f 698/1/698 697/1/697 705/1/705 
f 697/1/697 682/1/682 694/1/694 
f 694/1/694 705/1/705 697/1/697 
f 707/1/707 708/1/708 709/1/709 
f 709/1/709 710/1/710 707/1/707 
f 698/1/698 707/1/707 710/1/710 
f 711/1/711 706/1/706 703/1/703 
f 703/1/703 712/1/712 711/1/711 
f 712/1/712 713/1/713 714/1/714 
f 714/1/714 711/1/711 712/1/712 
f 711/1/711 714/1/714 708/1/708 
f 708/1/708 707/1/707 711/1/711 
f 707/1/707 698/1/698 706/1/706 
f 706/1/706 711/1/711 707/1/707 
f 715/1/715 670/1/670 638/1/638 
f 638/1/638 641/1/641 715/1/715 
f 641/1/641 358/1/358 716/1/716 
f 716/1/716 715/1/715 641/1/641 
f 715/1/715 716/1/716 717/1/717 
f 717/1/717 718/1/718 715/1/715 
f 718/1/718 665/1/665 670/1/670 
f 670/1/670 715/1/715 718/1/718 
f 719/1/719 666/1/666 665/1/665 
f 665/1/665 720/1/720 719/1/719 
f 720/1/720 721/1/721 722/1/722 
f 722/1/722 719/1/719 720/1/720 
f 719/1/719 722/1/722 673/1/673 
f 673/1/673 672/1/672 719/1/719 
f 672/1/672 197/1/197 666/1/666 
f 666/1/666 719/1/719 672/1/672 
f 723/1/723 722/1/722 721/1/721 
f 721/1/721 724/1/724 723/1/723 
f 724/1/724 725/1/725 726/1/726 
f 726/1/726 723/1/723 724/1/724 
f 675/1/675 723/1/723 726/1/726 
f 726/1/726 676/1/676 675/1/675 
f 675/1/675 673/1/673 722/1/722 
f 722/1/722 723/1/723 675/1/675 
f 726/1/726 725/1/725 727/1/727 
f 728/1/728 727/1/727 729/1/729 
f 729/1/729 730/1/730 728/1/728 
f 728/1/728 731/1/731 676/1/676 
f 676/1/676 726/1/726 728/1/728 
f 732/1/732 733/1/733 734/1/734 
f 730/1/730 729/1/729 733/1/733 
f 733/1/733 732/1/732 730/1/730 
f 735/1/735 736/1/736 734/1/734 
f 734/1/734 737/1/737 735/1/735 
f 737/1/737 738/1/738 739/1/739 
f 739/1/739 735/1/735 737/1/737 
f 739/1/739 738/1/738 740/1/740 
f 740/1/740 741/1/741 739/1/739 
f 740/1/740 680/1/680 679/1/679 
f 679/1/679 741/1/741 740/1/740 
f 742/1/742 743/1/743 744/1/744 
f 744/1/744 690/1/690 693/1/693 
f 745/1/745 693/1/693 680/1/680 
f 740/1/740 738/1/738 742/1/742 
f 742/1/742 745/1/745 740/1/740 
f 691/1/691 690/1/690 744/1/744 
f 744/1/744 746/1/746 691/1/691 
f 746/1/746 744/1/744 743/1/743 
f 743/1/743 747/1/747 746/1/746 
f 747/1/747 748/1/748 749/1/749 
f 749/1/749 746/1/746 747/1/747 
f 746/1/746 749/1/749 692/1/692 
f 692/1/692 691/1/691 746/1/746 
f 357/1/357 356/1/356 750/1/750 
f 750/1/750 751/1/751 357/1/357 
f 750/1/750 752/1/752 753/1/753 
f 753/1/753 751/1/751 750/1/750 
f 753/1/753 717/1/717 716/1/716 
f 716/1/716 751/1/751 753/1/753 
f 751/1/751 716/1/716 358/1/358 
f 358/1/358 357/1/357 751/1/751 
f 754/1/754 718/1/718 717/1/717 
f 755/1/755 756/1/756 757/1/757 
f 754/1/754 757/1/757 721/1/721 
f 720/1/720 665/1/665 718/1/718 
f 718/1/718 754/1/754 720/1/720 
f 758/1/758 757/1/757 756/1/756 
f 759/1/759 760/1/760 761/1/761 
f 761/1/761 758/1/758 759/1/759 
f 758/1/758 761/1/761 725/1/725 
f 724/1/724 721/1/721 757/1/757 
f 757/1/757 758/1/758 724/1/724 
f 762/1/762 761/1/761 760/1/760 
f 760/1/760 763/1/763 762/1/762 
f 763/1/763 764/1/764 765/1/765 
f 765/1/765 762/1/762 763/1/763 
f 765/1/765 729/1/729 727/1/727 
f 727/1/727 762/1/762 765/1/765 
f 727/1/727 725/1/725 761/1/761 
f 761/1/761 762/1/762 727/1/727 
f 766/1/766 767/1/767 768/1/768 
f 768/1/768 769/1/769 766/1/766 
f 769/1/769 734/1/734 733/1/733 
f 733/1/733 766/1/766 769/1/769 
f 766/1/766 733/1/733 729/1/729 
f 729/1/729 765/1/765 766/1/766 
f 765/1/765 764/1/764 767/1/767 
f 770/1/770 771/1/771 772/1/772 
f 772/1/772 773/1/773 770/1/770 
f 772/1/772 738/1/738 737/1/737 
f 737/1/737 773/1/773 772/1/772 
f 773/1/773 737/1/737 734/1/734 
f 734/1/734 769/1/769 773/1/773 
f 769/1/769 768/1/768 770/1/770 
f 770/1/770 773/1/773 769/1/769 
f 774/1/774 772/1/772 771/1/771 
f 771/1/771 775/1/775 774/1/774 
f 775/1/775 776/1/776 777/1/777 
f 774/1/774 777/1/777 743/1/743 
f 743/1/743 742/1/742 774/1/774 
f 742/1/742 738/1/738 772/1/772 
f 772/1/772 774/1/774 742/1/742 
f 778/1/778 777/1/777 776/1/776 
f 776/1/776 779/1/779 778/1/778 
f 779/1/779 780/1/780 781/1/781 
f 781/1/781 778/1/778 779/1/779 
f 778/1/778 781/1/781 748/1/748 
f 748/1/748 747/1/747 778/1/778 
f 747/1/747 743/1/743 777/1/777 
f 777/1/777 778/1/778 747/1/747 
f 782/1/782 783/1/783 784/1/784 
f 784/1/784 785/1/785 782/1/782 
f 785/1/785 784/1/784 786/1/786 
f 786/1/786 787/1/787 785/1/785 
f 787/1/787 788/1/788 789/1/789 
f 789/1/789 785/1/785 787/1/787 
f 785/1/785 789/1/789 790/1/790 
f 790/1/790 782/1/782 785/1/785 
f 791/1/791 792/1/792 793/1/793 
f 793/1/793 794/1/794 791/1/791 
f 794/1/794 793/1/793 795/1/795 
f 795/1/795 796/1/796 794/1/794 
f 796/1/796 797/1/797 798/1/798 
f 798/1/798 794/1/794 796/1/796 
f 794/1/794 798/1/798 799/1/799 
f 799/1/799 791/1/791 794/1/794 
f 800/1/800 801/1/801 802/1/802 
f 802/1/802 803/1/803 800/1/800 
f 803/1/803 802/1/802 783/1/783 
f 783/1/783 782/1/782 803/1/803 
f 782/1/782 790/1/790 804/1/804 
f 804/1/804 803/1/803 782/1/782 
f 803/1/803 804/1/804 805/1/805 
f 805/1/805 800/1/800 803/1/803 
f 806/1/806 807/1/807 808/1/808 
f 808/1/808 809/1/809 806/1/806 
f 809/1/809 808/1/808 797/1/797 
f 797/1/797 796/1/796 809/1/809 
f 796/1/796 795/1/795 810/1/810 
f 810/1/810 809/1/809 796/1/796 
f 809/1/809 810/1/810 811/1/811 
f 811/1/811 806/1/806 809/1/809 
f 812/1/812 813/1/813 814/1/814 
f 814/1/814 815/1/815 812/1/812 
f 815/1/815 792/1/792 816/1/816 
f 816/1/816 812/1/812 815/1/815 
f 812/1/812 816/1/816 817/1/817 
f 817/1/817 818/1/818 812/1/812 
f 818/1/818 819/1/819 813/1/813 
f 813/1/813 812/1/812 818/1/818 
f 820/1/820 821/1/821 799/1/799 
f 799/1/799 822/1/822 820/1/820 
f 822/1/822 788/1/788 823/1/823 
f 823/1/823 820/1/820 822/1/822 
f 820/1/820 823/1/823 824/1/824 
f 824/1/824 825/1/825 820/1/820 
f 825/1/825 826/1/826 821/1/821 
f 821/1/821 820/1/820 825/1/825 
f 827/1/827 828/1/828 829/1/829 
f 829/1/829 830/1/830 827/1/827 
f 830/1/830 831/1/831 832/1/832 
f 832/1/832 827/1/827 830/1/830 
f 827/1/827 832/1/832 817/1/817 
f 817/1/817 833/1/833 827/1/827 
f 833/1/833 826/1/826 828/1/828 
f 828/1/828 827/1/827 833/1/833 
f 834/1/834 835/1/835 836/1/836 
f 836/1/836 837/1/837 834/1/834 
f 837/1/837 836/1/836 838/1/838 
f 838/1/838 839/1/839 837/1/837 
f 839/1/839 840/1/840 841/1/841 
f 841/1/841 837/1/837 839/1/839 
f 837/1/837 841/1/841 842/1/842 
f 842/1/842 834/1/834 837/1/837 
f 843/1/843 844/1/844 845/1/845 
f 845/1/845 846/1/846 843/1/843 
f 846/1/846 845/1/845 831/1/831 
f 831/1/831 847/1/847 846/1/846 
f 847/1/847 840/1/840 848/1/848 
f 848/1/848 846/1/846 847/1/847 
f 846/1/846 848/1/848 849/1/849 
f 849/1/849 843/1/843 846/1/846 
f 850/1/850 851/1/851 852/1/852 
f 852/1/852 853/1/853 850/1/850 
f 853/1/853 854/1/854 855/1/855 
f 855/1/855 850/1/850 853/1/853 
f 850/1/850 855/1/855 824/1/824 
f 824/1/824 856/1/856 850/1/850 
f 856/1/856 857/1/857 851/1/851 
f 851/1/851 850/1/850 856/1/856 
f 834/1/834 842/1/842 858/1/858 
f 858/1/858 859/1/859 834/1/834 
f 859/1/859 858/1/858 860/1/860 
f 860/1/860 861/1/861 859/1/859 
f 861/1/861 862/1/862 863/1/863 
f 863/1/863 859/1/859 861/1/861 
f 859/1/859 863/1/863 835/1/835 
f 835/1/835 834/1/834 859/1/859 
f 864/1/864 865/1/865 829/1/829 
f 829/1/829 866/1/866 864/1/864 
f 866/1/866 854/1/854 867/1/867 
f 867/1/867 864/1/864 866/1/866 
f 867/1/867 860/1/860 858/1/858 
f 858/1/858 864/1/864 867/1/867 
f 864/1/864 858/1/858 842/1/842 
f 842/1/842 865/1/865 864/1/864 
f 868/1/868 869/1/869 870/1/870 
f 870/1/870 871/1/871 868/1/868 
f 871/1/871 872/1/872 873/1/873 
f 873/1/873 868/1/868 871/1/871 
f 868/1/868 873/1/873 874/1/874 
f 874/1/874 875/1/875 868/1/868 
f 875/1/875 876/1/876 869/1/869 
f 869/1/869 868/1/868 875/1/875 
f 877/1/877 878/1/878 879/1/879 
f 879/1/879 880/1/880 877/1/877 
f 880/1/880 881/1/881 882/1/882 
f 882/1/882 877/1/877 880/1/880 
f 877/1/877 882/1/882 771/1/771 
f 771/1/771 770/1/770 877/1/877 
f 770/1/770 768/1/768 878/1/878 
f 878/1/878 877/1/877 770/1/770 
f 883/1/883 882/1/882 881/1/881 
f 881/1/881 884/1/884 883/1/883 
f 884/1/884 885/1/885 886/1/886 
f 886/1/886 883/1/883 884/1/884 
f 883/1/883 886/1/886 776/1/776 
f 775/1/775 771/1/771 882/1/882 
f 887/1/887 888/1/888 889/1/889 
f 889/1/889 890/1/890 887/1/887 
f 890/1/890 889/1/889 876/1/876 
f 876/1/876 875/1/875 890/1/890 
f 875/1/875 874/1/874 891/1/891 
f 891/1/891 890/1/890 875/1/875 
f 890/1/890 891/1/891 892/1/892 
f 892/1/892 887/1/887 890/1/890 
f 893/1/893 886/1/886 885/1/885 
f 885/1/885 894/1/894 893/1/893 
f 894/1/894 895/1/895 896/1/896 
f 896/1/896 893/1/893 894/1/894 
f 893/1/893 896/1/896 780/1/780 
f 780/1/780 779/1/779 893/1/893 
f 779/1/779 776/1/776 886/1/886 
f 886/1/886 893/1/893 779/1/779 
f 897/1/897 898/1/898 899/1/899 
f 899/1/899 900/1/900 897/1/897 
f 900/1/900 888/1/888 887/1/887 
f 887/1/887 897/1/897 900/1/900 
f 897/1/897 887/1/887 892/1/892 
f 892/1/892 901/1/901 897/1/897 
f 897/1/897 901/1/901 902/1/902 
f 902/1/902 898/1/898 897/1/897 
f 903/1/903 767/1/767 764/1/764 
f 903/1/903 904/1/904 905/1/905 
f 906/1/906 879/1/879 878/1/878 
f 878/1/878 768/1/768 767/1/767 
f 767/1/767 903/1/903 878/1/878 
f 907/1/907 370/1/370 361/1/361 
f 361/1/361 908/1/908 907/1/907 
f 908/1/908 909/1/909 910/1/910 
f 910/1/910 907/1/907 908/1/908 
f 907/1/907 910/1/910 752/1/752 
f 752/1/752 750/1/750 907/1/907 
f 907/1/907 750/1/750 356/1/356 
f 356/1/356 370/1/370 907/1/907 
f 911/1/911 753/1/753 752/1/752 
f 752/1/752 912/1/912 911/1/911 
f 912/1/912 913/1/913 914/1/914 
f 914/1/914 911/1/911 912/1/912 
f 911/1/911 914/1/914 756/1/756 
f 756/1/756 755/1/755 911/1/911 
f 755/1/755 717/1/717 753/1/753 
f 753/1/753 911/1/911 755/1/755 
f 915/1/915 914/1/914 913/1/913 
f 913/1/913 916/1/916 915/1/915 
f 916/1/916 917/1/917 918/1/918 
f 918/1/918 915/1/915 916/1/916 
f 915/1/915 918/1/918 760/1/760 
f 760/1/760 759/1/759 915/1/915 
f 759/1/759 756/1/756 914/1/914 
f 914/1/914 915/1/915 759/1/759 
f 919/1/919 918/1/918 917/1/917 
f 917/1/917 920/1/920 919/1/919 
f 920/1/920 905/1/905 904/1/904 
f 904/1/904 919/1/919 920/1/920 
f 919/1/919 904/1/904 764/1/764 
f 764/1/764 763/1/763 919/1/919 
f 763/1/763 760/1/760 918/1/918 
f 918/1/918 919/1/919 763/1/763 
f 921/1/921 922/1/922 923/1/923 
f 923/1/923 924/1/924 921/1/921 
f 924/1/924 925/1/925 926/1/926 
f 926/1/926 921/1/921 924/1/924 
f 921/1/921 926/1/926 879/1/879 
f 879/1/879 906/1/906 921/1/921 
f 906/1/906 905/1/905 922/1/922 
f 922/1/922 921/1/921 906/1/906 
f 927/1/927 926/1/926 925/1/925 
f 925/1/925 928/1/928 927/1/927 
f 928/1/928 929/1/929 930/1/930 
f 930/1/930 927/1/927 928/1/928 
f 927/1/927 930/1/930 881/1/881 
f 881/1/881 880/1/880 927/1/927 
f 880/1/880 879/1/879 926/1/926 
f 926/1/926 927/1/927 880/1/880 
f 931/1/931 930/1/930 929/1/929 
f 929/1/929 932/1/932 931/1/931 
f 932/1/932 933/1/933 934/1/934 
f 934/1/934 931/1/931 932/1/932 
f 931/1/931 934/1/934 885/1/885 
f 885/1/885 884/1/884 931/1/931 
f 884/1/884 881/1/881 930/1/930 
f 930/1/930 931/1/931 884/1/884 
f 935/1/935 934/1/934 933/1/933 
f 933/1/933 936/1/936 935/1/935 
f 936/1/936 937/1/937 938/1/938 
f 938/1/938 935/1/935 936/1/936 
f 935/1/935 938/1/938 895/1/895 
f 895/1/895 894/1/894 935/1/935 
f 894/1/894 885/1/885 934/1/934 
f 934/1/934 935/1/935 894/1/894 
f 939/1/939 940/1/940 941/1/941 
f 941/1/941 942/1/942 939/1/939 
f 942/1/942 943/1/943 944/1/944 
f 944/1/944 939/1/939 942/1/942 
f 939/1/939 944/1/944 872/1/872 
f 872/1/872 871/1/871 939/1/939 
f 871/1/871 870/1/870 940/1/940 
f 940/1/940 939/1/939 871/1/871 
f 945/1/945 946/1/946 947/1/947 
f 947/1/947 948/1/948 945/1/945 
f 945/1/945 948/1/948 852/1/852 
f 852/1/852 949/1/949 945/1/945 
f 950/1/950 945/1/945 949/1/949 
f 949/1/949 943/1/943 950/1/950 
f 950/1/950 951/1/951 946/1/946 
f 946/1/946 945/1/945 950/1/950 
f 952/1/952 953/1/953 954/1/954 
f 954/1/954 955/1/955 952/1/952 
f 955/1/955 956/1/956 957/1/957 
f 957/1/957 952/1/952 955/1/955 
f 957/1/957 941/1/941 940/1/940 
f 940/1/940 952/1/952 957/1/957 
f 952/1/952 940/1/940 870/1/870 
f 870/1/870 953/1/953 952/1/952 
f 958/1/958 869/1/869 876/1/876 
f 876/1/876 959/1/959 958/1/958 
f 959/1/959 960/1/960 961/1/961 
f 961/1/961 958/1/958 959/1/959 
f 958/1/958 961/1/961 954/1/954 
f 954/1/954 953/1/953 958/1/958 
f 953/1/953 870/1/870 869/1/869 
f 869/1/869 958/1/958 953/1/953 
f 962/1/962 963/1/963 929/1/929 
f 929/1/929 928/1/928 962/1/962 
f 928/1/928 925/1/925 964/1/964 
f 964/1/964 962/1/962 928/1/928 
f 962/1/962 964/1/964 954/1/954 
f 954/1/954 961/1/961 962/1/962 
f 962/1/962 961/1/961 960/1/960 
f 960/1/960 963/1/963 962/1/962 
f 965/1/965 966/1/966 956/1/956 
f 956/1/956 955/1/955 965/1/965 
f 955/1/955 954/1/954 964/1/964 
f 964/1/964 965/1/965 955/1/955 
f 965/1/965 964/1/964 925/1/925 
f 925/1/925 924/1/924 965/1/965 
f 924/1/924 923/1/923 966/1/966 
f 966/1/966 965/1/965 924/1/924 
f 967/1/967 968/1/968 969/1/969 
f 969/1/969 970/1/970 967/1/967 
f 970/1/970 969/1/969 960/1/960 
f 960/1/960 959/1/959 970/1/970 
f 959/1/959 876/1/876 889/1/889 
f 889/1/889 970/1/970 959/1/959 
f 970/1/970 889/1/889 888/1/888 
f 888/1/888 967/1/967 970/1/970 
f 971/1/971 972/1/972 933/1/933 
f 933/1/933 932/1/932 971/1/971 
f 932/1/932 929/1/929 963/1/963 
f 963/1/963 971/1/971 932/1/932 
f 963/1/963 960/1/960 969/1/969 
f 969/1/969 971/1/971 963/1/963 
f 972/1/972 971/1/971 969/1/969 
f 969/1/969 968/1/968 972/1/972 
f 973/1/973 974/1/974 975/1/975 
f 975/1/975 976/1/976 973/1/973 
f 976/1/976 968/1/968 967/1/967 
f 967/1/967 973/1/973 976/1/976 
f 973/1/973 967/1/967 888/1/888 
f 888/1/888 900/1/900 973/1/973 
f 900/1/900 899/1/899 974/1/974 
f 974/1/974 973/1/973 900/1/900 
f 977/1/977 978/1/978 937/1/937 
f 937/1/937 936/1/936 977/1/977 
f 936/1/936 933/1/933 972/1/972 
f 972/1/972 977/1/977 936/1/936 
f 977/1/977 972/1/972 968/1/968 
f 968/1/968 976/1/976 977/1/977 
f 976/1/976 975/1/975 978/1/978 
f 978/1/978 977/1/977 976/1/976 
f 979/1/979 360/1/360 367/1/367 
f 367/1/367 980/1/980 979/1/979 
f 980/1/980 981/1/981 982/1/982 
f 982/1/982 979/1/979 980/1/980 
f 979/1/979 982/1/982 909/1/909 
f 909/1/909 908/1/908 979/1/979 
f 908/1/908 361/1/361 360/1/360 
f 360/1/360 979/1/979 908/1/908 
f 983/1/983 910/1/910 909/1/909 
f 909/1/909 984/1/984 983/1/983 
f 984/1/984 985/1/985 986/1/986 
f 986/1/986 983/1/983 984/1/984 
f 983/1/983 986/1/986 913/1/913 
f 913/1/913 912/1/912 983/1/983 
f 912/1/912 752/1/752 910/1/910 
f 910/1/910 983/1/983 912/1/912 
f 987/1/987 986/1/986 985/1/985 
f 985/1/985 988/1/988 987/1/987 
f 988/1/988 989/1/989 990/1/990 
f 990/1/990 987/1/987 988/1/988 
f 987/1/987 990/1/990 917/1/917 
f 917/1/917 916/1/916 987/1/987 
f 916/1/916 913/1/913 986/1/986 
f 986/1/986 987/1/987 916/1/916 
f 991/1/991 990/1/990 989/1/989 
f 992/1/992 923/1/923 922/1/922 
f 922/1/922 991/1/991 992/1/992 
f 991/1/991 922/1/922 905/1/905 
f 920/1/920 917/1/917 990/1/990 
f 990/1/990 991/1/991 920/1/920 
f 993/1/993 994/1/994 923/1/923 
f 923/1/923 992/1/992 993/1/993 
f 992/1/992 989/1/989 995/1/995 
f 993/1/993 995/1/995 996/1/996 
f 997/1/997 998/1/998 999/1/999 
f 999/1/999 1000/1/1000 997/1/997 
f 999/1/999 956/1/956 966/1/966 
f 966/1/966 1000/1/1000 999/1/999 
f 966/1/966 923/1/923 994/1/994 
f 994/1/994 1000/1/1000 966/1/966 
f 1000/1/1000 994/1/994 996/1/996 
f 996/1/996 997/1/997 1000/1/1000 
f 1001/1/1001 957/1/957 956/1/956 
f 956/1/956 999/1/999 1001/1/1001 
f 1001/1/1001 999/1/999 998/1/998 
f 998/1/998 1002/1/1002 1001/1/1001 
f 1002/1/1002 1003/1/1003 1004/1/1004 
f 1004/1/1004 1001/1/1001 1002/1/1002 
f 1004/1/1004 941/1/941 957/1/957 
f 957/1/957 1001/1/1001 1004/1/1004 
f 1005/1/1005 1006/1/1006 1007/1/1007 
f 1007/1/1007 1008/1/1008 1005/1/1005 
f 1008/1/1008 1007/1/1007 1009/1/1009 
f 1009/1/1009 1010/1/1010 1008/1/1008 
f 1011/1/1011 1008/1/1008 1010/1/1010 
f 1010/1/1010 951/1/951 1011/1/1011 
f 1011/1/1011 1003/1/1003 1005/1/1005 
f 1005/1/1005 1008/1/1008 1011/1/1011 
f 1012/1/1012 982/1/982 981/1/981 
f 981/1/981 1013/1/1013 1012/1/1012 
f 1013/1/1013 1014/1/1014 1015/1/1015 
f 1012/1/1012 1015/1/1015 985/1/985 
f 985/1/985 984/1/984 1012/1/1012 
f 984/1/984 909/1/909 982/1/982 
f 982/1/982 1012/1/1012 984/1/984 
f 1016/1/1016 1015/1/1015 1014/1/1014 
f 1014/1/1014 1017/1/1017 1016/1/1016 
f 1017/1/1017 1018/1/1018 1019/1/1019 
f 1019/1/1019 1016/1/1016 1017/1/1017 
f 1016/1/1016 1019/1/1019 989/1/989 
f 989/1/989 988/1/988 1016/1/1016 
f 988/1/988 985/1/985 1015/1/1015 
f 1015/1/1015 1016/1/1016 988/1/988 
f 1020/1/1020 1019/1/1019 1018/1/1018 
f 1018/1/1018 1021/1/1021 1020/1/1020 
f 1021/1/1021 1022/1/1022 1023/1/1023 
f 1023/1/1023 1020/1/1020 1021/1/1021 
f 1020/1/1020 1023/1/1023 996/1/996 
f 995/1/995 989/1/989 1019/1/1019 
f 1024/1/1024 1025/1/1025 1026/1/1026 
f 1026/1/1026 1027/1/1027 1024/1/1024 
f 1026/1/1026 1006/1/1006 1005/1/1005 
f 1027/1/1027 1005/1/1005 1003/1/1003 
f 1003/1/1003 1002/1/1002 1027/1/1027 
f 1002/1/1002 998/1/998 1024/1/1024 
f 1028/1/1028 1029/1/1029 1025/1/1025 
f 1024/1/1024 998/1/998 997/1/997 
f 997/1/997 1028/1/1028 1024/1/1024 
f 1023/1/1023 1028/1/1028 997/1/997 
f 997/1/997 996/1/996 1023/1/1023 
f 1028/1/1028 1023/1/1023 1022/1/1022 
f 1022/1/1022 1029/1/1029 1028/1/1028 
f 1030/1/1030 1026/1/1026 1025/1/1025 
f 1025/1/1025 1031/1/1031 1030/1/1030 
f 1031/1/1031 1032/1/1032 1033/1/1033 
f 1033/1/1033 1030/1/1030 1031/1/1031 
f 1030/1/1030 1033/1/1033 1034/1/1034 
f 1034/1/1034 1035/1/1035 1030/1/1030 
f 1035/1/1035 1006/1/1006 1026/1/1026 
f 1026/1/1026 1030/1/1030 1035/1/1035 
f 1036/1/1036 1033/1/1033 1032/1/1032 
f 1032/1/1032 1037/1/1037 1036/1/1036 
f 1037/1/1037 1038/1/1038 1039/1/1039 
f 1039/1/1039 1036/1/1036 1037/1/1037 
f 1036/1/1036 1039/1/1039 1040/1/1040 
f 1040/1/1040 1041/1/1041 1036/1/1036 
f 1041/1/1041 1034/1/1034 1033/1/1033 
f 1033/1/1033 1036/1/1036 1041/1/1041 
f 1042/1/1042 498/1/498 505/1/505 
f 505/1/505 1043/1/1043 1042/1/1042 
f 1043/1/1043 1044/1/1044 1045/1/1045 
f 1045/1/1045 1042/1/1042 1043/1/1043 
f 1042/1/1042 1045/1/1045 1046/1/1046 
f 1046/1/1046 1047/1/1047 1042/1/1042 
f 1047/1/1047 499/1/499 498/1/498 
f 498/1/498 1042/1/1042 1047/1/1047 
f 1029/1/1029 1022/1/1022 1048/1/1048 
f 1048/1/1048 1049/1/1049 1029/1/1029 
f 1048/1/1048 1038/1/1038 1037/1/1037 
f 1037/1/1037 1049/1/1049 1048/1/1048 
f 1049/1/1049 1037/1/1037 1032/1/1032 
f 1032/1/1032 1031/1/1031 1049/1/1049 
f 1031/1/1031 1025/1/1025 1029/1/1029 
f 1029/1/1029 1049/1/1049 1031/1/1031 
f 1050/1/1050 1051/1/1051 499/1/499 
f 499/1/499 1047/1/1047 1050/1/1050 
f 1047/1/1047 1046/1/1046 1052/1/1052 
f 1052/1/1052 1050/1/1050 1047/1/1047 
f 1050/1/1050 1052/1/1052 1053/1/1053 
f 1053/1/1053 1054/1/1054 1050/1/1050 
f 1054/1/1054 1055/1/1055 1051/1/1051 
f 1051/1/1051 1050/1/1050 1054/1/1054 
f 1056/1/1056 1057/1/1057 1058/1/1058 
f 1058/1/1058 1059/1/1059 1056/1/1056 
f 1059/1/1059 1058/1/1058 1060/1/1060 
f 1060/1/1060 1061/1/1061 1059/1/1059 
f 1061/1/1061 1046/1/1046 1045/1/1045 
f 1059/1/1059 1045/1/1045 1044/1/1044 
f 1044/1/1044 1056/1/1056 1059/1/1059 
f 1062/1/1062 1040/1/1040 1039/1/1039 
f 1039/1/1039 1063/1/1063 1062/1/1062 
f 1039/1/1039 1038/1/1038 1064/1/1064 
f 1064/1/1064 1063/1/1063 1039/1/1039 
f 1063/1/1063 1064/1/1064 1060/1/1060 
f 1060/1/1060 1058/1/1058 1063/1/1063 
f 1063/1/1063 1058/1/1058 1057/1/1057 
f 1057/1/1057 1062/1/1062 1063/1/1063 
f 1065/1/1065 1066/1/1066 1067/1/1067 
f 1068/1/1068 1067/1/1067 395/1/395 
f 395/1/395 394/1/394 1068/1/1068 
f 1068/1/1068 394/1/394 393/1/393 
f 559/1/559 558/1/558 1065/1/1065 
f 1065/1/1065 1068/1/1068 559/1/559 
f 1069/1/1069 1070/1/1070 1071/1/1071 
f 1070/1/1070 1072/1/1072 1073/1/1073 
f 1073/1/1073 1074/1/1074 1075/1/1075 
f 1071/1/1071 1075/1/1075 1076/1/1076 
f 1076/1/1076 1077/1/1077 1071/1/1071 
f 1078/1/1078 1079/1/1079 1080/1/1080 
f 1081/1/1081 1080/1/1080 563/1/563 
f 563/1/563 573/1/573 1081/1/1081 
f 1081/1/1081 573/1/573 572/1/572 
f 572/1/572 1078/1/1078 1081/1/1081 
f 1082/1/1082 1080/1/1080 1079/1/1079 
f 1079/1/1079 1083/1/1083 1082/1/1082 
f 1083/1/1083 1066/1/1066 1065/1/1065 
f 1065/1/1065 1082/1/1082 1083/1/1083 
f 1082/1/1082 1065/1/1065 558/1/558 
f 558/1/558 557/1/557 1082/1/1082 
f 557/1/557 563/1/563 1080/1/1080 
f 1084/1/1084 1083/1/1083 1079/1/1079 
f 1079/1/1079 1085/1/1085 1084/1/1084 
f 1085/1/1085 1086/1/1086 1087/1/1087 
f 1087/1/1087 1084/1/1084 1085/1/1085 
f 1084/1/1084 1087/1/1087 1088/1/1088 
f 1088/1/1088 1089/1/1089 1084/1/1084 
f 1089/1/1089 1066/1/1066 1083/1/1083 
f 1090/1/1090 1091/1/1091 1088/1/1088 
f 1087/1/1087 1086/1/1086 1092/1/1092 
f 1092/1/1092 1090/1/1090 1087/1/1087 
f 1090/1/1090 1092/1/1092 1072/1/1072 
f 1072/1/1072 1070/1/1070 1090/1/1090 
f 1070/1/1070 1069/1/1069 1091/1/1091 
f 1093/1/1093 1051/1/1051 1055/1/1055 
f 1055/1/1055 1094/1/1094 1093/1/1093 
f 1094/1/1094 1095/1/1095 1096/1/1096 
f 1096/1/1096 1093/1/1093 1094/1/1094 
f 1093/1/1093 1096/1/1096 501/1/501 
f 501/1/501 500/1/500 1093/1/1093 
f 500/1/500 499/1/499 1051/1/1051 
f 1051/1/1051 1093/1/1093 500/1/500 
f 1097/1/1097 532/1/532 524/1/524 
f 524/1/524 1098/1/1098 1097/1/1097 
f 1098/1/1098 1099/1/1099 1100/1/1100 
f 1100/1/1100 1097/1/1097 1098/1/1098 
f 1097/1/1097 1100/1/1100 552/1/552 
f 552/1/552 551/1/551 1097/1/1097 
f 551/1/551 533/1/533 532/1/532 
f 532/1/532 1097/1/1097 551/1/551 
f 1100/1/1100 1099/1/1099 1101/1/1101 
f 1101/1/1101 1102/1/1102 1100/1/1100 
f 1102/1/1102 1101/1/1101 1079/1/1079 
f 1078/1/1078 572/1/572 575/1/575 
f 575/1/575 1102/1/1102 1078/1/1078 
f 1102/1/1102 575/1/575 552/1/552 
f 552/1/552 1100/1/1100 1102/1/1102 
f 1103/1/1103 1104/1/1104 1095/1/1095 
f 1095/1/1095 1094/1/1094 1103/1/1103 
f 1094/1/1094 1055/1/1055 1105/1/1105 
f 1105/1/1105 1103/1/1103 1094/1/1094 
f 1103/1/1103 1105/1/1105 1074/1/1074 
f 1074/1/1074 1073/1/1073 1103/1/1103 
f 1073/1/1073 1072/1/1072 1104/1/1104 
f 1104/1/1104 1103/1/1103 1073/1/1073 
f 1106/1/1106 502/1/502 501/1/501 
f 501/1/501 1107/1/1107 1106/1/1106 
f 1107/1/1107 1108/1/1108 1109/1/1109 
f 1109/1/1109 1106/1/1106 1107/1/1107 
f 1106/1/1106 1109/1/1109 1110/1/1110 
f 1110/1/1110 1111/1/1111 1106/1/1106 
f 1111/1/1111 503/1/503 502/1/502 
f 502/1/502 1106/1/1106 1111/1/1111 
f 1112/1/1112 1092/1/1092 1086/1/1086 
f 1086/1/1086 1113/1/1113 1112/1/1112 
f 1113/1/1113 1114/1/1114 1115/1/1115 
f 1115/1/1115 1112/1/1112 1113/1/1113 
f 1112/1/1112 1115/1/1115 1095/1/1095 
f 1095/1/1095 1104/1/1104 1112/1/1112 
f 1104/1/1104 1072/1/1072 1092/1/1092 
f 1092/1/1092 1112/1/1112 1104/1/1104 
f 1116/1/1116 1117/1/1117 1114/1/1114 
f 1114/1/1114 1118/1/1118 1116/1/1116 
f 1116/1/1116 1118/1/1118 1099/1/1099 
f 1099/1/1099 1119/1/1119 1116/1/1116 
f 1119/1/1119 1108/1/1108 1117/1/1117 
f 1120/1/1120 523/1/523 514/1/514 
f 514/1/514 1121/1/1121 1120/1/1120 
f 1121/1/1121 1108/1/1108 1119/1/1119 
f 1119/1/1119 1120/1/1120 1121/1/1121 
f 1119/1/1119 1099/1/1099 1098/1/1098 
f 1098/1/1098 1120/1/1120 1119/1/1119 
f 1098/1/1098 524/1/524 523/1/523 
f 523/1/523 1120/1/1120 1098/1/1098 
f 1122/1/1122 1115/1/1115 1114/1/1114 
f 1114/1/1114 1117/1/1117 1122/1/1122 
f 1117/1/1117 1108/1/1108 1107/1/1107 
f 1107/1/1107 1122/1/1122 1117/1/1117 
f 1122/1/1122 1107/1/1107 501/1/501 
f 501/1/501 1096/1/1096 1122/1/1122 
f 1096/1/1096 1095/1/1095 1115/1/1115 
f 1115/1/1115 1122/1/1122 1096/1/1096 
f 1109/1/1109 1108/1/1108 1121/1/1121 
f 1121/1/1121 1123/1/1123 1109/1/1109 
f 1121/1/1121 514/1/514 513/1/513 
f 513/1/513 1123/1/1123 1121/1/1121 
f 1123/1/1123 513/1/513 517/1/517 
f 517/1/517 1124/1/1124 1123/1/1123 
f 1109/1/1109 1123/1/1123 1124/1/1124 
f 1124/1/1124 1110/1/1110 1109/1/1109 
f 1125/1/1125 1101/1/1101 1099/1/1099 
f 1099/1/1099 1118/1/1118 1125/1/1125 
f 1118/1/1118 1114/1/1114 1113/1/1113 
f 1113/1/1113 1125/1/1125 1118/1/1118 
f 1125/1/1125 1113/1/1113 1086/1/1086 
f 1086/1/1086 1085/1/1085 1125/1/1125 
f 1085/1/1085 1079/1/1079 1101/1/1101 
f 1101/1/1101 1125/1/1125 1085/1/1085 
f 1126/1/1126 345/1/345 340/1/340 
f 340/1/340 1127/1/1127 1126/1/1126 
f 1127/1/1127 1128/1/1128 1129/1/1129 
f 1129/1/1129 1126/1/1126 1127/1/1127 
f 1126/1/1126 1129/1/1129 431/1/431 
f 431/1/431 430/1/430 1126/1/1126 
f 430/1/430 346/1/346 345/1/345 
f 345/1/345 1126/1/1126 430/1/430 
f 1130/1/1130 428/1/428 431/1/431 
f 1131/1/1131 1130/1/1130 1132/1/1132 
f 1132/1/1132 1133/1/1133 1131/1/1131 
f 1130/1/1130 1131/1/1131 389/1/389 
f 389/1/389 388/1/388 1130/1/1130 
f 388/1/388 387/1/387 428/1/428 
f 428/1/428 1130/1/1130 388/1/388 
f 1134/1/1134 1131/1/1131 1133/1/1133 
f 1133/1/1133 1135/1/1135 1134/1/1134 
f 1134/1/1134 1135/1/1135 1136/1/1136 
f 1136/1/1136 1137/1/1137 1134/1/1134 
f 1134/1/1134 1137/1/1137 399/1/399 
f 399/1/399 398/1/398 1134/1/1134 
f 398/1/398 389/1/389 1131/1/1131 
f 1131/1/1131 1134/1/1134 398/1/398 
f 1138/1/1138 1139/1/1139 1140/1/1140 
f 1140/1/1140 1141/1/1141 1138/1/1138 
f 1138/1/1138 1141/1/1141 403/1/403 
f 403/1/403 402/1/402 1138/1/1138 
f 1138/1/1138 402/1/402 399/1/399 
f 399/1/399 1137/1/1137 1138/1/1138 
f 1137/1/1137 1136/1/1136 1139/1/1139 
f 1139/1/1139 1138/1/1138 1137/1/1137 
f 1142/1/1142 1143/1/1143 1144/1/1144 
f 1144/1/1144 1145/1/1145 1142/1/1142 
f 1145/1/1145 413/1/413 412/1/412 
f 1142/1/1142 412/1/412 403/1/403 
f 403/1/403 1141/1/1141 1142/1/1142 
f 1141/1/1141 1140/1/1140 1143/1/1143 
f 1143/1/1143 1142/1/1142 1141/1/1141 
f 1146/1/1146 424/1/424 413/1/413 
f 413/1/413 1145/1/1145 1146/1/1146 
f 1145/1/1145 1144/1/1144 1147/1/1147 
f 1147/1/1147 1146/1/1146 1145/1/1145 
f 1146/1/1146 1147/1/1147 1148/1/1148 
f 1148/1/1148 1149/1/1149 1146/1/1146 
f 1149/1/1149 425/1/425 424/1/424 
f 424/1/424 1146/1/1146 1149/1/1149 
f 1150/1/1150 1151/1/1151 1152/1/1152 
f 1152/1/1152 1153/1/1153 1150/1/1150 
f 1152/1/1152 1154/1/1154 1155/1/1155 
f 1155/1/1155 1153/1/1153 1152/1/1152 
f 1155/1/1155 1156/1/1156 1157/1/1157 
f 1157/1/1157 1153/1/1153 1155/1/1155 
f 1157/1/1157 1148/1/1148 1150/1/1150 
f 1150/1/1150 1153/1/1153 1157/1/1157 
f 1158/1/1158 1147/1/1147 1144/1/1144 
f 1144/1/1144 1159/1/1159 1158/1/1158 
f 1159/1/1159 1160/1/1160 1161/1/1161 
f 1161/1/1161 1158/1/1158 1159/1/1159 
f 1158/1/1158 1161/1/1161 1151/1/1151 
f 1151/1/1151 1150/1/1150 1158/1/1158 
f 1150/1/1150 1148/1/1148 1147/1/1147 
f 1147/1/1147 1158/1/1158 1150/1/1150 
f 1162/1/1162 1163/1/1163 1164/1/1164 
f 1164/1/1164 1165/1/1165 1162/1/1162 
f 1165/1/1165 1164/1/1164 1160/1/1160 
f 1160/1/1160 1159/1/1159 1165/1/1165 
f 1165/1/1165 1159/1/1159 1144/1/1144 
f 1144/1/1144 1143/1/1143 1165/1/1165 
f 1165/1/1165 1143/1/1143 1140/1/1140 
f 1140/1/1140 1162/1/1162 1165/1/1165 
f 1166/1/1166 1139/1/1139 1136/1/1136 
f 1136/1/1136 1167/1/1167 1166/1/1166 
f 1167/1/1167 1168/1/1168 1169/1/1169 
f 1169/1/1169 1166/1/1166 1167/1/1167 
f 1166/1/1166 1169/1/1169 1163/1/1163 
f 1162/1/1162 1140/1/1140 1139/1/1139 
f 1139/1/1139 1166/1/1166 1162/1/1162 
f 1170/1/1170 1135/1/1135 1133/1/1133 
f 1133/1/1133 1171/1/1171 1170/1/1170 
f 1171/1/1171 1172/1/1172 1173/1/1173 
f 1173/1/1173 1170/1/1170 1171/1/1171 
f 1170/1/1170 1173/1/1173 1168/1/1168 
f 1168/1/1168 1167/1/1167 1170/1/1170 
f 1167/1/1167 1136/1/1136 1135/1/1135 
f 1135/1/1135 1170/1/1170 1167/1/1167 
f 1174/1/1174 1175/1/1175 1172/1/1172 
f 1171/1/1171 1133/1/1133 1132/1/1132 
f 1132/1/1132 1174/1/1174 1171/1/1171 
f 1174/1/1174 1132/1/1132 431/1/431 
f 431/1/431 1129/1/1129 1174/1/1174 
f 1129/1/1129 1128/1/1128 1175/1/1175 
f 1176/1/1176 1177/1/1177 1178/1/1178 
f 1178/1/1178 1179/1/1179 1176/1/1176 
f 1179/1/1179 1128/1/1128 1127/1/1127 
f 1127/1/1127 1176/1/1176 1179/1/1179 
f 1176/1/1176 1127/1/1127 340/1/340 
f 340/1/340 338/1/338 1176/1/1176 
f 1176/1/1176 338/1/338 337/1/337 
f 337/1/337 1177/1/1177 1176/1/1176 
f 1180/1/1180 1157/1/1157 1156/1/1156 
f 1181/1/1181 1182/1/1182 1183/1/1183 
f 1183/1/1183 1180/1/1180 1181/1/1181 
f 1180/1/1180 1183/1/1183 425/1/425 
f 425/1/425 1149/1/1149 1180/1/1180 
f 1149/1/1149 1148/1/1148 1157/1/1157 
f 1184/1/1184 1183/1/1183 1182/1/1182 
f 1182/1/1182 1185/1/1185 1184/1/1184 
f 1185/1/1185 1186/1/1186 1187/1/1187 
f 1187/1/1187 1184/1/1184 1185/1/1185 
f 1184/1/1184 1187/1/1187 421/1/421 
f 421/1/421 426/1/426 1184/1/1184 
f 426/1/426 425/1/425 1183/1/1183 
f 1183/1/1183 1184/1/1184 426/1/426 
f 1181/1/1181 1156/1/1156 1188/1/1188 
f 1188/1/1188 1189/1/1189 1181/1/1181 
f 1190/1/1190 1189/1/1189 1188/1/1188 
f 1188/1/1188 1191/1/1191 1190/1/1190 
f 1190/1/1190 1192/1/1192 1193/1/1193 
f 1181/1/1181 1189/1/1189 1193/1/1193 
f 1193/1/1193 1182/1/1182 1181/1/1181 
f 1194/1/1194 1195/1/1195 1196/1/1196 
f 1196/1/1196 1197/1/1197 1194/1/1194 
f 1197/1/1197 1191/1/1191 1188/1/1188 
f 1188/1/1188 1194/1/1194 1197/1/1197 
f 1194/1/1194 1188/1/1188 1156/1/1156 
f 1156/1/1156 1155/1/1155 1194/1/1194 
f 1155/1/1155 1154/1/1154 1195/1/1195 
f 1195/1/1195 1194/1/1194 1155/1/1155 
f 1198/1/1198 1199/1/1199 1200/1/1200 
f 1200/1/1200 1201/1/1201 1198/1/1198 
f 1201/1/1201 1202/1/1202 1203/1/1203 
f 1198/1/1198 1203/1/1203 1196/1/1196 
f 1196/1/1196 1195/1/1195 1198/1/1198 
f 1195/1/1195 1154/1/1154 1199/1/1199 
f 1199/1/1199 1198/1/1198 1195/1/1195 
f 1199/1/1199 1154/1/1154 1204/1/1204 
f 1204/1/1204 1205/1/1205 1206/1/1206 
f 1206/1/1206 1207/1/1207 1204/1/1204 
f 1207/1/1207 1206/1/1206 1208/1/1208 
f 1208/1/1208 1209/1/1209 1207/1/1207 
f 1209/1/1209 1200/1/1200 1199/1/1199 
f 1199/1/1199 1207/1/1207 1209/1/1209 
f 1210/1/1210 1152/1/1152 1151/1/1151 
f 1151/1/1151 1211/1/1211 1210/1/1210 
f 1211/1/1211 1212/1/1212 1213/1/1213 
f 1213/1/1213 1210/1/1210 1211/1/1211 
f 1210/1/1210 1213/1/1213 1205/1/1205 
f 1205/1/1205 1204/1/1204 1210/1/1210 
f 1204/1/1204 1154/1/1154 1152/1/1152 
f 1152/1/1152 1210/1/1210 1204/1/1204 
f 1214/1/1214 1161/1/1161 1160/1/1160 
f 1160/1/1160 1215/1/1215 1214/1/1214 
f 1215/1/1215 1216/1/1216 1217/1/1217 
f 1217/1/1217 1214/1/1214 1215/1/1215 
f 1214/1/1214 1217/1/1217 1212/1/1212 
f 1212/1/1212 1211/1/1211 1214/1/1214 
f 1211/1/1211 1151/1/1151 1161/1/1161 
f 1161/1/1161 1214/1/1214 1211/1/1211 
f 1218/1/1218 1164/1/1164 1163/1/1163 
f 1163/1/1163 1219/1/1219 1218/1/1218 
f 1219/1/1219 1220/1/1220 1221/1/1221 
f 1221/1/1221 1218/1/1218 1219/1/1219 
f 1218/1/1218 1221/1/1221 1216/1/1216 
f 1216/1/1216 1215/1/1215 1218/1/1218 
f 1215/1/1215 1160/1/1160 1164/1/1164 
f 1164/1/1164 1218/1/1218 1215/1/1215 
f 1169/1/1169 1168/1/1168 1222/1/1222 
f 1222/1/1222 1223/1/1223 1169/1/1169 
f 1223/1/1223 1222/1/1222 1224/1/1224 
f 1224/1/1224 1225/1/1225 1223/1/1223 
f 1223/1/1223 1225/1/1225 1220/1/1220 
f 1220/1/1220 1219/1/1219 1223/1/1223 
f 1219/1/1219 1163/1/1163 1169/1/1169 
f 1169/1/1169 1223/1/1223 1219/1/1219 
f 1226/1/1226 396/1/396 395/1/395 
f 1227/1/1227 1228/1/1228 1229/1/1229 
f 1229/1/1229 1226/1/1226 1227/1/1227 
f 1226/1/1226 1229/1/1229 1178/1/1178 
f 1178/1/1178 1177/1/1177 1226/1/1226 
f 1177/1/1177 337/1/337 396/1/396 
f 1230/1/1230 1175/1/1175 1128/1/1128 
f 1128/1/1128 1179/1/1179 1230/1/1230 
f 1179/1/1179 1178/1/1178 1231/1/1231 
f 1232/1/1232 1230/1/1230 1231/1/1231 
f 1231/1/1231 1233/1/1233 1232/1/1232 
f 1232/1/1232 1172/1/1172 1175/1/1175 
f 1175/1/1175 1230/1/1230 1232/1/1232 
f 1234/1/1234 1222/1/1222 1168/1/1168 
f 1168/1/1168 1173/1/1173 1234/1/1234 
f 1173/1/1173 1172/1/1172 1232/1/1232 
f 1232/1/1232 1234/1/1234 1173/1/1173 
f 1234/1/1234 1232/1/1232 1233/1/1233 
f 1233/1/1233 1235/1/1235 1234/1/1234 
f 1235/1/1235 1224/1/1224 1222/1/1222 
f 1222/1/1222 1234/1/1234 1235/1/1235 
f 1236/1/1236 1229/1/1229 1228/1/1228 
f 1228/1/1228 1237/1/1237 1236/1/1236 
f 1237/1/1237 1238/1/1238 1239/1/1239 
f 1239/1/1239 1236/1/1236 1237/1/1237 
f 1236/1/1236 1239/1/1239 1233/1/1233 
f 1233/1/1233 1231/1/1231 1236/1/1236 
f 1231/1/1231 1178/1/1178 1229/1/1229 
f 1229/1/1229 1236/1/1236 1231/1/1231 
f 1089/1/1089 1088/1/1088 1091/1/1091 
f 1091/1/1091 1069/1/1069 1240/1/1240 
f 1241/1/1241 1240/1/1240 1242/1/1242 
f 1242/1/1242 1243/1/1243 1241/1/1241 
f 1243/1/1243 1066/1/1066 1089/1/1089 
f 1089/1/1089 1241/1/1241 1243/1/1243 
f 1244/1/1244 1239/1/1239 1238/1/1238 
f 1238/1/1238 1245/1/1245 1244/1/1244 
f 1245/1/1245 1246/1/1246 1247/1/1247 
f 1247/1/1247 1244/1/1244 1245/1/1245 
f 1244/1/1244 1247/1/1247 1224/1/1224 
f 1224/1/1224 1235/1/1235 1244/1/1244 
f 1235/1/1235 1233/1/1233 1239/1/1239 
f 1239/1/1239 1244/1/1244 1235/1/1235 
f 1067/1/1067 1066/1/1066 1243/1/1243 
f 1243/1/1243 1248/1/1248 1067/1/1067 
f 1243/1/1243 1242/1/1242 1249/1/1249 
f 1249/1/1249 1248/1/1248 1243/1/1243 
f 1248/1/1248 1249/1/1249 1228/1/1228 
f 1228/1/1228 1227/1/1227 1248/1/1248 
f 1227/1/1227 395/1/395 1067/1/1067 
f 1067/1/1067 1248/1/1248 1227/1/1227 
f 1250/1/1250 1237/1/1237 1228/1/1228 
f 1228/1/1228 1249/1/1249 1250/1/1250 
f 1249/1/1249 1242/1/1242 1251/1/1251 
f 1251/1/1251 1250/1/1250 1249/1/1249 
f 1250/1/1250 1251/1/1251 1246/1/1246 
f 1246/1/1246 1245/1/1245 1250/1/1250 
f 1245/1/1245 1238/1/1238 1237/1/1237 
f 1237/1/1237 1250/1/1250 1245/1/1245 
f 1252/1/1252 1240/1/1240 1069/1/1069 
f 1069/1/1069 1077/1/1077 1252/1/1252 
f 1077/1/1077 1076/1/1076 1253/1/1253 
f 1253/1/1253 1252/1/1252 1077/1/1077 
f 1252/1/1252 1253/1/1253 1254/1/1254 
f 1254/1/1254 1255/1/1255 1252/1/1252 
f 1255/1/1255 1242/1/1242 1240/1/1240 
f 1240/1/1240 1252/1/1252 1255/1/1255 
f 1256/1/1256 1257/1/1257 1258/1/1258 
f 1258/1/1258 1259/1/1259 1256/1/1256 
f 1259/1/1259 1260/1/1260 1261/1/1261 
f 1261/1/1261 1256/1/1256 1259/1/1259 
f 1261/1/1261 1216/1/1216 1221/1/1221 
f 1221/1/1221 1256/1/1256 1261/1/1261 
f 1221/1/1221 1220/1/1220 1257/1/1257 
f 1257/1/1257 1256/1/1256 1221/1/1221 
f 1262/1/1262 1247/1/1247 1246/1/1246 
f 1246/1/1246 1263/1/1263 1262/1/1262 
f 1263/1/1263 1258/1/1258 1257/1/1257 
f 1257/1/1257 1262/1/1262 1263/1/1263 
f 1262/1/1262 1257/1/1257 1220/1/1220 
f 1220/1/1220 1225/1/1225 1262/1/1262 
f 1225/1/1225 1224/1/1224 1247/1/1247 
f 1247/1/1247 1262/1/1262 1225/1/1225 
f 1264/1/1264 1251/1/1251 1242/1/1242 
f 1242/1/1242 1255/1/1255 1264/1/1264 
f 1255/1/1255 1254/1/1254 1265/1/1265 
f 1265/1/1265 1264/1/1264 1255/1/1255 
f 1264/1/1264 1265/1/1265 1258/1/1258 
f 1258/1/1258 1263/1/1263 1264/1/1264 
f 1263/1/1263 1246/1/1246 1251/1/1251 
f 1251/1/1251 1264/1/1264 1263/1/1263 
f 1266/1/1266 1217/1/1217 1216/1/1216 
f 1216/1/1216 1261/1/1261 1266/1/1266 
f 1266/1/1266 1261/1/1261 1260/1/1260 
f 1260/1/1260 1267/1/1267 1266/1/1266 
f 1267/1/1267 1268/1/1268 1269/1/1269 
f 1269/1/1269 1266/1/1266 1267/1/1267 
f 1269/1/1269 1212/1/1212 1217/1/1217 
f 1217/1/1217 1266/1/1266 1269/1/1269 
f 1270/1/1270 1265/1/1265 1254/1/1254 
f 1254/1/1254 1271/1/1271 1270/1/1270 
f 1271/1/1271 1272/1/1272 1273/1/1273 
f 1273/1/1273 1270/1/1270 1271/1/1271 
f 1270/1/1270 1273/1/1273 1260/1/1260 
f 1260/1/1260 1259/1/1259 1270/1/1270 
f 1259/1/1259 1258/1/1258 1265/1/1265 
f 1265/1/1265 1270/1/1270 1259/1/1259 
f 1274/1/1274 1213/1/1213 1212/1/1212 
f 1212/1/1212 1269/1/1269 1274/1/1274 
f 1274/1/1274 1269/1/1269 1268/1/1268 
f 1268/1/1268 1275/1/1275 1274/1/1274 
f 1275/1/1275 1276/1/1276 1277/1/1277 
f 1277/1/1277 1274/1/1274 1275/1/1275 
f 1277/1/1277 1205/1/1205 1213/1/1213 
f 1213/1/1213 1274/1/1274 1277/1/1277 
f 1278/1/1278 1206/1/1206 1205/1/1205 
f 1205/1/1205 1277/1/1277 1278/1/1278 
f 1277/1/1277 1276/1/1276 1279/1/1279 
f 1279/1/1279 1278/1/1278 1277/1/1277 
f 1278/1/1278 1279/1/1279 1280/1/1280 
f 1280/1/1280 1281/1/1281 1278/1/1278 
f 1281/1/1281 1208/1/1208 1206/1/1206 
f 1282/1/1282 1283/1/1283 1284/1/1284 
f 1284/1/1284 1285/1/1285 1282/1/1282 
f 1285/1/1285 1286/1/1286 1287/1/1287 
f 1287/1/1287 1282/1/1282 1285/1/1285 
f 1282/1/1282 1287/1/1287 1196/1/1196 
f 1196/1/1196 1203/1/1203 1282/1/1282 
f 1203/1/1203 1202/1/1202 1283/1/1283 
f 1283/1/1283 1282/1/1282 1203/1/1203 
f 1288/1/1288 1197/1/1197 1196/1/1196 
f 1196/1/1196 1287/1/1287 1288/1/1288 
f 1287/1/1287 1286/1/1286 1289/1/1289 
f 1289/1/1289 1288/1/1288 1287/1/1287 
f 1288/1/1288 1289/1/1289 1290/1/1290 
f 1290/1/1290 1291/1/1291 1288/1/1288 
f 1291/1/1291 1191/1/1191 1197/1/1197 
f 1197/1/1197 1288/1/1288 1291/1/1291 
f 1190/1/1190 1191/1/1191 1291/1/1291 
f 1291/1/1291 1292/1/1292 1190/1/1190 
f 1292/1/1292 1291/1/1291 1290/1/1290 
f 1293/1/1293 1294/1/1294 1295/1/1295 
f 1292/1/1292 1295/1/1295 1192/1/1192 
f 1296/1/1296 1253/1/1253 1076/1/1076 
f 1076/1/1076 1297/1/1297 1296/1/1296 
f 1297/1/1297 1298/1/1298 1299/1/1299 
f 1299/1/1299 1296/1/1296 1297/1/1297 
f 1296/1/1296 1299/1/1299 1272/1/1272 
f 1272/1/1272 1271/1/1271 1296/1/1296 
f 1271/1/1271 1254/1/1254 1253/1/1253 
f 1253/1/1253 1296/1/1296 1271/1/1271 
f 1300/1/1300 1273/1/1273 1272/1/1272 
f 1272/1/1272 1301/1/1301 1300/1/1300 
f 1301/1/1301 1302/1/1302 1303/1/1303 
f 1303/1/1303 1300/1/1300 1301/1/1301 
f 1300/1/1300 1303/1/1303 1268/1/1268 
f 1268/1/1268 1267/1/1267 1300/1/1300 
f 1267/1/1267 1260/1/1260 1273/1/1273 
f 1273/1/1273 1300/1/1300 1267/1/1267 
f 1304/1/1304 1299/1/1299 1298/1/1298 
f 1298/1/1298 1305/1/1305 1304/1/1304 
f 1305/1/1305 1306/1/1306 1307/1/1307 
f 1307/1/1307 1304/1/1304 1305/1/1305 
f 1304/1/1304 1307/1/1307 1302/1/1302 
f 1302/1/1302 1301/1/1301 1304/1/1304 
f 1301/1/1301 1272/1/1272 1299/1/1299 
f 1299/1/1299 1304/1/1304 1301/1/1301 
f 1308/1/1308 1309/1/1309 1310/1/1310 
f 1310/1/1310 1311/1/1311 1308/1/1308 
f 1308/1/1308 1311/1/1311 1312/1/1312 
f 1312/1/1312 1313/1/1313 1308/1/1308 
f 1313/1/1313 1302/1/1302 1307/1/1307 
f 1308/1/1308 1307/1/1307 1306/1/1306 
f 1306/1/1306 1309/1/1309 1308/1/1308 
f 1314/1/1314 1315/1/1315 1310/1/1310 
f 1310/1/1310 1316/1/1316 1314/1/1314 
f 1316/1/1316 1294/1/1294 1293/1/1293 
f 1293/1/1293 1314/1/1314 1316/1/1316 
f 1314/1/1314 1293/1/1293 1290/1/1290 
f 1290/1/1290 1317/1/1317 1314/1/1314 
f 1317/1/1317 1318/1/1318 1315/1/1315 
f 1315/1/1315 1314/1/1314 1317/1/1317 
f 1319/1/1319 1303/1/1303 1302/1/1302 
f 1302/1/1302 1313/1/1313 1319/1/1319 
f 1313/1/1313 1312/1/1312 1320/1/1320 
f 1320/1/1320 1319/1/1319 1313/1/1313 
f 1319/1/1319 1320/1/1320 1276/1/1276 
f 1276/1/1276 1275/1/1275 1319/1/1319 
f 1275/1/1275 1268/1/1268 1303/1/1303 
f 1303/1/1303 1319/1/1319 1275/1/1275 
f 1321/1/1321 1285/1/1285 1284/1/1284 
f 1284/1/1284 1322/1/1322 1321/1/1321 
f 1321/1/1321 1322/1/1322 1323/1/1323 
f 1323/1/1323 1324/1/1324 1321/1/1321 
f 1321/1/1321 1324/1/1324 1325/1/1325 
f 1325/1/1325 1326/1/1326 1321/1/1321 
f 1326/1/1326 1286/1/1286 1285/1/1285 
f 1285/1/1285 1321/1/1321 1326/1/1326 
f 1327/1/1327 1289/1/1289 1286/1/1286 
f 1286/1/1286 1326/1/1326 1327/1/1327 
f 1326/1/1326 1325/1/1325 1328/1/1328 
f 1328/1/1328 1327/1/1327 1326/1/1326 
f 1327/1/1327 1328/1/1328 1318/1/1318 
f 1318/1/1318 1317/1/1317 1327/1/1327 
f 1317/1/1317 1290/1/1290 1289/1/1289 
f 1289/1/1289 1327/1/1327 1317/1/1317 
f 1329/1/1329 1315/1/1315 1318/1/1318 
f 1318/1/1318 1328/1/1328 1329/1/1329 
f 1328/1/1328 1325/1/1325 1330/1/1330 
f 1330/1/1330 1329/1/1329 1328/1/1328 
f 1330/1/1330 1312/1/1312 1311/1/1311 
f 1311/1/1311 1329/1/1329 1330/1/1330 
f 1311/1/1311 1310/1/1310 1315/1/1315 
f 1315/1/1315 1329/1/1329 1311/1/1311 
f 1331/1/1331 1330/1/1330 1325/1/1325 
f 1325/1/1325 1324/1/1324 1331/1/1331 
f 1324/1/1324 1323/1/1323 1332/1/1332 
f 1332/1/1332 1331/1/1331 1324/1/1324 
f 1331/1/1331 1332/1/1332 1333/1/1333 
f 1333/1/1333 1334/1/1334 1331/1/1331 
f 1334/1/1334 1312/1/1312 1330/1/1330 
f 1335/1/1335 1320/1/1320 1312/1/1312 
f 1312/1/1312 1334/1/1334 1335/1/1335 
f 1334/1/1334 1333/1/1333 1336/1/1336 
f 1336/1/1336 1335/1/1335 1334/1/1334 
f 1336/1/1336 1280/1/1280 1279/1/1279 
f 1279/1/1279 1335/1/1335 1336/1/1336 
f 1279/1/1279 1276/1/1276 1320/1/1320 
f 1320/1/1320 1335/1/1335 1279/1/1279 
f 1337/1/1337 1333/1/1333 1332/1/1332 
f 1332/1/1332 1338/1/1338 1337/1/1337 
f 1338/1/1338 1332/1/1332 1323/1/1323 
f 1323/1/1323 1339/1/1339 1338/1/1338 
f 1338/1/1338 1339/1/1339 1340/1/1340 
f 1340/1/1340 1337/1/1337 1338/1/1338 
f 1341/1/1341 1342/1/1342 1343/1/1343 
f 1343/1/1343 1344/1/1344 1341/1/1341 
f 1343/1/1343 1340/1/1340 1339/1/1339 
f 1339/1/1339 1344/1/1344 1343/1/1343 
f 1322/1/1322 1344/1/1344 1339/1/1339 
f 1339/1/1339 1323/1/1323 1322/1/1322 
f 1344/1/1344 1322/1/1322 1284/1/1284 
f 1284/1/1284 1341/1/1341 1344/1/1344 
f 1345/1/1345 1105/1/1105 1055/1/1055 
f 1055/1/1055 1054/1/1054 1345/1/1345 
f 1054/1/1054 1053/1/1053 1346/1/1346 
f 1346/1/1346 1345/1/1345 1054/1/1054 
f 1345/1/1345 1346/1/1346 1347/1/1347 
f 1348/1/1348 1074/1/1074 1105/1/1105 
f 1105/1/1105 1345/1/1345 1348/1/1348 
f 1349/1/1349 1075/1/1075 1074/1/1074 
f 1348/1/1348 1347/1/1347 1350/1/1350 
f 1350/1/1350 1349/1/1349 1348/1/1348 
f 1349/1/1349 1350/1/1350 1298/1/1298 
f 1298/1/1298 1297/1/1297 1349/1/1349 
f 1297/1/1297 1076/1/1076 1075/1/1075 
f 1075/1/1075 1349/1/1349 1297/1/1297 
f 1351/1/1351 1352/1/1352 1061/1/1061 
f 1061/1/1061 1060/1/1060 1351/1/1351 
f 1351/1/1351 1353/1/1353 1354/1/1354 
f 1354/1/1354 1352/1/1352 1351/1/1351 
f 1354/1/1354 1053/1/1053 1052/1/1052 
f 1052/1/1052 1352/1/1352 1354/1/1354 
f 1352/1/1352 1052/1/1052 1046/1/1046 
f 1046/1/1046 1061/1/1061 1352/1/1352 
f 1355/1/1355 1346/1/1346 1053/1/1053 
f 1053/1/1053 1354/1/1354 1355/1/1355 
f 1354/1/1354 1353/1/1353 1356/1/1356 
f 1356/1/1356 1355/1/1355 1354/1/1354 
f 1355/1/1355 1356/1/1356 1357/1/1357 
f 1357/1/1357 1358/1/1358 1355/1/1355 
f 1358/1/1358 1347/1/1347 1346/1/1346 
f 1346/1/1346 1355/1/1355 1358/1/1358 
f 1064/1/1064 1038/1/1038 1359/1/1359 
f 1359/1/1359 1360/1/1360 1064/1/1064 
f 1359/1/1359 1361/1/1361 1362/1/1362 
f 1362/1/1362 1360/1/1360 1359/1/1359 
f 1360/1/1360 1362/1/1362 1353/1/1353 
f 1353/1/1353 1351/1/1351 1360/1/1360 
f 1351/1/1351 1060/1/1060 1064/1/1064 
f 1064/1/1064 1360/1/1360 1351/1/1351 
f 1363/1/1363 1364/1/1364 1365/1/1365 
f 1365/1/1365 1366/1/1366 1363/1/1363 
f 1366/1/1366 1361/1/1361 1367/1/1367 
f 1367/1/1367 1363/1/1363 1366/1/1366 
f 1363/1/1363 1367/1/1367 1018/1/1018 
f 1018/1/1018 1017/1/1017 1363/1/1363 
f 1017/1/1017 1014/1/1014 1364/1/1364 
f 1364/1/1364 1363/1/1363 1017/1/1017 
f 1368/1/1368 1367/1/1367 1361/1/1361 
f 1361/1/1361 1359/1/1359 1368/1/1368 
f 1359/1/1359 1038/1/1038 1048/1/1048 
f 1048/1/1048 1368/1/1368 1359/1/1359 
f 1368/1/1368 1048/1/1048 1022/1/1022 
f 1022/1/1022 1021/1/1021 1368/1/1368 
f 1021/1/1021 1018/1/1018 1367/1/1367 
f 1367/1/1367 1368/1/1368 1021/1/1021 
f 1369/1/1369 418/1/418 417/1/417 
f 417/1/417 1370/1/1370 1369/1/1369 
f 1370/1/1370 1371/1/1371 1372/1/1372 
f 1372/1/1372 1369/1/1369 1370/1/1370 
f 1369/1/1369 1372/1/1372 981/1/981 
f 981/1/981 980/1/980 1369/1/1369 
f 980/1/980 367/1/367 418/1/418 
f 418/1/418 1369/1/1369 980/1/980 
f 1373/1/1373 1309/1/1309 1306/1/1306 
f 1306/1/1306 1374/1/1374 1373/1/1373 
f 1375/1/1375 1373/1/1373 1374/1/1374 
f 1374/1/1374 1376/1/1376 1375/1/1375 
f 1373/1/1373 1375/1/1375 1294/1/1294 
f 1294/1/1294 1316/1/1316 1373/1/1373 
f 1316/1/1316 1310/1/1310 1309/1/1309 
f 1309/1/1309 1373/1/1373 1316/1/1316 
f 1305/1/1305 1298/1/1298 1350/1/1350 
f 1350/1/1350 1377/1/1377 1305/1/1305 
f 1347/1/1347 1378/1/1378 1377/1/1377 
f 1378/1/1378 1376/1/1376 1374/1/1374 
f 1377/1/1377 1374/1/1374 1306/1/1306 
f 1306/1/1306 1305/1/1305 1377/1/1377 
f 1379/1/1379 1358/1/1358 1357/1/1357 
f 1357/1/1357 1380/1/1380 1379/1/1379 
f 1379/1/1379 1380/1/1380 1381/1/1381 
f 1381/1/1381 1382/1/1382 1379/1/1379 
f 1379/1/1379 1382/1/1382 1376/1/1376 
f 1378/1/1378 1347/1/1347 1358/1/1358 
f 1356/1/1356 1353/1/1353 1362/1/1362 
f 1362/1/1362 1383/1/1383 1356/1/1356 
f 1383/1/1383 1362/1/1362 1361/1/1361 
f 1361/1/1361 1384/1/1384 1383/1/1383 
f 1384/1/1384 1381/1/1381 1380/1/1380 
f 1380/1/1380 1383/1/1383 1384/1/1384 
f 1383/1/1383 1380/1/1380 1357/1/1357 
f 1357/1/1357 1356/1/1356 1383/1/1383 
f 1385/1/1385 1372/1/1372 1371/1/1371 
f 1371/1/1371 1386/1/1386 1385/1/1385 
f 1386/1/1386 1365/1/1365 1364/1/1364 
f 1364/1/1364 1385/1/1385 1386/1/1386 
f 1385/1/1385 1364/1/1364 1014/1/1014 
f 1014/1/1014 1013/1/1013 1385/1/1385 
f 1013/1/1013 981/1/981 1372/1/1372 
f 1372/1/1372 1385/1/1385 1013/1/1013 
f 1387/1/1387 1187/1/1187 1186/1/1186 
f 1388/1/1388 1371/1/1371 1370/1/1370 
f 1370/1/1370 1387/1/1387 1388/1/1388 
f 1387/1/1387 1370/1/1370 417/1/417 
f 417/1/417 422/1/422 1387/1/1387 
f 422/1/422 421/1/421 1187/1/1187 
f 1187/1/1187 1387/1/1387 422/1/422 
f 1389/1/1389 1371/1/1371 1388/1/1388 
f 1388/1/1388 1186/1/1186 1390/1/1390 
f 1390/1/1390 1391/1/1391 1388/1/1388 
f 1391/1/1391 1390/1/1390 1392/1/1392 
f 1392/1/1392 1389/1/1389 1391/1/1391 
f 1393/1/1393 1366/1/1366 1365/1/1365 
f 1365/1/1365 1386/1/1386 1393/1/1393 
f 1386/1/1386 1371/1/1371 1394/1/1394 
f 1394/1/1394 1393/1/1393 1386/1/1386 
f 1393/1/1393 1394/1/1394 1381/1/1381 
f 1381/1/1381 1384/1/1384 1393/1/1393 
f 1384/1/1384 1361/1/1361 1366/1/1366 
f 1366/1/1366 1393/1/1393 1384/1/1384 
f 1382/1/1382 1381/1/1381 1394/1/1394 
f 1395/1/1395 1394/1/1394 1371/1/1371 
f 1389/1/1389 1392/1/1392 1396/1/1396 
f 1396/1/1396 1395/1/1395 1389/1/1389 
f 1395/1/1395 1396/1/1396 1376/1/1376 
f 1397/1/1397 1392/1/1392 1390/1/1390 
f 1398/1/1398 1390/1/1390 1186/1/1186 
f 1186/1/1186 1185/1/1185 1398/1/1398 
f 1185/1/1185 1182/1/1182 1193/1/1193 
f 1193/1/1193 1398/1/1398 1185/1/1185 
f 1398/1/1398 1193/1/1193 1192/1/1192 
f 1399/1/1399 1295/1/1295 1294/1/1294 
f 1294/1/1294 1375/1/1375 1399/1/1399 
f 1375/1/1375 1376/1/1376 1396/1/1396 
f 1396/1/1396 1399/1/1399 1375/1/1375 
f 1399/1/1399 1396/1/1396 1392/1/1392 
f 1392/1/1392 1397/1/1397 1399/1/1399 
f 1397/1/1397 1192/1/1192 1295/1/1295 
f 1400/1/1400 1401/1/1401 1402/1/1402 
f 1402/1/1402 1403/1/1403 1400/1/1400 
f 1403/1/1403 1404/1/1404 1405/1/1405 
f 1405/1/1405 1400/1/1400 1403/1/1403 
f 1400/1/1400 1405/1/1405 1406/1/1406 
f 1406/1/1406 1407/1/1407 1400/1/1400 
f 1407/1/1407 1408/1/1408 1401/1/1401 
f 1401/1/1401 1400/1/1400 1407/1/1407 
f 1409/1/1409 1408/1/1408 1407/1/1407 
f 1407/1/1407 1410/1/1410 1409/1/1409 
f 1410/1/1410 1407/1/1407 1406/1/1406 
f 1406/1/1406 1411/1/1411 1410/1/1410 
f 1411/1/1411 1412/1/1412 1413/1/1413 
f 1413/1/1413 1410/1/1410 1411/1/1411 
f 1410/1/1410 1413/1/1413 1414/1/1414 
f 1414/1/1414 1409/1/1409 1410/1/1410 
f 1415/1/1415 1416/1/1416 1417/1/1417 
f 1417/1/1417 1418/1/1418 1415/1/1415 
f 1418/1/1418 1419/1/1419 1420/1/1420 
f 1420/1/1420 1415/1/1415 1418/1/1418 
f 1415/1/1415 1420/1/1420 1421/1/1421 
f 1421/1/1421 1422/1/1422 1415/1/1415 
f 1422/1/1422 1423/1/1423 1416/1/1416 
f 1416/1/1416 1415/1/1415 1422/1/1422 
f 1424/1/1424 1425/1/1425 1426/1/1426 
f 1426/1/1426 1427/1/1427 1424/1/1424 
f 1427/1/1427 1428/1/1428 1429/1/1429 
f 1429/1/1429 1424/1/1424 1427/1/1427 
f 1424/1/1424 1429/1/1429 1419/1/1419 
f 1419/1/1419 1418/1/1418 1424/1/1424 
f 1418/1/1418 1417/1/1417 1425/1/1425 
f 1425/1/1425 1424/1/1424 1418/1/1418 
f 1430/1/1430 1420/1/1420 1419/1/1419 
f 1419/1/1419 1431/1/1431 1430/1/1430 
f 1431/1/1431 1432/1/1432 1433/1/1433 
f 1433/1/1433 1430/1/1430 1431/1/1431 
f 1430/1/1430 1433/1/1433 1434/1/1434 
f 1434/1/1434 1435/1/1435 1430/1/1430 
f 1435/1/1435 1421/1/1421 1420/1/1420 
f 1420/1/1420 1430/1/1430 1435/1/1435 
f 1436/1/1436 1437/1/1437 1438/1/1438 
f 1438/1/1438 1439/1/1439 1436/1/1436 
f 1439/1/1439 1438/1/1438 1432/1/1432 
f 1432/1/1432 1431/1/1431 1439/1/1439 
f 1431/1/1431 1419/1/1419 1429/1/1429 
f 1429/1/1429 1439/1/1439 1431/1/1431 
f 1439/1/1439 1429/1/1429 1428/1/1428 
f 1428/1/1428 1436/1/1436 1439/1/1439 
f 1440/1/1440 1441/1/1441 1442/1/1442 
f 1442/1/1442 1443/1/1443 1440/1/1440 
f 1442/1/1442 1444/1/1444 1445/1/1445 
f 1445/1/1445 1443/1/1443 1442/1/1442 
f 1443/1/1443 1445/1/1445 1432/1/1432 
f 1432/1/1432 1438/1/1438 1443/1/1443 
f 1438/1/1438 1437/1/1437 1440/1/1440 
f 1440/1/1440 1443/1/1443 1438/1/1438 
f 1446/1/1446 1447/1/1447 1448/1/1448 
f 1448/1/1448 1449/1/1449 1446/1/1446 
f 1449/1/1449 1448/1/1448 1450/1/1450 
f 1450/1/1450 1451/1/1451 1449/1/1449 
f 1451/1/1451 1452/1/1452 1453/1/1453 
f 1453/1/1453 1449/1/1449 1451/1/1451 
f 1449/1/1449 1453/1/1453 1454/1/1454 
f 1454/1/1454 1446/1/1446 1449/1/1449 
f 1445/1/1445 1444/1/1444 1455/1/1455 
f 1455/1/1455 1456/1/1456 1445/1/1445 
f 1455/1/1455 1457/1/1457 1458/1/1458 
f 1458/1/1458 1456/1/1456 1455/1/1455 
f 1458/1/1458 1434/1/1434 1433/1/1433 
f 1433/1/1433 1456/1/1456 1458/1/1458 
f 1445/1/1445 1456/1/1456 1433/1/1433 
f 1433/1/1433 1432/1/1432 1445/1/1445 
f 1459/1/1459 1460/1/1460 1461/1/1461 
f 1461/1/1461 1462/1/1462 1459/1/1459 
f 1462/1/1462 1461/1/1461 1463/1/1463 
f 1463/1/1463 1464/1/1464 1462/1/1462 
f 1464/1/1464 1450/1/1450 1448/1/1448 
f 1448/1/1448 1462/1/1462 1464/1/1464 
f 1462/1/1462 1448/1/1448 1447/1/1447 
f 1447/1/1447 1459/1/1459 1462/1/1462 
f 1465/1/1465 1466/1/1466 1467/1/1467 
f 1467/1/1467 1468/1/1468 1465/1/1465 
f 1468/1/1468 1469/1/1469 1470/1/1470 
f 1470/1/1470 1465/1/1465 1468/1/1468 
f 1470/1/1470 1402/1/1402 1401/1/1401 
f 1465/1/1465 1401/1/1401 1408/1/1408 
f 1471/1/1471 1472/1/1472 1469/1/1469 
f 1469/1/1469 1468/1/1468 1471/1/1471 
f 1468/1/1468 1467/1/1467 1473/1/1473 
f 1473/1/1473 1471/1/1471 1468/1/1468 
f 1471/1/1471 1473/1/1473 1457/1/1457 
f 1457/1/1457 1455/1/1455 1471/1/1471 
f 1455/1/1455 1444/1/1444 1472/1/1472 
f 1472/1/1472 1471/1/1471 1455/1/1455 
f 1474/1/1474 1463/1/1463 1461/1/1461 
f 1461/1/1461 1475/1/1475 1474/1/1474 
f 1475/1/1475 1461/1/1461 1460/1/1460 
f 1460/1/1460 1476/1/1476 1475/1/1475 
f 1475/1/1475 1476/1/1476 1444/1/1444 
f 1444/1/1444 1442/1/1442 1475/1/1475 
f 1475/1/1475 1442/1/1442 1441/1/1441 
f 1441/1/1441 1474/1/1474 1475/1/1475 
f 1477/1/1477 813/1/813 819/1/819 
f 819/1/819 1478/1/1478 1477/1/1477 
f 1478/1/1478 1404/1/1404 1479/1/1479 
f 1479/1/1479 1477/1/1477 1478/1/1478 
f 1477/1/1477 1479/1/1479 1480/1/1480 
f 1480/1/1480 1481/1/1481 1477/1/1477 
f 1481/1/1481 814/1/814 813/1/813 
f 813/1/813 1477/1/1477 1481/1/1481 
f 1470/1/1470 1469/1/1469 1482/1/1482 
f 1482/1/1482 1483/1/1483 1470/1/1470 
f 1483/1/1483 1482/1/1482 1484/1/1484 
f 1484/1/1484 1485/1/1485 1483/1/1483 
f 1485/1/1485 1486/1/1486 1487/1/1487 
f 1487/1/1487 1483/1/1483 1485/1/1485 
f 1483/1/1483 1487/1/1487 1402/1/1402 
f 1402/1/1402 1470/1/1470 1483/1/1483 
f 1488/1/1488 1486/1/1486 1489/1/1489 
f 1489/1/1489 1490/1/1490 1488/1/1488 
f 1490/1/1490 1489/1/1489 1447/1/1447 
f 1447/1/1447 1446/1/1446 1490/1/1490 
f 1446/1/1446 1454/1/1454 1491/1/1491 
f 1491/1/1491 1490/1/1490 1446/1/1446 
f 1490/1/1490 1491/1/1491 1480/1/1480 
f 1480/1/1480 1488/1/1488 1490/1/1490 
f 1459/1/1459 1447/1/1447 1489/1/1489 
f 1489/1/1489 1492/1/1492 1459/1/1459 
f 1492/1/1492 1489/1/1489 1486/1/1486 
f 1486/1/1486 1485/1/1485 1492/1/1492 
f 1492/1/1492 1485/1/1485 1484/1/1484 
f 1484/1/1484 1493/1/1493 1492/1/1492 
f 1493/1/1493 1460/1/1460 1459/1/1459 
f 1459/1/1459 1492/1/1492 1493/1/1493 
f 1494/1/1494 1476/1/1476 1460/1/1460 
f 1460/1/1460 1493/1/1493 1494/1/1494 
f 1493/1/1493 1484/1/1484 1482/1/1482 
f 1482/1/1482 1494/1/1494 1493/1/1493 
f 1494/1/1494 1482/1/1482 1469/1/1469 
f 1469/1/1469 1472/1/1472 1494/1/1494 
f 1472/1/1472 1444/1/1444 1476/1/1476 
f 1476/1/1476 1494/1/1494 1472/1/1472 
f 1495/1/1495 1496/1/1496 1497/1/1497 
f 1497/1/1497 1498/1/1498 1495/1/1495 
f 1498/1/1498 1497/1/1497 1408/1/1408 
f 1408/1/1408 1409/1/1409 1498/1/1498 
f 1409/1/1409 1414/1/1414 1499/1/1499 
f 1499/1/1499 1498/1/1498 1409/1/1409 
f 1498/1/1498 1499/1/1499 1500/1/1500 
f 1500/1/1500 1495/1/1495 1498/1/1498 
f 1501/1/1501 1502/1/1502 1503/1/1503 
f 1503/1/1503 1504/1/1504 1501/1/1501 
f 1504/1/1504 1467/1/1467 1466/1/1466 
f 1466/1/1466 1501/1/1501 1504/1/1504 
f 1466/1/1466 1408/1/1408 1497/1/1497 
f 1497/1/1497 1501/1/1501 1466/1/1466 
f 1497/1/1497 1496/1/1496 1502/1/1502 
f 1502/1/1502 1501/1/1501 1497/1/1497 
f 1504/1/1504 1503/1/1503 1505/1/1505 
f 1505/1/1505 1506/1/1506 1504/1/1504 
f 1507/1/1507 1506/1/1506 1505/1/1505 
f 1505/1/1505 1508/1/1508 1507/1/1507 
f 1507/1/1507 1457/1/1457 1473/1/1473 
f 1473/1/1473 1506/1/1506 1507/1/1507 
f 1506/1/1506 1473/1/1473 1467/1/1467 
f 1467/1/1467 1504/1/1504 1506/1/1506 
f 1509/1/1509 1507/1/1507 1508/1/1508 
f 1508/1/1508 1510/1/1510 1509/1/1509 
f 1510/1/1510 1511/1/1511 1512/1/1512 
f 1512/1/1512 1509/1/1509 1510/1/1510 
f 1509/1/1509 1512/1/1512 1434/1/1434 
f 1434/1/1434 1458/1/1458 1509/1/1509 
f 1458/1/1458 1457/1/1457 1507/1/1507 
f 1507/1/1507 1509/1/1509 1458/1/1458 
f 1513/1/1513 1512/1/1512 1511/1/1511 
f 1511/1/1511 1514/1/1514 1513/1/1513 
f 1514/1/1514 1515/1/1515 1516/1/1516 
f 1516/1/1516 1513/1/1513 1514/1/1514 
f 1513/1/1513 1516/1/1516 1421/1/1421 
f 1421/1/1421 1435/1/1435 1513/1/1513 
f 1435/1/1435 1434/1/1434 1512/1/1512 
f 1512/1/1512 1513/1/1513 1435/1/1435 
f 1517/1/1517 1516/1/1516 1515/1/1515 
f 1515/1/1515 1518/1/1518 1517/1/1517 
f 1518/1/1518 1519/1/1519 1520/1/1520 
f 1520/1/1520 1517/1/1517 1518/1/1518 
f 1517/1/1517 1520/1/1520 1423/1/1423 
f 1423/1/1423 1422/1/1422 1517/1/1517 
f 1422/1/1422 1421/1/1421 1516/1/1516 
f 1516/1/1516 1517/1/1517 1422/1/1422 
f 1521/1/1521 1522/1/1522 1523/1/1523 
f 1523/1/1523 1524/1/1524 1521/1/1521 
f 1525/1/1525 1524/1/1524 1523/1/1523 
f 1523/1/1523 1526/1/1526 1525/1/1525 
f 1527/1/1527 1524/1/1524 1525/1/1525 
f 1525/1/1525 1528/1/1528 1527/1/1527 
f 1524/1/1524 1527/1/1527 1529/1/1529 
f 1529/1/1529 1521/1/1521 1524/1/1524 
f 1530/1/1530 1525/1/1525 1526/1/1526 
f 1531/1/1531 1532/1/1532 1533/1/1533 
f 1533/1/1533 1530/1/1530 1531/1/1531 
f 1530/1/1530 1533/1/1533 1534/1/1534 
f 1534/1/1534 1535/1/1535 1530/1/1530 
f 1535/1/1535 1528/1/1528 1525/1/1525 
f 1525/1/1525 1530/1/1530 1535/1/1535 
f 1536/1/1536 1533/1/1533 1532/1/1532 
f 1532/1/1532 1537/1/1537 1536/1/1536 
f 1537/1/1537 1538/1/1538 1539/1/1539 
f 1539/1/1539 1536/1/1536 1537/1/1537 
f 1536/1/1536 1539/1/1539 1540/1/1540 
f 1540/1/1540 1541/1/1541 1536/1/1536 
f 1541/1/1541 1534/1/1534 1533/1/1533 
f 1533/1/1533 1536/1/1536 1541/1/1541 
f 1542/1/1542 1539/1/1539 1538/1/1538 
f 1538/1/1538 1543/1/1543 1542/1/1542 
f 1543/1/1543 1544/1/1544 1545/1/1545 
f 1545/1/1545 1542/1/1542 1543/1/1543 
f 1542/1/1542 1545/1/1545 1546/1/1546 
f 1546/1/1546 1547/1/1547 1542/1/1542 
f 1547/1/1547 1540/1/1540 1539/1/1539 
f 1539/1/1539 1542/1/1542 1547/1/1547 
f 1548/1/1548 1549/1/1549 1550/1/1550 
f 1550/1/1550 1551/1/1551 1548/1/1548 
f 1551/1/1551 1552/1/1552 1553/1/1553 
f 1553/1/1553 1548/1/1548 1551/1/1551 
f 1548/1/1548 1553/1/1553 1544/1/1544 
f 1544/1/1544 1543/1/1543 1548/1/1548 
f 1543/1/1543 1538/1/1538 1549/1/1549 
f 1549/1/1549 1548/1/1548 1543/1/1543 
f 1554/1/1554 1545/1/1545 1544/1/1544 
f 1544/1/1544 1555/1/1555 1554/1/1554 
f 1555/1/1555 1556/1/1556 1557/1/1557 
f 1557/1/1557 1554/1/1554 1555/1/1555 
f 1557/1/1557 1558/1/1558 1559/1/1559 
f 1559/1/1559 1554/1/1554 1557/1/1557 
f 1559/1/1559 1546/1/1546 1545/1/1545 
f 1545/1/1545 1554/1/1554 1559/1/1559 
f 1560/1/1560 1561/1/1561 1562/1/1562 
f 1562/1/1562 1563/1/1563 1560/1/1560 
f 1563/1/1563 1564/1/1564 1565/1/1565 
f 1565/1/1565 1560/1/1560 1563/1/1563 
f 1560/1/1560 1565/1/1565 1558/1/1558 
f 1558/1/1558 1557/1/1557 1560/1/1560 
f 1557/1/1557 1556/1/1556 1561/1/1561 
f 1561/1/1561 1560/1/1560 1557/1/1557 
f 1566/1/1566 1567/1/1567 1568/1/1568 
f 1568/1/1568 1569/1/1569 1566/1/1566 
f 1569/1/1569 1570/1/1570 1571/1/1571 
f 1571/1/1571 1566/1/1566 1569/1/1569 
f 1566/1/1566 1571/1/1571 1564/1/1564 
f 1564/1/1564 1563/1/1563 1566/1/1566 
f 1563/1/1563 1562/1/1562 1567/1/1567 
f 1567/1/1567 1566/1/1566 1563/1/1563 
f 1572/1/1572 1573/1/1573 1574/1/1574 
f 1574/1/1574 1575/1/1575 1572/1/1572 
f 1575/1/1575 1550/1/1550 1549/1/1549 
f 1549/1/1549 1572/1/1572 1575/1/1575 
f 1572/1/1572 1549/1/1549 1538/1/1538 
f 1538/1/1538 1537/1/1537 1572/1/1572 
f 1537/1/1537 1532/1/1532 1573/1/1573 
f 1573/1/1573 1572/1/1572 1537/1/1537 
f 1576/1/1576 1553/1/1553 1552/1/1552 
f 1552/1/1552 1577/1/1577 1576/1/1576 
f 1577/1/1577 1578/1/1578 1579/1/1579 
f 1576/1/1576 1579/1/1579 1556/1/1556 
f 1556/1/1556 1555/1/1555 1576/1/1576 
f 1555/1/1555 1544/1/1544 1553/1/1553 
f 1553/1/1553 1576/1/1576 1555/1/1555 
f 1580/1/1580 1581/1/1581 1582/1/1582 
f 1582/1/1582 1583/1/1583 1580/1/1580 
f 1583/1/1583 1574/1/1574 1573/1/1573 
f 1573/1/1573 1580/1/1580 1583/1/1583 
f 1580/1/1580 1573/1/1573 1532/1/1532 
f 1532/1/1532 1531/1/1531 1580/1/1580 
f 1531/1/1531 1526/1/1526 1581/1/1581 
f 1581/1/1581 1580/1/1580 1531/1/1531 
f 1551/1/1551 1550/1/1550 1575/1/1575 
f 1575/1/1575 1584/1/1584 1551/1/1551 
f 1575/1/1575 1574/1/1574 1585/1/1585 
f 1585/1/1585 1584/1/1584 1575/1/1575 
f 1584/1/1584 1585/1/1585 1578/1/1578 
f 1578/1/1578 1577/1/1577 1584/1/1584 
f 1584/1/1584 1577/1/1577 1552/1/1552 
f 1552/1/1552 1551/1/1551 1584/1/1584 
f 1586/1/1586 1585/1/1585 1574/1/1574 
f 1574/1/1574 1583/1/1583 1586/1/1586 
f 1583/1/1583 1582/1/1582 1587/1/1587 
f 1587/1/1587 1586/1/1586 1583/1/1583 
f 1586/1/1586 1587/1/1587 1588/1/1588 
f 1588/1/1588 1589/1/1589 1586/1/1586 
f 1589/1/1589 1578/1/1578 1585/1/1585 
f 1585/1/1585 1586/1/1586 1589/1/1589 
f 1590/1/1590 1589/1/1589 1588/1/1588 
f 1588/1/1588 1591/1/1591 1590/1/1590 
f 1591/1/1591 1562/1/1562 1561/1/1561 
f 1561/1/1561 1590/1/1590 1591/1/1591 
f 1590/1/1590 1561/1/1561 1556/1/1556 
f 1556/1/1556 1579/1/1579 1590/1/1590 
f 1590/1/1590 1579/1/1579 1578/1/1578 
f 1592/1/1592 1593/1/1593 1594/1/1594 
f 1594/1/1594 1595/1/1595 1592/1/1592 
f 1595/1/1595 1594/1/1594 1522/1/1522 
f 1522/1/1522 1596/1/1596 1595/1/1595 
f 1595/1/1595 1596/1/1596 1597/1/1597 
f 1597/1/1597 1592/1/1592 1595/1/1595 
f 1598/1/1598 1594/1/1594 1593/1/1593 
f 1593/1/1593 1599/1/1599 1598/1/1598 
f 1599/1/1599 1582/1/1582 1581/1/1581 
f 1581/1/1581 1598/1/1598 1599/1/1599 
f 1598/1/1598 1581/1/1581 1526/1/1526 
f 1526/1/1526 1523/1/1523 1598/1/1598 
f 1523/1/1523 1522/1/1522 1594/1/1594 
f 1594/1/1594 1598/1/1598 1523/1/1523 
f 1600/1/1600 1601/1/1601 1602/1/1602 
f 1602/1/1602 1603/1/1603 1600/1/1600 
f 1603/1/1603 1597/1/1597 1596/1/1596 
f 1596/1/1596 1600/1/1600 1603/1/1603 
f 1600/1/1600 1596/1/1596 1522/1/1522 
f 1522/1/1522 1521/1/1521 1600/1/1600 
f 1521/1/1521 1529/1/1529 1601/1/1601 
f 1601/1/1601 1600/1/1600 1521/1/1521 
f 1604/1/1604 1605/1/1605 1606/1/1606 
f 1606/1/1606 1607/1/1607 1604/1/1604 
f 1607/1/1607 1608/1/1608 1609/1/1609 
f 1609/1/1609 1604/1/1604 1607/1/1607 
f 1604/1/1604 1609/1/1609 1570/1/1570 
f 1570/1/1570 1569/1/1569 1604/1/1604 
f 1569/1/1569 1568/1/1568 1605/1/1605 
f 1605/1/1605 1604/1/1604 1569/1/1569 
f 1610/1/1610 1606/1/1606 1605/1/1605 
f 1605/1/1605 1611/1/1611 1610/1/1610 
f 1611/1/1611 1605/1/1605 1568/1/1568 
f 1568/1/1568 1612/1/1612 1611/1/1611 
f 1611/1/1611 1612/1/1612 1613/1/1613 
f 1613/1/1613 1610/1/1610 1611/1/1611 
f 1614/1/1614 1615/1/1615 1608/1/1608 
f 1608/1/1608 1607/1/1607 1614/1/1614 
f 1607/1/1607 1606/1/1606 1616/1/1616 
f 1616/1/1616 1614/1/1614 1607/1/1607 
f 1614/1/1614 1616/1/1616 1597/1/1597 
f 1597/1/1597 1603/1/1603 1614/1/1614 
f 1603/1/1603 1602/1/1602 1615/1/1615 
f 1615/1/1615 1614/1/1614 1603/1/1603 
f 1617/1/1617 1616/1/1616 1606/1/1606 
f 1606/1/1606 1610/1/1610 1617/1/1617 
f 1610/1/1610 1613/1/1613 1618/1/1618 
f 1618/1/1618 1617/1/1617 1610/1/1610 
f 1617/1/1617 1618/1/1618 1593/1/1593 
f 1593/1/1593 1592/1/1592 1617/1/1617 
f 1592/1/1592 1597/1/1597 1616/1/1616 
f 1616/1/1616 1617/1/1617 1592/1/1592 
f 1619/1/1619 1620/1/1620 1613/1/1613 
f 1613/1/1613 1612/1/1612 1619/1/1619 
f 1612/1/1612 1568/1/1568 1567/1/1567 
f 1567/1/1567 1619/1/1619 1612/1/1612 
f 1619/1/1619 1567/1/1567 1562/1/1562 
f 1562/1/1562 1591/1/1591 1619/1/1619 
f 1591/1/1591 1588/1/1588 1620/1/1620 
f 1620/1/1620 1619/1/1619 1591/1/1591 
f 1621/1/1621 1587/1/1587 1582/1/1582 
f 1582/1/1582 1599/1/1599 1621/1/1621 
f 1599/1/1599 1593/1/1593 1618/1/1618 
f 1618/1/1618 1621/1/1621 1599/1/1599 
f 1621/1/1621 1618/1/1618 1613/1/1613 
f 1613/1/1613 1620/1/1620 1621/1/1621 
f 1620/1/1620 1588/1/1588 1587/1/1587 
f 1587/1/1587 1621/1/1621 1620/1/1620 
f 1622/1/1622 1623/1/1623 1624/1/1624 
f 1624/1/1624 1625/1/1625 1622/1/1622 
f 1625/1/1625 1626/1/1626 1627/1/1627 
f 1627/1/1627 1622/1/1622 1625/1/1625 
f 1622/1/1622 1627/1/1627 1519/1/1519 
f 1519/1/1519 1518/1/1518 1622/1/1622 
f 1518/1/1518 1515/1/1515 1623/1/1623 
f 1628/1/1628 1520/1/1520 1519/1/1519 
f 1519/1/1519 1629/1/1629 1628/1/1628 
f 1629/1/1629 1630/1/1630 1631/1/1631 
f 1631/1/1631 1628/1/1628 1629/1/1629 
f 1628/1/1628 1631/1/1631 1632/1/1632 
f 1632/1/1632 1633/1/1633 1628/1/1628 
f 1633/1/1633 1423/1/1423 1520/1/1520 
f 1520/1/1520 1628/1/1628 1633/1/1633 
f 1633/1/1633 1632/1/1632 1634/1/1634 
f 1634/1/1634 1635/1/1635 1633/1/1633 
f 1634/1/1634 1636/1/1636 1637/1/1637 
f 1637/1/1637 1635/1/1635 1634/1/1634 
f 1637/1/1637 1417/1/1417 1416/1/1416 
f 1416/1/1416 1635/1/1635 1637/1/1637 
f 1635/1/1635 1416/1/1416 1423/1/1423 
f 1423/1/1423 1633/1/1633 1635/1/1635 
f 1637/1/1637 1636/1/1636 1638/1/1638 
f 1638/1/1638 1639/1/1639 1637/1/1637 
f 1639/1/1639 1638/1/1638 1640/1/1640 
f 1640/1/1640 1641/1/1641 1639/1/1639 
f 1641/1/1641 1426/1/1426 1425/1/1425 
f 1425/1/1425 1639/1/1639 1641/1/1641 
f 1639/1/1639 1425/1/1425 1417/1/1417 
f 1417/1/1417 1637/1/1637 1639/1/1639 
f 1642/1/1642 1643/1/1643 1644/1/1644 
f 1644/1/1644 1645/1/1645 1642/1/1642 
f 1642/1/1642 1645/1/1645 1646/1/1646 
f 1646/1/1646 1647/1/1647 1642/1/1642 
f 1642/1/1642 1647/1/1647 1648/1/1648 
f 1649/1/1649 1650/1/1650 1643/1/1643 
f 1643/1/1643 1642/1/1642 1649/1/1649 
f 1651/1/1651 1652/1/1652 1653/1/1653 
f 1653/1/1653 1654/1/1654 1651/1/1651 
f 1654/1/1654 1655/1/1655 1656/1/1656 
f 1656/1/1656 1651/1/1651 1654/1/1654 
f 1651/1/1651 1656/1/1656 1640/1/1640 
f 1640/1/1640 1638/1/1638 1651/1/1651 
f 1638/1/1638 1636/1/1636 1652/1/1652 
f 1652/1/1652 1651/1/1651 1638/1/1638 
f 1657/1/1657 1658/1/1658 1659/1/1659 
f 1659/1/1659 1660/1/1660 1657/1/1657 
f 1660/1/1660 1661/1/1661 1662/1/1662 
f 1662/1/1662 1657/1/1657 1660/1/1660 
f 1657/1/1657 1662/1/1662 1655/1/1655 
f 1655/1/1655 1654/1/1654 1657/1/1657 
f 1654/1/1654 1653/1/1653 1658/1/1658 
f 1658/1/1658 1657/1/1657 1654/1/1654 
f 1663/1/1663 1664/1/1664 1665/1/1665 
f 1665/1/1665 1666/1/1666 1663/1/1663 
f 1666/1/1666 1667/1/1667 1668/1/1668 
f 1668/1/1668 1663/1/1663 1666/1/1666 
f 1663/1/1663 1668/1/1668 1661/1/1661 
f 1661/1/1661 1660/1/1660 1663/1/1663 
f 1660/1/1660 1659/1/1659 1664/1/1664 
f 1664/1/1664 1663/1/1663 1660/1/1660 
f 1669/1/1669 1670/1/1670 1671/1/1671 
f 1671/1/1671 1672/1/1672 1669/1/1669 
f 1672/1/1672 1671/1/1671 1673/1/1673 
f 1673/1/1673 1674/1/1674 1672/1/1672 
f 1672/1/1672 1674/1/1674 1667/1/1667 
f 1667/1/1667 1666/1/1666 1672/1/1672 
f 1666/1/1666 1665/1/1665 1669/1/1669 
f 1669/1/1669 1672/1/1672 1666/1/1666 
f 1675/1/1675 1671/1/1671 1670/1/1670 
f 1670/1/1670 1676/1/1676 1675/1/1675 
f 1676/1/1676 1677/1/1677 1678/1/1678 
f 1675/1/1675 1678/1/1678 1679/1/1679 
f 1679/1/1679 1680/1/1680 1675/1/1675 
f 1680/1/1680 1673/1/1673 1671/1/1671 
f 1671/1/1671 1675/1/1675 1680/1/1680 
f 1681/1/1681 1678/1/1678 1677/1/1677 
f 1682/1/1682 1648/1/1648 1647/1/1647 
f 1681/1/1681 1647/1/1647 1646/1/1646 
f 1683/1/1683 1679/1/1679 1678/1/1678 
f 1678/1/1678 1681/1/1681 1683/1/1683 
f 1684/1/1684 1634/1/1634 1632/1/1632 
f 1632/1/1632 1685/1/1685 1684/1/1684 
f 1685/1/1685 1686/1/1686 1687/1/1687 
f 1687/1/1687 1684/1/1684 1685/1/1685 
f 1684/1/1684 1687/1/1687 1688/1/1688 
f 1688/1/1688 1689/1/1689 1684/1/1684 
f 1689/1/1689 1636/1/1636 1634/1/1634 
f 1634/1/1634 1684/1/1684 1689/1/1689 
f 1690/1/1690 1689/1/1689 1688/1/1688 
f 1688/1/1688 1691/1/1691 1690/1/1690 
f 1691/1/1691 1692/1/1692 1693/1/1693 
f 1690/1/1690 1693/1/1693 1653/1/1653 
f 1653/1/1653 1652/1/1652 1690/1/1690 
f 1652/1/1652 1636/1/1636 1689/1/1689 
f 1689/1/1689 1690/1/1690 1652/1/1652 
f 1694/1/1694 1631/1/1631 1630/1/1630 
f 1630/1/1630 1695/1/1695 1694/1/1694 
f 1695/1/1695 1696/1/1696 1697/1/1697 
f 1697/1/1697 1694/1/1694 1695/1/1695 
f 1694/1/1694 1697/1/1697 1686/1/1686 
f 1685/1/1685 1632/1/1632 1631/1/1631 
f 1631/1/1631 1694/1/1694 1685/1/1685 
f 1698/1/1698 1699/1/1699 1700/1/1700 
f 1700/1/1700 1701/1/1701 1698/1/1698 
f 1701/1/1701 1702/1/1702 1703/1/1703 
f 1703/1/1703 1698/1/1698 1701/1/1701 
f 1698/1/1698 1703/1/1703 1696/1/1696 
f 1696/1/1696 1695/1/1695 1698/1/1698 
f 1695/1/1695 1630/1/1630 1699/1/1699 
f 1699/1/1699 1698/1/1698 1695/1/1695 
f 1704/1/1704 1705/1/1705 1706/1/1706 
f 1706/1/1706 1707/1/1707 1704/1/1704 
f 1707/1/1707 1708/1/1708 1709/1/1709 
f 1709/1/1709 1704/1/1704 1707/1/1707 
f 1704/1/1704 1709/1/1709 1702/1/1702 
f 1702/1/1702 1701/1/1701 1704/1/1704 
f 1701/1/1701 1700/1/1700 1705/1/1705 
f 1705/1/1705 1704/1/1704 1701/1/1701 
f 1710/1/1710 1669/1/1669 1665/1/1665 
f 1665/1/1665 1711/1/1711 1710/1/1710 
f 1710/1/1710 1711/1/1711 1712/1/1712 
f 1712/1/1712 1713/1/1713 1710/1/1710 
f 1714/1/1714 1710/1/1710 1713/1/1713 
f 1713/1/1713 1715/1/1715 1714/1/1714 
f 1669/1/1669 1710/1/1710 1714/1/1714 
f 1714/1/1714 1670/1/1670 1669/1/1669 
f 1714/1/1714 1715/1/1715 1716/1/1716 
f 1716/1/1716 1717/1/1717 1714/1/1714 
f 1716/1/1716 1718/1/1718 1719/1/1719 
f 1717/1/1717 1719/1/1719 1677/1/1677 
f 1676/1/1676 1670/1/1670 1714/1/1714 
f 1720/1/1720 1719/1/1719 1718/1/1718 
f 1721/1/1721 1720/1/1720 1722/1/1722 
f 1722/1/1722 1723/1/1723 1721/1/1721 
f 1720/1/1720 1721/1/1721 1648/1/1648 
f 1648/1/1648 1682/1/1682 1720/1/1720 
f 1682/1/1682 1677/1/1677 1719/1/1719 
f 1649/1/1649 1648/1/1648 1721/1/1721 
f 1721/1/1721 1723/1/1723 1724/1/1724 
f 1724/1/1724 1725/1/1725 1721/1/1721 
f 1725/1/1725 1724/1/1724 1726/1/1726 
f 1726/1/1726 1727/1/1727 1725/1/1725 
f 1725/1/1725 1727/1/1727 1650/1/1650 
f 1650/1/1650 1649/1/1649 1725/1/1725 
f 1728/1/1728 1727/1/1727 1726/1/1726 
f 1726/1/1726 1729/1/1729 1728/1/1728 
f 1728/1/1728 1729/1/1729 1730/1/1730 
f 1730/1/1730 1731/1/1731 1728/1/1728 
f 1728/1/1728 1731/1/1731 1732/1/1732 
f 1732/1/1732 1733/1/1733 1728/1/1728 
f 1733/1/1733 1650/1/1650 1727/1/1727 
f 1727/1/1727 1728/1/1728 1733/1/1733 
f 1734/1/1734 1735/1/1735 1736/1/1736 
f 1736/1/1736 1737/1/1737 1734/1/1734 
f 1737/1/1737 1738/1/1738 1739/1/1739 
f 1739/1/1739 1734/1/1734 1737/1/1737 
f 1734/1/1734 1739/1/1739 1740/1/1740 
f 1741/1/1741 1742/1/1742 1735/1/1735 
f 1735/1/1735 1734/1/1734 1741/1/1741 
f 1743/1/1743 1744/1/1744 1745/1/1745 
f 1745/1/1745 1746/1/1746 1743/1/1743 
f 1746/1/1746 1747/1/1747 1748/1/1748 
f 1748/1/1748 1743/1/1743 1746/1/1746 
f 1743/1/1743 1748/1/1748 1749/1/1749 
f 1749/1/1749 1750/1/1750 1743/1/1743 
f 1750/1/1750 1751/1/1751 1744/1/1744 
f 1744/1/1744 1743/1/1743 1750/1/1750 
f 1752/1/1752 1753/1/1753 1754/1/1754 
f 1754/1/1754 1755/1/1755 1752/1/1752 
f 1755/1/1755 1756/1/1756 1757/1/1757 
f 1757/1/1757 1752/1/1752 1755/1/1755 
f 1752/1/1752 1757/1/1757 1758/1/1758 
f 1758/1/1758 1759/1/1759 1752/1/1752 
f 1759/1/1759 1760/1/1760 1753/1/1753 
f 1753/1/1753 1752/1/1752 1759/1/1759 
f 1761/1/1761 1748/1/1748 1747/1/1747 
f 1762/1/1762 1754/1/1754 1753/1/1753 
f 1761/1/1761 1753/1/1753 1760/1/1760 
f 1760/1/1760 1763/1/1763 1761/1/1761 
f 1763/1/1763 1749/1/1749 1748/1/1748 
f 1748/1/1748 1761/1/1761 1763/1/1763 
f 1764/1/1764 1765/1/1765 1766/1/1766 
f 1766/1/1766 1767/1/1767 1764/1/1764 
f 1767/1/1767 1768/1/1768 1769/1/1769 
f 1769/1/1769 1764/1/1764 1767/1/1767 
f 1769/1/1769 1770/1/1770 1771/1/1771 
f 1771/1/1771 1764/1/1764 1769/1/1769 
f 1764/1/1764 1771/1/1771 1772/1/1772 
f 1772/1/1772 1765/1/1765 1764/1/1764 
f 1773/1/1773 1774/1/1774 1768/1/1768 
f 1768/1/1768 1767/1/1767 1773/1/1773 
f 1767/1/1767 1766/1/1766 1775/1/1775 
f 1775/1/1775 1773/1/1773 1767/1/1767 
f 1773/1/1773 1775/1/1775 1747/1/1747 
f 1747/1/1747 1746/1/1746 1773/1/1773 
f 1746/1/1746 1745/1/1745 1774/1/1774 
f 1774/1/1774 1773/1/1773 1746/1/1746 
f 1776/1/1776 1757/1/1757 1756/1/1756 
f 1756/1/1756 1777/1/1777 1776/1/1776 
f 1777/1/1777 1778/1/1778 1779/1/1779 
f 1779/1/1779 1776/1/1776 1777/1/1777 
f 1776/1/1776 1779/1/1779 1780/1/1780 
f 1780/1/1780 1781/1/1781 1776/1/1776 
f 1781/1/1781 1758/1/1758 1757/1/1757 
f 1757/1/1757 1776/1/1776 1781/1/1781 
f 1782/1/1782 1783/1/1783 1780/1/1780 
f 1780/1/1780 1779/1/1779 1782/1/1782 
f 1782/1/1782 1779/1/1779 1778/1/1778 
f 1782/1/1782 1784/1/1784 1785/1/1785 
f 1786/1/1786 1787/1/1787 1783/1/1783 
f 1783/1/1783 1782/1/1782 1786/1/1786 
f 1788/1/1788 1789/1/1789 1790/1/1790 
f 1790/1/1790 1791/1/1791 1788/1/1788 
f 1791/1/1791 1790/1/1790 1792/1/1792 
f 1792/1/1792 1793/1/1793 1791/1/1791 
f 1791/1/1791 1793/1/1793 1742/1/1742 
f 1791/1/1791 1741/1/1741 1740/1/1740 
f 1740/1/1740 1788/1/1788 1791/1/1791 
f 1794/1/1794 1790/1/1790 1789/1/1789 
f 1789/1/1789 1795/1/1795 1794/1/1794 
f 1795/1/1795 1772/1/1772 1771/1/1771 
f 1794/1/1794 1771/1/1771 1770/1/1770 
f 1770/1/1770 1796/1/1796 1794/1/1794 
f 1796/1/1796 1792/1/1792 1790/1/1790 
f 1790/1/1790 1794/1/1794 1796/1/1796 
f 1797/1/1797 1798/1/1798 1799/1/1799 
f 1799/1/1799 1800/1/1800 1797/1/1797 
f 1797/1/1797 1800/1/1800 1778/1/1778 
f 1778/1/1778 1777/1/1777 1797/1/1797 
f 1777/1/1777 1756/1/1756 1755/1/1755 
f 1755/1/1755 1754/1/1754 1798/1/1798 
f 1798/1/1798 1797/1/1797 1755/1/1755 
f 1784/1/1784 1778/1/1778 1800/1/1800 
f 1800/1/1800 1801/1/1801 1784/1/1784 
f 1800/1/1800 1799/1/1799 1802/1/1802 
f 1802/1/1802 1801/1/1801 1800/1/1800 
f 1802/1/1802 1738/1/1738 1803/1/1803 
f 1803/1/1803 1801/1/1801 1802/1/1802 
f 1803/1/1803 1785/1/1785 1784/1/1784 
f 1784/1/1784 1801/1/1801 1803/1/1803 
f 1804/1/1804 1786/1/1786 1785/1/1785 
f 1785/1/1785 1803/1/1803 1804/1/1804 
f 1804/1/1804 1803/1/1803 1738/1/1738 
f 1738/1/1738 1737/1/1737 1804/1/1804 
f 1804/1/1804 1737/1/1737 1736/1/1736 
f 1736/1/1736 1805/1/1805 1804/1/1804 
f 1805/1/1805 1787/1/1787 1786/1/1786 
f 1786/1/1786 1804/1/1804 1805/1/1805 
f 1806/1/1806 1739/1/1739 1738/1/1738 
f 1802/1/1802 1799/1/1799 1807/1/1807 
f 1806/1/1806 1807/1/1807 1789/1/1789 
f 1788/1/1788 1740/1/1740 1739/1/1739 
f 1808/1/1808 1775/1/1775 1766/1/1766 
f 1766/1/1766 1809/1/1809 1808/1/1808 
f 1809/1/1809 1799/1/1799 1798/1/1798 
f 1798/1/1798 1808/1/1808 1809/1/1809 
f 1808/1/1808 1798/1/1798 1754/1/1754 
f 1754/1/1754 1762/1/1762 1808/1/1808 
f 1762/1/1762 1747/1/1747 1775/1/1775 
f 1775/1/1775 1808/1/1808 1762/1/1762 
f 1810/1/1810 1765/1/1765 1772/1/1772 
f 1795/1/1795 1789/1/1789 1807/1/1807 
f 1810/1/1810 1807/1/1807 1799/1/1799 
f 1799/1/1799 1809/1/1809 1810/1/1810 
f 1809/1/1809 1766/1/1766 1765/1/1765 
f 1765/1/1765 1810/1/1810 1809/1/1809 
f 1811/1/1811 1812/1/1812 1758/1/1758 
f 1758/1/1758 1781/1/1781 1811/1/1811 
f 1781/1/1781 1780/1/1780 1813/1/1813 
f 1813/1/1813 1811/1/1811 1781/1/1781 
f 1811/1/1811 1813/1/1813 1814/1/1814 
f 1814/1/1814 1815/1/1815 1811/1/1811 
f 1815/1/1815 1816/1/1816 1812/1/1812 
f 1812/1/1812 1811/1/1811 1815/1/1815 
f 1817/1/1817 1813/1/1813 1780/1/1780 
f 1780/1/1780 1783/1/1783 1817/1/1817 
f 1783/1/1783 1787/1/1787 1818/1/1818 
f 1818/1/1818 1817/1/1817 1783/1/1783 
f 1817/1/1817 1818/1/1818 1819/1/1819 
f 1819/1/1819 1820/1/1820 1817/1/1817 
f 1820/1/1820 1814/1/1814 1813/1/1813 
f 1813/1/1813 1817/1/1817 1820/1/1820 
f 1821/1/1821 1822/1/1822 1823/1/1823 
f 1823/1/1823 1824/1/1824 1821/1/1821 
f 1824/1/1824 1819/1/1819 1818/1/1818 
f 1818/1/1818 1821/1/1821 1824/1/1824 
f 1821/1/1821 1818/1/1818 1787/1/1787 
f 1787/1/1787 1805/1/1805 1821/1/1821 
f 1805/1/1805 1736/1/1736 1822/1/1822 
f 1822/1/1822 1821/1/1821 1805/1/1805 
f 1825/1/1825 1812/1/1812 1816/1/1816 
f 1826/1/1826 1827/1/1827 1828/1/1828 
f 1828/1/1828 1825/1/1825 1826/1/1826 
f 1825/1/1825 1828/1/1828 1760/1/1760 
f 1760/1/1760 1759/1/1759 1825/1/1825 
f 1759/1/1759 1758/1/1758 1812/1/1812 
f 1812/1/1812 1825/1/1825 1759/1/1759 
f 1829/1/1829 1828/1/1828 1827/1/1827 
f 1827/1/1827 1830/1/1830 1829/1/1829 
f 1829/1/1829 1830/1/1830 1831/1/1831 
f 1831/1/1831 1832/1/1832 1829/1/1829 
f 1829/1/1829 1832/1/1832 1749/1/1749 
f 1749/1/1749 1763/1/1763 1829/1/1829 
f 1763/1/1763 1760/1/1760 1828/1/1828 
f 1828/1/1828 1829/1/1829 1763/1/1763 
f 1833/1/1833 1834/1/1834 1835/1/1835 
f 1835/1/1835 1836/1/1836 1833/1/1833 
f 1836/1/1836 1712/1/1712 1711/1/1711 
f 1711/1/1711 1833/1/1833 1836/1/1836 
f 1664/1/1664 1833/1/1833 1711/1/1711 
f 1711/1/1711 1665/1/1665 1664/1/1664 
f 1834/1/1834 1833/1/1833 1664/1/1664 
f 1664/1/1664 1659/1/1659 1834/1/1834 
f 1837/1/1837 1838/1/1838 1839/1/1839 
f 1839/1/1839 1840/1/1840 1837/1/1837 
f 1837/1/1837 1840/1/1840 1751/1/1751 
f 1751/1/1751 1750/1/1750 1837/1/1837 
f 1832/1/1832 1837/1/1837 1750/1/1750 
f 1750/1/1750 1749/1/1749 1832/1/1832 
f 1832/1/1832 1831/1/1831 1838/1/1838 
f 1838/1/1838 1837/1/1837 1832/1/1832 
f 1841/1/1841 1658/1/1658 1653/1/1653 
f 1653/1/1653 1693/1/1693 1841/1/1841 
f 1841/1/1841 1693/1/1693 1692/1/1692 
f 1692/1/1692 1842/1/1842 1841/1/1841 
f 1842/1/1842 1835/1/1835 1834/1/1834 
f 1834/1/1834 1841/1/1841 1842/1/1842 
f 1834/1/1834 1659/1/1659 1658/1/1658 
f 1658/1/1658 1841/1/1841 1834/1/1834 
f 1843/1/1843 1822/1/1822 1736/1/1736 
f 1736/1/1736 1735/1/1735 1843/1/1843 
f 1735/1/1735 1742/1/1742 1844/1/1844 
f 1844/1/1844 1843/1/1843 1735/1/1735 
f 1843/1/1843 1844/1/1844 1845/1/1845 
f 1845/1/1845 1846/1/1846 1843/1/1843 
f 1846/1/1846 1823/1/1823 1822/1/1822 
f 1822/1/1822 1843/1/1843 1846/1/1846 
f 1847/1/1847 1844/1/1844 1742/1/1742 
f 1742/1/1742 1793/1/1793 1847/1/1847 
f 1793/1/1793 1792/1/1792 1848/1/1848 
f 1848/1/1848 1847/1/1847 1793/1/1793 
f 1847/1/1847 1848/1/1848 1849/1/1849 
f 1849/1/1849 1850/1/1850 1847/1/1847 
f 1850/1/1850 1845/1/1845 1844/1/1844 
f 1844/1/1844 1847/1/1847 1850/1/1850 
f 1851/1/1851 1848/1/1848 1792/1/1792 
f 1792/1/1792 1796/1/1796 1851/1/1851 
f 1796/1/1796 1770/1/1770 1852/1/1852 
f 1852/1/1852 1851/1/1851 1796/1/1796 
f 1851/1/1851 1852/1/1852 1853/1/1853 
f 1854/1/1854 1849/1/1849 1848/1/1848 
f 1848/1/1848 1851/1/1851 1854/1/1854 
f 1855/1/1855 1852/1/1852 1770/1/1770 
f 1770/1/1770 1769/1/1769 1855/1/1855 
f 1769/1/1769 1768/1/1768 1856/1/1856 
f 1856/1/1856 1855/1/1855 1769/1/1769 
f 1855/1/1855 1856/1/1856 1857/1/1857 
f 1857/1/1857 1858/1/1858 1855/1/1855 
f 1858/1/1858 1853/1/1853 1852/1/1852 
f 1859/1/1859 1774/1/1774 1745/1/1745 
f 1745/1/1745 1860/1/1860 1859/1/1859 
f 1860/1/1860 1861/1/1861 1862/1/1862 
f 1862/1/1862 1859/1/1859 1860/1/1860 
f 1856/1/1856 1859/1/1859 1862/1/1862 
f 1862/1/1862 1857/1/1857 1856/1/1856 
f 1856/1/1856 1768/1/1768 1774/1/1774 
f 1774/1/1774 1859/1/1859 1856/1/1856 
f 1863/1/1863 1732/1/1732 1731/1/1731 
f 1731/1/1731 1730/1/1730 1864/1/1864 
f 1864/1/1864 1865/1/1865 1731/1/1731 
f 1865/1/1865 1864/1/1864 1866/1/1866 
f 1863/1/1863 1865/1/1865 1867/1/1867 
f 1867/1/1867 1868/1/1868 1863/1/1863 
f 1869/1/1869 1744/1/1744 1751/1/1751 
f 1751/1/1751 1870/1/1870 1869/1/1869 
f 1870/1/1870 1871/1/1871 1872/1/1872 
f 1872/1/1872 1869/1/1869 1870/1/1870 
f 1869/1/1869 1872/1/1872 1861/1/1861 
f 1861/1/1861 1860/1/1860 1869/1/1869 
f 1860/1/1860 1745/1/1745 1744/1/1744 
f 1744/1/1744 1869/1/1869 1860/1/1860 
f 1873/1/1873 1874/1/1874 1871/1/1871 
f 1871/1/1871 1870/1/1870 1873/1/1873 
f 1870/1/1870 1751/1/1751 1840/1/1840 
f 1840/1/1840 1873/1/1873 1870/1/1870 
f 1873/1/1873 1840/1/1840 1839/1/1839 
f 1839/1/1839 1875/1/1875 1873/1/1873 
f 1875/1/1875 1876/1/1876 1874/1/1874 
f 1874/1/1874 1873/1/1873 1875/1/1875 
f 1877/1/1877 1878/1/1878 1868/1/1868 
f 1868/1/1868 1867/1/1867 1877/1/1877 
f 1867/1/1867 1866/1/1866 1879/1/1879 
f 1879/1/1879 1877/1/1877 1867/1/1867 
f 1877/1/1877 1879/1/1879 1708/1/1708 
f 1708/1/1708 1707/1/1707 1877/1/1877 
f 1707/1/1707 1706/1/1706 1878/1/1878 
f 1878/1/1878 1877/1/1877 1707/1/1707 
f 1880/1/1880 1881/1/1881 1882/1/1882 
f 1882/1/1882 1883/1/1883 1880/1/1880 
f 1883/1/1883 1871/1/1871 1874/1/1874 
f 1874/1/1874 1880/1/1880 1883/1/1883 
f 1880/1/1880 1874/1/1874 1876/1/1876 
f 1876/1/1876 1884/1/1884 1880/1/1880 
f 1884/1/1884 1885/1/1885 1881/1/1881 
f 1881/1/1881 1880/1/1880 1884/1/1884 
f 1886/1/1886 1697/1/1697 1696/1/1696 
f 1696/1/1696 1887/1/1887 1886/1/1886 
f 1887/1/1887 1888/1/1888 1889/1/1889 
f 1889/1/1889 1886/1/1886 1887/1/1887 
f 1886/1/1886 1889/1/1889 1890/1/1890 
f 1891/1/1891 1686/1/1686 1697/1/1697 
f 1697/1/1697 1886/1/1886 1891/1/1891 
f 1892/1/1892 1687/1/1687 1686/1/1686 
f 1686/1/1686 1891/1/1891 1892/1/1892 
f 1891/1/1891 1890/1/1890 1893/1/1893 
f 1893/1/1893 1892/1/1892 1891/1/1891 
f 1892/1/1892 1893/1/1893 1894/1/1894 
f 1894/1/1894 1895/1/1895 1892/1/1892 
f 1895/1/1895 1688/1/1688 1687/1/1687 
f 1687/1/1687 1892/1/1892 1895/1/1895 
f 1896/1/1896 1893/1/1893 1890/1/1890 
f 1890/1/1890 1897/1/1897 1896/1/1896 
f 1897/1/1897 1816/1/1816 1815/1/1815 
f 1815/1/1815 1896/1/1896 1897/1/1897 
f 1896/1/1896 1815/1/1815 1814/1/1814 
f 1814/1/1814 1898/1/1898 1896/1/1896 
f 1898/1/1898 1894/1/1894 1893/1/1893 
f 1893/1/1893 1896/1/1896 1898/1/1898 
f 1899/1/1899 1826/1/1826 1816/1/1816 
f 1816/1/1816 1897/1/1897 1899/1/1899 
f 1897/1/1897 1890/1/1890 1889/1/1889 
f 1889/1/1889 1899/1/1899 1897/1/1897 
f 1899/1/1899 1889/1/1889 1888/1/1888 
f 1888/1/1888 1900/1/1900 1899/1/1899 
f 1900/1/1900 1827/1/1827 1826/1/1826 
f 1826/1/1826 1899/1/1899 1900/1/1900 
f 1901/1/1901 1895/1/1895 1894/1/1894 
f 1894/1/1894 1902/1/1902 1901/1/1901 
f 1902/1/1902 1903/1/1903 1904/1/1904 
f 1901/1/1901 1904/1/1904 1692/1/1692 
f 1692/1/1692 1691/1/1691 1901/1/1901 
f 1691/1/1691 1688/1/1688 1895/1/1895 
f 1895/1/1895 1901/1/1901 1691/1/1691 
f 1905/1/1905 1906/1/1906 1903/1/1903 
f 1903/1/1903 1902/1/1902 1905/1/1905 
f 1902/1/1902 1894/1/1894 1898/1/1898 
f 1898/1/1898 1905/1/1905 1902/1/1902 
f 1905/1/1905 1898/1/1898 1814/1/1814 
f 1814/1/1814 1820/1/1820 1905/1/1905 
f 1820/1/1820 1819/1/1819 1906/1/1906 
f 1907/1/1907 1904/1/1904 1903/1/1903 
f 1903/1/1903 1908/1/1908 1907/1/1907 
f 1908/1/1908 1909/1/1909 1910/1/1910 
f 1910/1/1910 1907/1/1907 1908/1/1908 
f 1907/1/1907 1910/1/1910 1835/1/1835 
f 1835/1/1835 1842/1/1842 1907/1/1907 
f 1842/1/1842 1692/1/1692 1904/1/1904 
f 1904/1/1904 1907/1/1907 1842/1/1842 
f 1911/1/1911 1912/1/1912 1909/1/1909 
f 1909/1/1909 1908/1/1908 1911/1/1911 
f 1908/1/1908 1903/1/1903 1906/1/1906 
f 1906/1/1906 1911/1/1911 1908/1/1908 
f 1911/1/1911 1906/1/1906 1819/1/1819 
f 1819/1/1819 1824/1/1824 1911/1/1911 
f 1824/1/1824 1823/1/1823 1912/1/1912 
f 1912/1/1912 1911/1/1911 1824/1/1824 
f 1913/1/1913 1703/1/1703 1702/1/1702 
f 1702/1/1702 1914/1/1914 1913/1/1913 
f 1914/1/1914 1915/1/1915 1916/1/1916 
f 1916/1/1916 1913/1/1913 1914/1/1914 
f 1913/1/1913 1916/1/1916 1888/1/1888 
f 1888/1/1888 1887/1/1887 1913/1/1913 
f 1887/1/1887 1696/1/1696 1703/1/1703 
f 1703/1/1703 1913/1/1913 1887/1/1887 
f 1917/1/1917 1830/1/1830 1827/1/1827 
f 1827/1/1827 1900/1/1900 1917/1/1917 
f 1900/1/1900 1888/1/1888 1916/1/1916 
f 1916/1/1916 1917/1/1917 1900/1/1900 
f 1917/1/1917 1916/1/1916 1915/1/1915 
f 1915/1/1915 1918/1/1918 1917/1/1917 
f 1918/1/1918 1831/1/1831 1830/1/1830 
f 1830/1/1830 1917/1/1917 1918/1/1918 
f 1919/1/1919 1709/1/1709 1708/1/1708 
f 1708/1/1708 1920/1/1920 1919/1/1919 
f 1920/1/1920 1921/1/1921 1922/1/1922 
f 1922/1/1922 1919/1/1919 1920/1/1920 
f 1919/1/1919 1922/1/1922 1915/1/1915 
f 1915/1/1915 1914/1/1914 1919/1/1919 
f 1914/1/1914 1702/1/1702 1709/1/1709 
f 1709/1/1709 1919/1/1919 1914/1/1914 
f 1923/1/1923 1838/1/1838 1831/1/1831 
f 1831/1/1831 1918/1/1918 1923/1/1923 
f 1918/1/1918 1915/1/1915 1922/1/1922 
f 1922/1/1922 1923/1/1923 1918/1/1918 
f 1923/1/1923 1922/1/1922 1921/1/1921 
f 1921/1/1921 1924/1/1924 1923/1/1923 
f 1924/1/1924 1839/1/1839 1838/1/1838 
f 1838/1/1838 1923/1/1923 1924/1/1924 
f 1925/1/1925 1879/1/1879 1866/1/1866 
f 1866/1/1866 1926/1/1926 1925/1/1925 
f 1926/1/1926 1885/1/1885 1927/1/1927 
f 1927/1/1927 1925/1/1925 1926/1/1926 
f 1925/1/1925 1927/1/1927 1921/1/1921 
f 1921/1/1921 1920/1/1920 1925/1/1925 
f 1920/1/1920 1708/1/1708 1879/1/1879 
f 1879/1/1879 1925/1/1925 1920/1/1920 
f 1928/1/1928 1875/1/1875 1839/1/1839 
f 1839/1/1839 1924/1/1924 1928/1/1928 
f 1924/1/1924 1921/1/1921 1927/1/1927 
f 1927/1/1927 1928/1/1928 1924/1/1924 
f 1928/1/1928 1927/1/1927 1885/1/1885 
f 1885/1/1885 1884/1/1884 1928/1/1928 
f 1884/1/1884 1876/1/1876 1875/1/1875 
f 1875/1/1875 1928/1/1928 1884/1/1884 
f 1929/1/1929 1930/1/1930 1931/1/1931 
f 1931/1/1931 1932/1/1932 1929/1/1929 
f 1932/1/1932 1909/1/1909 1912/1/1912 
f 1912/1/1912 1929/1/1929 1932/1/1932 
f 1929/1/1929 1912/1/1912 1823/1/1823 
f 1823/1/1823 1846/1/1846 1929/1/1929 
f 1846/1/1846 1845/1/1845 1930/1/1930 
f 1930/1/1930 1929/1/1929 1846/1/1846 
f 1933/1/1933 1934/1/1934 1712/1/1712 
f 1836/1/1836 1835/1/1835 1910/1/1910 
f 1910/1/1910 1933/1/1933 1836/1/1836 
f 1933/1/1933 1910/1/1910 1909/1/1909 
f 1909/1/1909 1932/1/1932 1933/1/1933 
f 1932/1/1932 1931/1/1931 1934/1/1934 
f 1935/1/1935 1934/1/1934 1931/1/1931 
f 1931/1/1931 1936/1/1936 1935/1/1935 
f 1936/1/1936 1937/1/1937 1938/1/1938 
f 1935/1/1935 1938/1/1938 1715/1/1715 
f 1713/1/1713 1712/1/1712 1934/1/1934 
f 1939/1/1939 1940/1/1940 1937/1/1937 
f 1937/1/1937 1936/1/1936 1939/1/1939 
f 1936/1/1936 1931/1/1931 1930/1/1930 
f 1939/1/1939 1930/1/1930 1845/1/1845 
f 1850/1/1850 1849/1/1849 1940/1/1940 
f 1716/1/1716 1715/1/1715 1938/1/1938 
f 1938/1/1938 1941/1/1941 1716/1/1716 
f 1941/1/1941 1938/1/1938 1937/1/1937 
f 1937/1/1937 1942/1/1942 1941/1/1941 
f 1941/1/1941 1942/1/1942 1943/1/1943 
f 1943/1/1943 1944/1/1944 1941/1/1941 
f 1944/1/1944 1718/1/1718 1716/1/1716 
f 1945/1/1945 1943/1/1943 1942/1/1942 
f 1942/1/1942 1946/1/1946 1945/1/1945 
f 1942/1/1942 1937/1/1937 1940/1/1940 
f 1940/1/1940 1946/1/1946 1942/1/1942 
f 1946/1/1946 1940/1/1940 1849/1/1849 
f 1849/1/1849 1854/1/1854 1946/1/1946 
f 1854/1/1854 1853/1/1853 1945/1/1945 
f 1945/1/1945 1946/1/1946 1854/1/1854 
f 1947/1/1947 1722/1/1722 1718/1/1718 
f 1944/1/1944 1943/1/1943 1948/1/1948 
f 1947/1/1947 1948/1/1948 1949/1/1949 
f 1949/1/1949 1950/1/1950 1947/1/1947 
f 1950/1/1950 1723/1/1723 1722/1/1722 
f 1722/1/1722 1947/1/1947 1950/1/1950 
f 1951/1/1951 1948/1/1948 1943/1/1943 
f 1943/1/1943 1945/1/1945 1951/1/1951 
f 1951/1/1951 1945/1/1945 1853/1/1853 
f 1951/1/1951 1858/1/1858 1857/1/1857 
f 1857/1/1857 1952/1/1952 1951/1/1951 
f 1952/1/1952 1949/1/1949 1948/1/1948 
f 1948/1/1948 1951/1/1951 1952/1/1952 
f 1953/1/1953 1724/1/1724 1723/1/1723 
f 1723/1/1723 1950/1/1950 1953/1/1953 
f 1950/1/1950 1949/1/1949 1954/1/1954 
f 1954/1/1954 1953/1/1953 1950/1/1950 
f 1953/1/1953 1954/1/1954 1955/1/1955 
f 1955/1/1955 1956/1/1956 1953/1/1953 
f 1956/1/1956 1726/1/1726 1724/1/1724 
f 1724/1/1724 1953/1/1953 1956/1/1956 
f 1957/1/1957 1954/1/1954 1949/1/1949 
f 1949/1/1949 1952/1/1952 1957/1/1957 
f 1952/1/1952 1857/1/1857 1862/1/1862 
f 1862/1/1862 1957/1/1957 1952/1/1952 
f 1957/1/1957 1862/1/1862 1861/1/1861 
f 1861/1/1861 1958/1/1958 1957/1/1957 
f 1958/1/1958 1955/1/1955 1954/1/1954 
f 1954/1/1954 1957/1/1957 1958/1/1958 
f 1729/1/1729 1726/1/1726 1956/1/1956 
f 1956/1/1956 1959/1/1959 1729/1/1729 
f 1956/1/1956 1955/1/1955 1960/1/1960 
f 1960/1/1960 1959/1/1959 1956/1/1956 
f 1959/1/1959 1960/1/1960 1882/1/1882 
f 1882/1/1882 1961/1/1961 1959/1/1959 
f 1961/1/1961 1730/1/1730 1729/1/1729 
f 1729/1/1729 1959/1/1959 1961/1/1961 
f 1962/1/1962 1960/1/1960 1955/1/1955 
f 1955/1/1955 1958/1/1958 1962/1/1962 
f 1958/1/1958 1861/1/1861 1872/1/1872 
f 1872/1/1872 1962/1/1962 1958/1/1958 
f 1962/1/1962 1872/1/1872 1871/1/1871 
f 1871/1/1871 1883/1/1883 1962/1/1962 
f 1883/1/1883 1882/1/1882 1960/1/1960 
f 1960/1/1960 1962/1/1962 1883/1/1883 
f 1963/1/1963 1864/1/1864 1730/1/1730 
f 1730/1/1730 1961/1/1961 1963/1/1963 
f 1961/1/1961 1882/1/1882 1881/1/1881 
f 1963/1/1963 1881/1/1881 1885/1/1885 
f 1885/1/1885 1926/1/1926 1963/1/1963 
f 1926/1/1926 1866/1/1866 1864/1/1864 
f 1864/1/1864 1963/1/1963 1926/1/1926 
f 1964/1/1964 1965/1/1965 1966/1/1966 
f 1966/1/1966 1967/1/1967 1964/1/1964 
f 1967/1/1967 1644/1/1644 1643/1/1643 
f 1643/1/1643 1964/1/1964 1967/1/1967 
f 1964/1/1964 1643/1/1643 1650/1/1650 
f 1650/1/1650 1733/1/1733 1964/1/1964 
f 1733/1/1733 1732/1/1732 1965/1/1965 
f 1965/1/1965 1964/1/1964 1733/1/1733 
f 1968/1/1968 1969/1/1969 1970/1/1970 
f 1970/1/1970 1971/1/1971 1968/1/1968 
f 1971/1/1971 1644/1/1644 1967/1/1967 
f 1967/1/1967 1968/1/1968 1971/1/1971 
f 1968/1/1968 1967/1/1967 1966/1/1966 
f 1966/1/1966 1969/1/1969 1968/1/1968 
f 1972/1/1972 1973/1/1973 1974/1/1974 
f 1974/1/1974 1975/1/1975 1972/1/1972 
f 1975/1/1975 1966/1/1966 1965/1/1965 
f 1965/1/1965 1972/1/1972 1975/1/1975 
f 1972/1/1972 1965/1/1965 1732/1/1732 
f 1732/1/1732 1863/1/1863 1972/1/1972 
f 1863/1/1863 1868/1/1868 1973/1/1973 
f 1973/1/1973 1972/1/1972 1863/1/1863 
f 1976/1/1976 1969/1/1969 1966/1/1966 
f 1966/1/1966 1975/1/1975 1976/1/1976 
f 1975/1/1975 1974/1/1974 1977/1/1977 
f 1977/1/1977 1976/1/1976 1975/1/1975 
f 1976/1/1976 1977/1/1977 1978/1/1978 
f 1978/1/1978 1979/1/1979 1976/1/1976 
f 1979/1/1979 1970/1/1970 1969/1/1969 
f 1969/1/1969 1976/1/1976 1979/1/1979 
f 1980/1/1980 1981/1/1981 1982/1/1982 
f 1982/1/1982 1983/1/1983 1980/1/1980 
f 1982/1/1982 1974/1/1974 1973/1/1973 
f 1973/1/1973 1983/1/1983 1982/1/1982 
f 1983/1/1983 1973/1/1973 1868/1/1868 
f 1868/1/1868 1878/1/1878 1983/1/1983 
f 1983/1/1983 1878/1/1878 1706/1/1706 
f 1706/1/1706 1980/1/1980 1983/1/1983 
f 1984/1/1984 1627/1/1627 1626/1/1626 
f 1626/1/1626 1985/1/1985 1984/1/1984 
f 1985/1/1985 1700/1/1700 1699/1/1699 
f 1699/1/1699 1984/1/1984 1985/1/1985 
f 1984/1/1984 1699/1/1699 1630/1/1630 
f 1630/1/1630 1629/1/1629 1984/1/1984 
f 1629/1/1629 1519/1/1519 1627/1/1627 
f 1627/1/1627 1984/1/1984 1629/1/1629 
f 1986/1/1986 1705/1/1705 1700/1/1700 
f 1700/1/1700 1985/1/1985 1986/1/1986 
f 1985/1/1985 1626/1/1626 1987/1/1987 
f 1986/1/1986 1987/1/1987 1981/1/1981 
f 1981/1/1981 1980/1/1980 1986/1/1986 
f 1980/1/1980 1706/1/1706 1705/1/1705 
f 1705/1/1705 1986/1/1986 1980/1/1980 
f 1988/1/1988 1977/1/1977 1974/1/1974 
f 1974/1/1974 1982/1/1982 1988/1/1988 
f 1982/1/1982 1981/1/1981 1989/1/1989 
f 1989/1/1989 1988/1/1988 1982/1/1982 
f 1988/1/1988 1989/1/1989 1990/1/1990 
f 1990/1/1990 1991/1/1991 1988/1/1988 
f 1991/1/1991 1978/1/1978 1977/1/1977 
f 1977/1/1977 1988/1/1988 1991/1/1991 
f 1992/1/1992 1993/1/1993 1994/1/1994 
f 1994/1/1994 1995/1/1995 1992/1/1992 
f 1995/1/1995 1990/1/1990 1989/1/1989 
f 1989/1/1989 1992/1/1992 1995/1/1995 
f 1992/1/1992 1989/1/1989 1981/1/1981 
f 1981/1/1981 1987/1/1987 1992/1/1992 
f 1987/1/1987 1626/1/1626 1993/1/1993 
f 1996/1/1996 1997/1/1997 1998/1/1998 
f 1999/1/1999 2000/1/2000 2001/1/2001 
f 1996/1/1996 2001/1/2001 1626/1/1626 
f 1625/1/1625 1624/1/1624 1997/1/1997 
f 2002/1/2002 2001/1/2001 2000/1/2000 
f 2003/1/2003 2004/1/2004 2005/1/2005 
f 2005/1/2005 2002/1/2002 2003/1/2003 
f 2002/1/2002 2005/1/2005 1994/1/1994 
f 1994/1/1994 1993/1/1993 2002/1/2002 
f 1993/1/1993 1626/1/1626 2001/1/2001 
f 2006/1/2006 2007/1/2007 2008/1/2008 
f 2008/1/2008 2009/1/2009 2006/1/2006 
f 2009/1/2009 2008/1/2008 2000/1/2000 
f 1999/1/1999 1998/1/1998 2010/1/2010 
f 2009/1/2009 2010/1/2010 2011/1/2011 
f 2011/1/2011 2006/1/2006 2009/1/2009 
f 2012/1/2012 2008/1/2008 2007/1/2007 
f 2007/1/2007 2013/1/2013 2012/1/2012 
f 2013/1/2013 2014/1/2014 2015/1/2015 
f 2015/1/2015 2012/1/2012 2013/1/2013 
f 2012/1/2012 2015/1/2015 2004/1/2004 
f 2004/1/2004 2003/1/2003 2012/1/2012 
f 2003/1/2003 2000/1/2000 2008/1/2008 
f 2008/1/2008 2012/1/2012 2003/1/2003 
f 2016/1/2016 2017/1/2017 2018/1/2018 
f 2019/1/2019 2007/1/2007 2006/1/2006 
f 2006/1/2006 2016/1/2016 2019/1/2019 
f 2016/1/2016 2006/1/2006 2011/1/2011 
f 2020/1/2020 2021/1/2021 2017/1/2017 
f 2017/1/2017 2016/1/2016 2020/1/2020 
f 2022/1/2022 2023/1/2023 1500/1/1500 
f 1500/1/1500 1499/1/1499 2022/1/2022 
f 1499/1/1499 1414/1/1414 2024/1/2024 
f 2024/1/2024 2022/1/2022 1499/1/1499 
f 2022/1/2022 2024/1/2024 2018/1/2018 
f 2018/1/2018 2017/1/2017 2022/1/2022 
f 2017/1/2017 2021/1/2021 2023/1/2023 
f 2023/1/2023 2022/1/2022 2017/1/2017 
f 2013/1/2013 2007/1/2007 2019/1/2019 
f 2019/1/2019 2025/1/2025 2013/1/2013 
f 2025/1/2025 2019/1/2019 2018/1/2018 
f 2018/1/2018 2026/1/2026 2025/1/2025 
f 2026/1/2026 2027/1/2027 2028/1/2028 
f 2028/1/2028 2025/1/2025 2026/1/2026 
f 2025/1/2025 2028/1/2028 2014/1/2014 
f 2014/1/2014 2013/1/2013 2025/1/2025 
f 2029/1/2029 2030/1/2030 849/1/849 
f 849/1/849 2031/1/2031 2029/1/2029 
f 2031/1/2031 2032/1/2032 2033/1/2033 
f 2033/1/2033 2029/1/2029 2031/1/2031 
f 2029/1/2029 2033/1/2033 2034/1/2034 
f 2034/1/2034 2035/1/2035 2029/1/2029 
f 2035/1/2035 1412/1/1412 2030/1/2030 
f 2030/1/2030 2029/1/2029 2035/1/2035 
f 2036/1/2036 2037/1/2037 2038/1/2038 
f 2038/1/2038 2039/1/2039 2036/1/2036 
f 2039/1/2039 2038/1/2038 2027/1/2027 
f 2027/1/2027 2026/1/2026 2039/1/2039 
f 2026/1/2026 2018/1/2018 2024/1/2024 
f 2024/1/2024 2039/1/2039 2026/1/2026 
f 2039/1/2039 2024/1/2024 1414/1/1414 
f 2040/1/2040 2041/1/2041 2042/1/2042 
f 2042/1/2042 2043/1/2043 2040/1/2040 
f 2040/1/2040 2043/1/2043 2044/1/2044 
f 2040/1/2040 2045/1/2045 1496/1/1496 
f 1495/1/1495 1500/1/1500 2041/1/2041 
f 2041/1/2041 2040/1/2040 1495/1/1495 
f 2046/1/2046 1502/1/1502 1496/1/1496 
f 2045/1/2045 2044/1/2044 2047/1/2047 
f 2047/1/2047 2046/1/2046 2045/1/2045 
f 2046/1/2046 2047/1/2047 2048/1/2048 
f 2048/1/2048 2049/1/2049 2046/1/2046 
f 2049/1/2049 1503/1/1503 1502/1/1502 
f 1502/1/1502 2046/1/2046 2049/1/2049 
f 2049/1/2049 2048/1/2048 2050/1/2050 
f 2050/1/2050 2051/1/2051 2049/1/2049 
f 2050/1/2050 2052/1/2052 2053/1/2053 
f 2053/1/2053 2051/1/2051 2050/1/2050 
f 2051/1/2051 2053/1/2053 1508/1/1508 
f 1508/1/1508 1505/1/1505 2051/1/2051 
f 2051/1/2051 1505/1/1505 1503/1/1503 
f 1503/1/1503 2049/1/2049 2051/1/2051 
f 2054/1/2054 2053/1/2053 2052/1/2052 
f 2052/1/2052 2055/1/2055 2054/1/2054 
f 2055/1/2055 2056/1/2056 2057/1/2057 
f 2057/1/2057 2054/1/2054 2055/1/2055 
f 2054/1/2054 2057/1/2057 1511/1/1511 
f 1511/1/1511 1510/1/1510 2054/1/2054 
f 1510/1/1510 1508/1/1508 2053/1/2053 
f 2053/1/2053 2054/1/2054 1510/1/1510 
f 1514/1/1514 1511/1/1511 2057/1/2057 
f 2057/1/2057 2058/1/2058 1514/1/1514 
f 2058/1/2058 2057/1/2057 2056/1/2056 
f 2056/1/2056 2059/1/2059 2058/1/2058 
f 2059/1/2059 2060/1/2060 2061/1/2061 
f 2061/1/2061 2058/1/2058 2059/1/2059 
f 1514/1/1514 2058/1/2058 2061/1/2061 
f 2061/1/2061 1515/1/1515 1514/1/1514 
f 2062/1/2062 2023/1/2023 2021/1/2021 
f 2021/1/2021 2063/1/2063 2062/1/2062 
f 2062/1/2062 2063/1/2063 2064/1/2064 
f 2064/1/2064 2065/1/2065 2062/1/2062 
f 2065/1/2065 2042/1/2042 2041/1/2041 
f 2041/1/2041 2062/1/2062 2065/1/2065 
f 2041/1/2041 1500/1/1500 2023/1/2023 
f 2066/1/2066 2067/1/2067 2068/1/2068 
f 2068/1/2068 2069/1/2069 2066/1/2066 
f 2069/1/2069 2064/1/2064 2063/1/2063 
f 2063/1/2063 2066/1/2066 2069/1/2069 
f 2066/1/2066 2063/1/2063 2021/1/2021 
f 2021/1/2021 2020/1/2020 2066/1/2066 
f 2020/1/2020 2011/1/2011 2067/1/2067 
f 2067/1/2067 2066/1/2066 2020/1/2020 
f 2070/1/2070 2071/1/2071 2072/1/2072 
f 2072/1/2072 2073/1/2073 2070/1/2070 
f 2073/1/2073 2072/1/2072 2068/1/2068 
f 2068/1/2068 2067/1/2067 2073/1/2073 
f 2067/1/2067 2011/1/2011 2010/1/2010 
f 2010/1/2010 2073/1/2073 2067/1/2067 
f 2073/1/2073 2010/1/2010 1998/1/1998 
f 1998/1/1998 2070/1/2070 2073/1/2073 
f 2074/1/2074 2061/1/2061 2060/1/2060 
f 2060/1/2060 2075/1/2075 2074/1/2074 
f 2075/1/2075 2076/1/2076 2077/1/2077 
f 2077/1/2077 2074/1/2074 2075/1/2075 
f 2077/1/2077 1624/1/1624 1623/1/1623 
f 2074/1/2074 1623/1/1623 1515/1/1515 
f 1515/1/1515 2061/1/2061 2074/1/2074 
f 2078/1/2078 1997/1/1997 1624/1/1624 
f 1624/1/1624 2077/1/2077 2078/1/2078 
f 2077/1/2077 2076/1/2076 2079/1/2079 
f 2079/1/2079 2078/1/2078 2077/1/2077 
f 2078/1/2078 2079/1/2079 2071/1/2071 
f 2071/1/2071 2070/1/2070 2078/1/2078 
f 2070/1/2070 1998/1/1998 1997/1/1997 
f 1997/1/1997 2078/1/2078 2070/1/2070 
f 2080/1/2080 1559/1/1559 1558/1/1558 
f 1558/1/1558 2081/1/2081 2080/1/2080 
f 2081/1/2081 2082/1/2082 2083/1/2083 
f 2083/1/2083 2080/1/2080 2081/1/2081 
f 2080/1/2080 2083/1/2083 2084/1/2084 
f 2084/1/2084 2085/1/2085 2080/1/2080 
f 2085/1/2085 1546/1/1546 1559/1/1559 
f 1559/1/1559 2080/1/2080 2085/1/2085 
f 2086/1/2086 1615/1/1615 1602/1/1602 
f 1602/1/1602 2087/1/2087 2086/1/2086 
f 2087/1/2087 2088/1/2088 2089/1/2089 
f 2089/1/2089 2086/1/2086 2087/1/2087 
f 2086/1/2086 2089/1/2089 2090/1/2090 
f 2090/1/2090 2091/1/2091 2086/1/2086 
f 2091/1/2091 1608/1/1608 1615/1/1615 
f 1615/1/1615 2086/1/2086 2091/1/2091 
f 2092/1/2092 1609/1/1609 1608/1/1608 
f 1608/1/1608 2091/1/2091 2092/1/2092 
f 2091/1/2091 2090/1/2090 2093/1/2093 
f 2093/1/2093 2092/1/2092 2091/1/2091 
f 2092/1/2092 2093/1/2093 2094/1/2094 
f 2094/1/2094 2095/1/2095 2092/1/2092 
f 2095/1/2095 1570/1/1570 1609/1/1609 
f 1609/1/1609 2092/1/2092 2095/1/2095 
f 2096/1/2096 2093/1/2093 2090/1/2090 
f 2090/1/2090 2097/1/2097 2096/1/2096 
f 2097/1/2097 2042/1/2042 2065/1/2065 
f 2065/1/2065 2096/1/2096 2097/1/2097 
f 2065/1/2065 2064/1/2064 2098/1/2098 
f 2098/1/2098 2096/1/2096 2065/1/2065 
f 2096/1/2096 2098/1/2098 2094/1/2094 
f 2094/1/2094 2093/1/2093 2096/1/2096 
f 2099/1/2099 2043/1/2043 2042/1/2042 
f 2042/1/2042 2097/1/2097 2099/1/2099 
f 2097/1/2097 2090/1/2090 2089/1/2089 
f 2089/1/2089 2099/1/2099 2097/1/2097 
f 2099/1/2099 2089/1/2089 2088/1/2088 
f 2088/1/2088 2100/1/2100 2099/1/2099 
f 2100/1/2100 2044/1/2044 2043/1/2043 
f 2043/1/2043 2099/1/2099 2100/1/2100 
f 2101/1/2101 1601/1/1601 1529/1/1529 
f 1529/1/1529 2102/1/2102 2101/1/2101 
f 2102/1/2102 2103/1/2103 2104/1/2104 
f 2104/1/2104 2101/1/2101 2102/1/2102 
f 2101/1/2101 2104/1/2104 2088/1/2088 
f 2088/1/2088 2087/1/2087 2101/1/2101 
f 2087/1/2087 1602/1/1602 1601/1/1601 
f 1601/1/1601 2101/1/2101 2087/1/2087 
f 2105/1/2105 2047/1/2047 2044/1/2044 
f 2044/1/2044 2100/1/2100 2105/1/2105 
f 2100/1/2100 2088/1/2088 2104/1/2104 
f 2104/1/2104 2105/1/2105 2100/1/2100 
f 2105/1/2105 2104/1/2104 2103/1/2103 
f 2106/1/2106 2048/1/2048 2047/1/2047 
f 2047/1/2047 2105/1/2105 2106/1/2106 
f 2107/1/2107 2108/1/2108 2109/1/2109 
f 2109/1/2109 2110/1/2110 2107/1/2107 
f 2107/1/2107 2110/1/2110 2103/1/2103 
f 2102/1/2102 1529/1/1529 1527/1/1527 
f 1527/1/1527 2107/1/2107 2102/1/2102 
f 1527/1/1527 1528/1/1528 2108/1/2108 
f 2108/1/2108 2107/1/2107 1527/1/1527 
f 2111/1/2111 2112/1/2112 2052/1/2052 
f 2052/1/2052 2050/1/2050 2111/1/2111 
f 2111/1/2111 2050/1/2050 2048/1/2048 
f 2048/1/2048 2106/1/2106 2111/1/2111 
f 2106/1/2106 2103/1/2103 2110/1/2110 
f 2110/1/2110 2111/1/2111 2106/1/2106 
f 2110/1/2110 2109/1/2109 2112/1/2112 
f 2112/1/2112 2111/1/2111 2110/1/2110 
f 2113/1/2113 2114/1/2114 2115/1/2115 
f 2115/1/2115 2116/1/2116 2113/1/2113 
f 2116/1/2116 2109/1/2109 2108/1/2108 
f 2108/1/2108 2113/1/2113 2116/1/2116 
f 2113/1/2113 2108/1/2108 1528/1/1528 
f 1528/1/1528 1535/1/1535 2113/1/2113 
f 1535/1/1535 1534/1/1534 2114/1/2114 
f 2114/1/2114 2113/1/2113 1535/1/1535 
f 2117/1/2117 2118/1/2118 2056/1/2056 
f 2056/1/2056 2055/1/2055 2117/1/2117 
f 2055/1/2055 2052/1/2052 2112/1/2112 
f 2112/1/2112 2117/1/2117 2055/1/2055 
f 2117/1/2117 2112/1/2112 2109/1/2109 
f 2109/1/2109 2116/1/2116 2117/1/2117 
f 2116/1/2116 2115/1/2115 2118/1/2118 
f 2118/1/2118 2117/1/2117 2116/1/2116 
f 2119/1/2119 2120/1/2120 2121/1/2121 
f 2121/1/2121 2122/1/2122 2119/1/2119 
f 2122/1/2122 2115/1/2115 2114/1/2114 
f 2114/1/2114 2119/1/2119 2122/1/2122 
f 2119/1/2119 2114/1/2114 1534/1/1534 
f 1534/1/1534 1541/1/1541 2119/1/2119 
f 1541/1/1541 1540/1/1540 2120/1/2120 
f 2120/1/2120 2119/1/2119 1541/1/1541 
f 2123/1/2123 2124/1/2124 2060/1/2060 
f 2060/1/2060 2059/1/2059 2123/1/2123 
f 2059/1/2059 2056/1/2056 2118/1/2118 
f 2118/1/2118 2123/1/2123 2059/1/2059 
f 2123/1/2123 2118/1/2118 2115/1/2115 
f 2115/1/2115 2122/1/2122 2123/1/2123 
f 2122/1/2122 2121/1/2121 2124/1/2124 
f 2124/1/2124 2123/1/2123 2122/1/2122 
f 2125/1/2125 2085/1/2085 2084/1/2084 
f 2084/1/2084 2126/1/2126 2125/1/2125 
f 2126/1/2126 2121/1/2121 2120/1/2120 
f 2120/1/2120 2125/1/2125 2126/1/2126 
f 2125/1/2125 2120/1/2120 1540/1/1540 
f 1540/1/1540 1547/1/1547 2125/1/2125 
f 1547/1/1547 1546/1/1546 2085/1/2085 
f 2085/1/2085 2125/1/2125 1547/1/1547 
f 2127/1/2127 2128/1/2128 2076/1/2076 
f 2076/1/2076 2075/1/2075 2127/1/2127 
f 2075/1/2075 2060/1/2060 2124/1/2124 
f 2124/1/2124 2127/1/2127 2075/1/2075 
f 2127/1/2127 2124/1/2124 2121/1/2121 
f 2121/1/2121 2126/1/2126 2127/1/2127 
f 2126/1/2126 2084/1/2084 2128/1/2128 
f 2128/1/2128 2127/1/2127 2126/1/2126 
f 2129/1/2129 2095/1/2095 2094/1/2094 
f 2094/1/2094 2130/1/2130 2129/1/2129 
f 2130/1/2130 2131/1/2131 2132/1/2132 
f 2132/1/2132 2129/1/2129 2130/1/2130 
f 2132/1/2132 1564/1/1564 1571/1/1571 
f 1571/1/1571 2129/1/2129 2132/1/2132 
f 2129/1/2129 1571/1/1571 1570/1/1570 
f 1570/1/1570 2095/1/2095 2129/1/2129 
f 2133/1/2133 2134/1/2134 2131/1/2131 
f 2131/1/2131 2130/1/2130 2133/1/2133 
f 2130/1/2130 2094/1/2094 2098/1/2098 
f 2098/1/2098 2133/1/2133 2130/1/2130 
f 2133/1/2133 2098/1/2098 2064/1/2064 
f 2064/1/2064 2069/1/2069 2133/1/2133 
f 2069/1/2069 2068/1/2068 2134/1/2134 
f 2134/1/2134 2133/1/2133 2069/1/2069 
f 2135/1/2135 1565/1/1565 1564/1/1564 
f 1564/1/1564 2132/1/2132 2135/1/2135 
f 2135/1/2135 2132/1/2132 2131/1/2131 
f 2131/1/2131 2136/1/2136 2135/1/2135 
f 2135/1/2135 2136/1/2136 2082/1/2082 
f 2082/1/2082 2081/1/2081 2135/1/2135 
f 2081/1/2081 1558/1/1558 1565/1/1565 
f 1565/1/1565 2135/1/2135 2081/1/2081 
f 2136/1/2136 2131/1/2131 2134/1/2134 
f 2134/1/2134 2137/1/2137 2136/1/2136 
f 2137/1/2137 2134/1/2134 2068/1/2068 
f 2068/1/2068 2072/1/2072 2137/1/2137 
f 2137/1/2137 2072/1/2072 2071/1/2071 
f 2071/1/2071 2138/1/2138 2137/1/2137 
f 2138/1/2138 2082/1/2082 2136/1/2136 
f 2136/1/2136 2137/1/2137 2138/1/2138 
f 2139/1/2139 2083/1/2083 2082/1/2082 
f 2082/1/2082 2138/1/2138 2139/1/2139 
f 2138/1/2138 2071/1/2071 2079/1/2079 
f 2079/1/2079 2139/1/2139 2138/1/2138 
f 2139/1/2139 2079/1/2079 2076/1/2076 
f 2076/1/2076 2128/1/2128 2139/1/2139 
f 2128/1/2128 2084/1/2084 2083/1/2083 
f 2083/1/2083 2139/1/2139 2128/1/2128 
f 2140/1/2140 2141/1/2141 2142/1/2142 
f 2142/1/2142 2143/1/2143 2140/1/2140 
f 2143/1/2143 2142/1/2142 2144/1/2144 
f 2144/1/2144 2145/1/2145 2143/1/2143 
f 2143/1/2143 2145/1/2145 2146/1/2146 
f 2146/1/2146 2147/1/2147 2143/1/2143 
f 2147/1/2147 2148/1/2148 2140/1/2140 
f 2140/1/2140 2143/1/2143 2147/1/2147 
f 2149/1/2149 2150/1/2150 2141/1/2141 
f 2149/1/2149 2140/1/2140 2148/1/2148 
f 2148/1/2148 2151/1/2151 2149/1/2149 
f 2149/1/2149 2151/1/2151 2152/1/2152 
f 2152/1/2152 2153/1/2153 2149/1/2149 
f 2153/1/2153 2154/1/2154 2150/1/2150 
f 2155/1/2155 2156/1/2156 2154/1/2154 
f 2154/1/2154 2153/1/2153 2155/1/2155 
f 2153/1/2153 2152/1/2152 2157/1/2157 
f 2157/1/2157 2155/1/2155 2153/1/2153 
f 2155/1/2155 2157/1/2157 2158/1/2158 
f 2158/1/2158 2159/1/2159 2155/1/2155 
f 2159/1/2159 2160/1/2160 2156/1/2156 
f 2156/1/2156 2155/1/2155 2159/1/2159 
f 2161/1/2161 2162/1/2162 2163/1/2163 
f 2163/1/2163 2164/1/2164 2161/1/2161 
f 2164/1/2164 2165/1/2165 2166/1/2166 
f 2166/1/2166 2161/1/2161 2164/1/2164 
f 2161/1/2161 2166/1/2166 1208/1/1208 
f 1208/1/1208 1281/1/1281 2161/1/2161 
f 1281/1/1281 1280/1/1280 2162/1/2162 
f 2162/1/2162 2161/1/2161 1281/1/1281 
f 2167/1/2167 2168/1/2168 2158/1/2158 
f 2158/1/2158 2169/1/2169 2167/1/2167 
f 2167/1/2167 2169/1/2169 2170/1/2170 
f 2170/1/2170 2171/1/2171 2167/1/2167 
f 2171/1/2171 2165/1/2165 2164/1/2164 
f 2164/1/2164 2167/1/2167 2171/1/2171 
f 2164/1/2164 2163/1/2163 2168/1/2168 
f 2168/1/2168 2167/1/2167 2164/1/2164 
f 1209/1/1209 1208/1/1208 2166/1/2166 
f 2166/1/2166 2165/1/2165 2172/1/2172 
f 2172/1/2172 2173/1/2173 2166/1/2166 
f 2173/1/2173 2172/1/2172 2174/1/2174 
f 2174/1/2174 2175/1/2175 2173/1/2173 
f 2175/1/2175 1200/1/1200 1209/1/1209 
f 1209/1/1209 2173/1/2173 2175/1/2175 
f 2176/1/2176 2177/1/2177 2178/1/2178 
f 2178/1/2178 2179/1/2179 2176/1/2176 
f 2179/1/2179 2174/1/2174 2172/1/2172 
f 2172/1/2172 2176/1/2176 2179/1/2179 
f 2176/1/2176 2172/1/2172 2165/1/2165 
f 2165/1/2165 2171/1/2171 2176/1/2176 
f 2171/1/2171 2170/1/2170 2177/1/2177 
f 2177/1/2177 2176/1/2176 2171/1/2171 
f 2180/1/2180 2157/1/2157 2152/1/2152 
f 2152/1/2152 2181/1/2181 2180/1/2180 
f 2181/1/2181 2182/1/2182 2183/1/2183 
f 2180/1/2180 2183/1/2183 2170/1/2170 
f 2170/1/2170 2169/1/2169 2180/1/2180 
f 2169/1/2169 2158/1/2158 2157/1/2157 
f 2157/1/2157 2180/1/2180 2169/1/2169 
f 2184/1/2184 2183/1/2183 2182/1/2182 
f 2182/1/2182 2185/1/2185 2184/1/2184 
f 2184/1/2184 2185/1/2185 2186/1/2186 
f 2186/1/2186 2187/1/2187 2184/1/2184 
f 2187/1/2187 2178/1/2178 2177/1/2177 
f 2177/1/2177 2184/1/2184 2187/1/2187 
f 2177/1/2177 2170/1/2170 2183/1/2183 
f 2183/1/2183 2184/1/2184 2177/1/2177 
f 2188/1/2188 2179/1/2179 2178/1/2178 
f 2178/1/2178 2187/1/2187 2188/1/2188 
f 2187/1/2187 2186/1/2186 2189/1/2189 
f 2189/1/2189 2188/1/2188 2187/1/2187 
f 2188/1/2188 2189/1/2189 2190/1/2190 
f 2190/1/2190 2191/1/2191 2188/1/2188 
f 2191/1/2191 2174/1/2174 2179/1/2179 
f 2179/1/2179 2188/1/2188 2191/1/2191 
f 2192/1/2192 2193/1/2193 2194/1/2194 
f 2194/1/2194 2195/1/2195 2192/1/2192 
f 2195/1/2195 2182/1/2182 2181/1/2181 
f 2181/1/2181 2192/1/2192 2195/1/2195 
f 2192/1/2192 2181/1/2181 2152/1/2152 
f 2152/1/2152 2151/1/2151 2192/1/2192 
f 2151/1/2151 2148/1/2148 2193/1/2193 
f 2193/1/2193 2192/1/2192 2151/1/2151 
f 2196/1/2196 2197/1/2197 2198/1/2198 
f 2199/1/2199 2186/1/2186 2185/1/2185 
f 2185/1/2185 2196/1/2196 2199/1/2199 
f 2195/1/2195 2196/1/2196 2185/1/2185 
f 2185/1/2185 2182/1/2182 2195/1/2195 
f 2195/1/2195 2194/1/2194 2197/1/2197 
f 2197/1/2197 2196/1/2196 2195/1/2195 
f 2200/1/2200 2193/1/2193 2148/1/2148 
f 2148/1/2148 2147/1/2147 2200/1/2200 
f 2147/1/2147 2146/1/2146 2201/1/2201 
f 2201/1/2201 2200/1/2200 2147/1/2147 
f 2200/1/2200 2201/1/2201 2202/1/2202 
f 2202/1/2202 2203/1/2203 2200/1/2200 
f 2203/1/2203 2194/1/2194 2193/1/2193 
f 2193/1/2193 2200/1/2200 2203/1/2203 
f 2204/1/2204 2205/1/2205 2206/1/2206 
f 2206/1/2206 2207/1/2207 2204/1/2204 
f 2207/1/2207 2198/1/2198 2197/1/2197 
f 2197/1/2197 2204/1/2204 2207/1/2207 
f 2204/1/2204 2197/1/2197 2194/1/2194 
f 2194/1/2194 2203/1/2203 2204/1/2204 
f 2203/1/2203 2202/1/2202 2205/1/2205 
f 2205/1/2205 2204/1/2204 2203/1/2203 
f 2208/1/2208 2189/1/2189 2186/1/2186 
f 2199/1/2199 2198/1/2198 2209/1/2209 
f 2209/1/2209 2208/1/2208 2199/1/2199 
f 2208/1/2208 2209/1/2209 2210/1/2210 
f 2210/1/2210 2211/1/2211 2208/1/2208 
f 2211/1/2211 2190/1/2190 2189/1/2189 
f 2189/1/2189 2208/1/2208 2211/1/2211 
f 2212/1/2212 2213/1/2213 2214/1/2214 
f 2214/1/2214 2215/1/2215 2212/1/2212 
f 2215/1/2215 2144/1/2144 2142/1/2142 
f 2142/1/2142 2212/1/2212 2215/1/2215 
f 2212/1/2212 2142/1/2142 2141/1/2141 
f 2141/1/2141 2216/1/2216 2212/1/2212 
f 2216/1/2216 2217/1/2217 2213/1/2213 
f 2213/1/2213 2212/1/2212 2216/1/2216 
f 2218/1/2218 2219/1/2219 2220/1/2220 
f 2221/1/2221 2222/1/2222 2223/1/2223 
f 2223/1/2223 2218/1/2218 2221/1/2221 
f 2218/1/2218 2223/1/2223 2144/1/2144 
f 2215/1/2215 2214/1/2214 2219/1/2219 
f 2145/1/2145 2144/1/2144 2223/1/2223 
f 2223/1/2223 2224/1/2224 2145/1/2145 
f 2223/1/2223 2222/1/2222 2225/1/2225 
f 2225/1/2225 2224/1/2224 2223/1/2223 
f 2225/1/2225 2226/1/2226 2227/1/2227 
f 2227/1/2227 2224/1/2224 2225/1/2225 
f 2227/1/2227 2146/1/2146 2145/1/2145 
f 2145/1/2145 2224/1/2224 2227/1/2227 
f 2228/1/2228 2201/1/2201 2146/1/2146 
f 2146/1/2146 2227/1/2227 2228/1/2228 
f 2228/1/2228 2227/1/2227 2226/1/2226 
f 2226/1/2226 2229/1/2229 2228/1/2228 
f 2228/1/2228 2229/1/2229 2230/1/2230 
f 2230/1/2230 2231/1/2231 2228/1/2228 
f 2231/1/2231 2202/1/2202 2201/1/2201 
f 2201/1/2201 2228/1/2228 2231/1/2231 
f 2232/1/2232 2233/1/2233 2234/1/2234 
f 2234/1/2234 2235/1/2235 2232/1/2232 
f 2235/1/2235 2206/1/2206 2205/1/2205 
f 2205/1/2205 2232/1/2232 2235/1/2235 
f 2232/1/2232 2205/1/2205 2202/1/2202 
f 2202/1/2202 2231/1/2231 2232/1/2232 
f 2231/1/2231 2230/1/2230 2233/1/2233 
f 2233/1/2233 2232/1/2232 2231/1/2231 
f 2236/1/2236 2235/1/2235 2234/1/2234 
f 2234/1/2234 2237/1/2237 2236/1/2236 
f 2236/1/2236 2237/1/2237 2238/1/2238 
f 2238/1/2238 2239/1/2239 2236/1/2236 
f 2236/1/2236 2239/1/2239 2240/1/2240 
f 2240/1/2240 2241/1/2241 2236/1/2236 
f 2241/1/2241 2206/1/2206 2235/1/2235 
f 2235/1/2235 2236/1/2236 2241/1/2241 
f 2242/1/2242 2150/1/2150 2154/1/2154 
f 2154/1/2154 2243/1/2243 2242/1/2242 
f 2243/1/2243 2244/1/2244 2245/1/2245 
f 2245/1/2245 2242/1/2242 2243/1/2243 
f 2242/1/2242 2245/1/2245 2217/1/2217 
f 2217/1/2217 2216/1/2216 2242/1/2242 
f 2216/1/2216 2141/1/2141 2150/1/2150 
f 2246/1/2246 2247/1/2247 2248/1/2248 
f 2248/1/2248 2249/1/2249 2246/1/2246 
f 2249/1/2249 2163/1/2163 2162/1/2162 
f 2162/1/2162 2246/1/2246 2249/1/2249 
f 2246/1/2246 2162/1/2162 1280/1/1280 
f 1280/1/1280 1336/1/1336 2246/1/2246 
f 1336/1/1336 1333/1/1333 2247/1/2247 
f 2247/1/2247 2246/1/2246 1336/1/1336 
f 2250/1/2250 2168/1/2168 2163/1/2163 
f 2163/1/2163 2249/1/2249 2250/1/2250 
f 2249/1/2249 2248/1/2248 2251/1/2251 
f 2251/1/2251 2250/1/2250 2249/1/2249 
f 2250/1/2250 2251/1/2251 2160/1/2160 
f 2160/1/2160 2159/1/2159 2250/1/2250 
f 2159/1/2159 2158/1/2158 2168/1/2168 
f 2168/1/2168 2250/1/2250 2159/1/2159 
f 2252/1/2252 2156/1/2156 2160/1/2160 
f 2160/1/2160 2251/1/2251 2252/1/2252 
f 2251/1/2251 2248/1/2248 2253/1/2253 
f 2253/1/2253 2252/1/2252 2251/1/2251 
f 2252/1/2252 2253/1/2253 2244/1/2244 
f 2243/1/2243 2154/1/2154 2156/1/2156 
f 2156/1/2156 2252/1/2252 2243/1/2243 
f 2254/1/2254 2255/1/2255 2256/1/2256 
f 2257/1/2257 2248/1/2248 2247/1/2247 
f 2247/1/2247 2254/1/2254 2257/1/2257 
f 2254/1/2254 2247/1/2247 1333/1/1333 
f 1333/1/1333 1337/1/1337 2254/1/2254 
f 1337/1/1337 1340/1/1340 2255/1/2255 
f 2255/1/2255 2254/1/2254 1337/1/1337 
f 2258/1/2258 2259/1/2259 2260/1/2260 
f 2260/1/2260 2261/1/2261 2258/1/2258 
f 2261/1/2261 2262/1/2262 2263/1/2263 
f 2263/1/2263 2258/1/2258 2261/1/2261 
f 2258/1/2258 2263/1/2263 2248/1/2248 
f 2248/1/2248 2257/1/2257 2258/1/2258 
f 2257/1/2257 2256/1/2256 2259/1/2259 
f 2259/1/2259 2258/1/2258 2257/1/2257 
f 2264/1/2264 2253/1/2253 2248/1/2248 
f 2263/1/2263 2262/1/2262 2265/1/2265 
f 2265/1/2265 2264/1/2264 2263/1/2263 
f 2264/1/2264 2265/1/2265 2266/1/2266 
f 2266/1/2266 2267/1/2267 2264/1/2264 
f 2267/1/2267 2244/1/2244 2253/1/2253 
f 2268/1/2268 2269/1/2269 2270/1/2270 
f 2270/1/2270 2271/1/2271 2268/1/2268 
f 2271/1/2271 2262/1/2262 2261/1/2261 
f 2261/1/2261 2268/1/2268 2271/1/2271 
f 2268/1/2268 2261/1/2261 2260/1/2260 
f 2260/1/2260 2272/1/2272 2268/1/2268 
f 2272/1/2272 2273/1/2273 2269/1/2269 
f 2269/1/2269 2268/1/2268 2272/1/2272 
f 2274/1/2274 2265/1/2265 2262/1/2262 
f 2262/1/2262 2271/1/2271 2274/1/2274 
f 2271/1/2271 2270/1/2270 2275/1/2275 
f 2274/1/2274 2275/1/2275 2276/1/2276 
f 2276/1/2276 2277/1/2277 2274/1/2274 
f 2277/1/2277 2266/1/2266 2265/1/2265 
f 2265/1/2265 2274/1/2274 2277/1/2277 
f 2278/1/2278 2275/1/2275 2270/1/2270 
f 2270/1/2270 2279/1/2279 2278/1/2278 
f 2278/1/2278 2279/1/2279 2280/1/2280 
f 2280/1/2280 2281/1/2281 2278/1/2278 
f 2281/1/2281 2282/1/2282 2283/1/2283 
f 2283/1/2283 2276/1/2276 2275/1/2275 
f 2284/1/2284 2269/1/2269 2273/1/2273 
f 2273/1/2273 2285/1/2285 2284/1/2284 
f 2285/1/2285 2286/1/2286 2287/1/2287 
f 2287/1/2287 2284/1/2284 2285/1/2285 
f 2284/1/2284 2287/1/2287 2280/1/2280 
f 2280/1/2280 2279/1/2279 2284/1/2284 
f 2279/1/2279 2270/1/2270 2269/1/2269 
f 2269/1/2269 2284/1/2284 2279/1/2279 
f 2288/1/2288 2289/1/2289 2290/1/2290 
f 2290/1/2290 2291/1/2291 2288/1/2288 
f 2291/1/2291 2292/1/2292 2293/1/2293 
f 2293/1/2293 2288/1/2288 2291/1/2291 
f 2293/1/2293 2238/1/2238 2237/1/2237 
f 2237/1/2237 2288/1/2288 2293/1/2293 
f 2237/1/2237 2234/1/2234 2289/1/2289 
f 2289/1/2289 2288/1/2288 2237/1/2237 
f 2294/1/2294 2233/1/2233 2230/1/2230 
f 2294/1/2294 2295/1/2295 2296/1/2296 
f 2294/1/2294 2297/1/2297 2290/1/2290 
f 2290/1/2290 2289/1/2289 2294/1/2294 
f 2289/1/2289 2234/1/2234 2233/1/2233 
f 2229/1/2229 2226/1/2226 2298/1/2298 
f 2298/1/2298 2299/1/2299 2229/1/2229 
f 2298/1/2298 2300/1/2300 2301/1/2301 
f 2301/1/2301 2299/1/2299 2298/1/2298 
f 2301/1/2301 2296/1/2296 2295/1/2295 
f 2295/1/2295 2299/1/2299 2301/1/2301 
f 2295/1/2295 2230/1/2230 2229/1/2229 
f 2229/1/2229 2299/1/2299 2295/1/2295 
f 2302/1/2302 2225/1/2225 2222/1/2222 
f 2222/1/2222 2303/1/2303 2302/1/2302 
f 2302/1/2302 2303/1/2303 2304/1/2304 
f 2304/1/2304 2305/1/2305 2302/1/2302 
f 2302/1/2302 2305/1/2305 2300/1/2300 
f 2300/1/2300 2298/1/2298 2302/1/2302 
f 2302/1/2302 2298/1/2298 2226/1/2226 
f 2226/1/2226 2225/1/2225 2302/1/2302 
f 2306/1/2306 2304/1/2304 2303/1/2303 
f 2303/1/2303 2307/1/2307 2306/1/2306 
f 2303/1/2303 2222/1/2222 2221/1/2221 
f 2221/1/2221 2307/1/2307 2303/1/2303 
f 2221/1/2221 2220/1/2220 2308/1/2308 
f 2308/1/2308 2309/1/2309 2306/1/2306 
f 2306/1/2306 2307/1/2307 2308/1/2308 
f 2310/1/2310 2219/1/2219 2214/1/2214 
f 2214/1/2214 2311/1/2311 2310/1/2310 
f 2311/1/2311 2312/1/2312 2313/1/2313 
f 2313/1/2313 2310/1/2310 2311/1/2311 
f 2310/1/2310 2313/1/2313 2309/1/2309 
f 2309/1/2309 2308/1/2308 2310/1/2310 
f 2310/1/2310 2308/1/2308 2220/1/2220 
f 2220/1/2220 2219/1/2219 2310/1/2310 
f 2314/1/2314 2306/1/2306 2309/1/2309 
f 2309/1/2309 2313/1/2313 2314/1/2314 
f 2315/1/2315 2314/1/2314 2313/1/2313 
f 2313/1/2313 2312/1/2312 2315/1/2315 
f 2315/1/2315 2316/1/2316 2317/1/2317 
f 2317/1/2317 2314/1/2314 2315/1/2315 
f 2314/1/2314 2317/1/2317 2304/1/2304 
f 2304/1/2304 2306/1/2306 2314/1/2314 
f 2318/1/2318 2213/1/2213 2217/1/2217 
f 2217/1/2217 2319/1/2319 2318/1/2318 
f 2319/1/2319 2320/1/2320 2321/1/2321 
f 2321/1/2321 2318/1/2318 2319/1/2319 
f 2318/1/2318 2321/1/2321 2312/1/2312 
f 2312/1/2312 2311/1/2311 2318/1/2318 
f 2311/1/2311 2214/1/2214 2213/1/2213 
f 2213/1/2213 2318/1/2318 2311/1/2311 
f 2322/1/2322 2245/1/2245 2244/1/2244 
f 2244/1/2244 2323/1/2323 2322/1/2322 
f 2323/1/2323 2324/1/2324 2325/1/2325 
f 2325/1/2325 2322/1/2322 2323/1/2323 
f 2322/1/2322 2325/1/2325 2320/1/2320 
f 2320/1/2320 2319/1/2319 2322/1/2322 
f 2319/1/2319 2217/1/2217 2245/1/2245 
f 2245/1/2245 2322/1/2322 2319/1/2319 
f 2326/1/2326 2241/1/2241 2240/1/2240 
f 2240/1/2240 2327/1/2327 2326/1/2326 
f 2327/1/2327 2210/1/2210 2209/1/2209 
f 2209/1/2209 2326/1/2326 2327/1/2327 
f 2326/1/2326 2209/1/2209 2198/1/2198 
f 2198/1/2198 2207/1/2207 2326/1/2326 
f 2207/1/2207 2206/1/2206 2241/1/2241 
f 2241/1/2241 2326/1/2326 2207/1/2207 
f 2328/1/2328 2329/1/2329 2330/1/2330 
f 2330/1/2330 2331/1/2331 2328/1/2328 
f 2331/1/2331 2240/1/2240 2239/1/2239 
f 2239/1/2239 2328/1/2328 2331/1/2331 
f 2328/1/2328 2239/1/2239 2238/1/2238 
f 2238/1/2238 2293/1/2293 2328/1/2328 
f 2293/1/2293 2292/1/2292 2329/1/2329 
f 2329/1/2329 2328/1/2328 2293/1/2293 
f 2332/1/2332 2333/1/2333 2334/1/2334 
f 2334/1/2334 2335/1/2335 2332/1/2332 
f 2335/1/2335 2210/1/2210 2327/1/2327 
f 2327/1/2327 2332/1/2332 2335/1/2335 
f 2331/1/2331 2332/1/2332 2327/1/2327 
f 2327/1/2327 2240/1/2240 2331/1/2331 
f 2331/1/2331 2330/1/2330 2333/1/2333 
f 2333/1/2333 2332/1/2332 2331/1/2331 
f 2336/1/2336 2337/1/2337 2338/1/2338 
f 2338/1/2338 2339/1/2339 2336/1/2336 
f 2339/1/2339 2338/1/2338 2210/1/2210 
f 2210/1/2210 2335/1/2335 2339/1/2339 
f 2339/1/2339 2335/1/2335 2334/1/2334 
f 2334/1/2334 2336/1/2336 2339/1/2339 
f 2340/1/2340 2329/1/2329 2292/1/2292 
f 2292/1/2292 2291/1/2291 2340/1/2340 
f 2291/1/2291 2290/1/2290 2341/1/2341 
f 2341/1/2341 2340/1/2340 2291/1/2291 
f 2340/1/2340 2341/1/2341 2342/1/2342 
f 2342/1/2342 2343/1/2343 2340/1/2340 
f 2343/1/2343 2330/1/2330 2329/1/2329 
f 2329/1/2329 2340/1/2340 2343/1/2343 
f 2344/1/2344 2345/1/2345 2346/1/2346 
f 2346/1/2346 2347/1/2347 2344/1/2344 
f 2347/1/2347 2334/1/2334 2333/1/2333 
f 2333/1/2333 2344/1/2344 2347/1/2347 
f 2344/1/2344 2333/1/2333 2330/1/2330 
f 2330/1/2330 2343/1/2343 2344/1/2344 
f 2343/1/2343 2342/1/2342 2345/1/2345 
f 2345/1/2345 2344/1/2344 2343/1/2343 
f 2348/1/2348 2341/1/2341 2290/1/2290 
f 2290/1/2290 2297/1/2297 2348/1/2348 
f 2297/1/2297 2296/1/2296 2349/1/2349 
f 2348/1/2348 2349/1/2349 2350/1/2350 
f 2350/1/2350 2351/1/2351 2348/1/2348 
f 2351/1/2351 2342/1/2342 2341/1/2341 
f 2341/1/2341 2348/1/2348 2351/1/2351 
f 2352/1/2352 2349/1/2349 2296/1/2296 
f 2296/1/2296 2301/1/2301 2352/1/2352 
f 2352/1/2352 2301/1/2301 2300/1/2300 
f 2300/1/2300 2353/1/2353 2352/1/2352 
f 2352/1/2352 2353/1/2353 2354/1/2354 
f 2354/1/2354 2355/1/2355 2352/1/2352 
f 2355/1/2355 2350/1/2350 2349/1/2349 
f 2349/1/2349 2352/1/2352 2355/1/2355 
f 2356/1/2356 2317/1/2317 2316/1/2316 
f 2316/1/2316 2357/1/2357 2356/1/2356 
f 2357/1/2357 2354/1/2354 2353/1/2353 
f 2353/1/2353 2356/1/2356 2357/1/2357 
f 2356/1/2356 2353/1/2353 2300/1/2300 
f 2300/1/2300 2305/1/2305 2356/1/2356 
f 2305/1/2305 2304/1/2304 2317/1/2317 
f 2317/1/2317 2356/1/2356 2305/1/2305 
f 2315/1/2315 2312/1/2312 2321/1/2321 
f 2321/1/2321 2358/1/2358 2315/1/2315 
f 2358/1/2358 2321/1/2321 2320/1/2320 
f 2358/1/2358 2359/1/2359 2360/1/2360 
f 2360/1/2360 2361/1/2361 2358/1/2358 
f 2361/1/2361 2316/1/2316 2315/1/2315 
f 2315/1/2315 2358/1/2358 2361/1/2361 
f 2351/1/2351 2350/1/2350 2362/1/2362 
f 2362/1/2362 2363/1/2363 2351/1/2351 
f 2364/1/2364 2363/1/2363 2362/1/2362 
f 2362/1/2362 2365/1/2365 2364/1/2364 
f 2364/1/2364 2346/1/2346 2345/1/2345 
f 2345/1/2345 2363/1/2363 2364/1/2364 
f 2363/1/2363 2345/1/2345 2342/1/2342 
f 2342/1/2342 2351/1/2351 2363/1/2363 
f 2366/1/2366 2362/1/2362 2350/1/2350 
f 2350/1/2350 2355/1/2355 2366/1/2366 
f 2366/1/2366 2355/1/2355 2354/1/2354 
f 2354/1/2354 2367/1/2367 2366/1/2366 
f 2367/1/2367 2368/1/2368 2369/1/2369 
f 2369/1/2369 2366/1/2366 2367/1/2367 
f 2362/1/2362 2366/1/2366 2369/1/2369 
f 2369/1/2369 2365/1/2365 2362/1/2362 
f 2370/1/2370 2357/1/2357 2316/1/2316 
f 2361/1/2361 2360/1/2360 2371/1/2371 
f 2371/1/2371 2370/1/2370 2361/1/2361 
f 2370/1/2370 2371/1/2371 2368/1/2368 
f 2368/1/2368 2367/1/2367 2370/1/2370 
f 2367/1/2367 2354/1/2354 2357/1/2357 
f 2357/1/2357 2370/1/2370 2367/1/2367 
f 2372/1/2372 2371/1/2371 2360/1/2360 
f 2373/1/2373 2374/1/2374 2375/1/2375 
f 2375/1/2375 2372/1/2372 2373/1/2373 
f 2372/1/2372 2375/1/2375 2376/1/2376 
f 2376/1/2376 2377/1/2377 2372/1/2372 
f 2377/1/2377 2368/1/2368 2371/1/2371 
f 2371/1/2371 2372/1/2372 2377/1/2377 
f 2359/1/2359 2320/1/2320 2325/1/2325 
f 2325/1/2325 2378/1/2378 2359/1/2359 
f 2378/1/2378 2325/1/2325 2324/1/2324 
f 2324/1/2324 2379/1/2379 2378/1/2378 
f 2378/1/2378 2379/1/2379 2374/1/2374 
f 2373/1/2373 2360/1/2360 2359/1/2359 
f 2380/1/2380 2267/1/2267 2266/1/2266 
f 2381/1/2381 2382/1/2382 2383/1/2383 
f 2380/1/2380 2383/1/2383 2324/1/2324 
f 2323/1/2323 2244/1/2244 2267/1/2267 
f 2384/1/2384 2277/1/2277 2276/1/2276 
f 2384/1/2384 2283/1/2283 2282/1/2282 
f 2384/1/2384 2385/1/2385 2382/1/2382 
f 2381/1/2381 2266/1/2266 2277/1/2277 
f 2379/1/2379 2324/1/2324 2383/1/2383 
f 2383/1/2383 2386/1/2386 2379/1/2379 
f 2383/1/2383 2382/1/2382 2387/1/2387 
f 2386/1/2386 2387/1/2387 2388/1/2388 
f 2388/1/2388 2389/1/2389 2386/1/2386 
f 2389/1/2389 2374/1/2374 2379/1/2379 
f 2379/1/2379 2386/1/2386 2389/1/2389 
f 2390/1/2390 2369/1/2369 2368/1/2368 
f 2377/1/2377 2376/1/2376 2391/1/2391 
f 2391/1/2391 2390/1/2390 2377/1/2377 
f 2390/1/2390 2391/1/2391 2392/1/2392 
f 2392/1/2392 2393/1/2393 2390/1/2390 
f 2393/1/2393 2365/1/2365 2369/1/2369 
f 2369/1/2369 2390/1/2390 2393/1/2393 
f 2394/1/2394 2395/1/2395 2396/1/2396 
f 2396/1/2396 2397/1/2397 2394/1/2394 
f 2397/1/2397 2376/1/2376 2375/1/2375 
f 2375/1/2375 2394/1/2394 2397/1/2397 
f 2394/1/2394 2375/1/2375 2374/1/2374 
f 2389/1/2389 2388/1/2388 2395/1/2395 
f 2395/1/2395 2394/1/2394 2389/1/2389 
f 2398/1/2398 2399/1/2399 2400/1/2400 
f 2400/1/2400 2401/1/2401 2398/1/2398 
f 2401/1/2401 2400/1/2400 2286/1/2286 
f 2286/1/2286 2285/1/2285 2401/1/2401 
f 2401/1/2401 2285/1/2285 2273/1/2273 
f 2273/1/2273 2272/1/2272 2401/1/2401 
f 2272/1/2272 2260/1/2260 2398/1/2398 
f 2398/1/2398 2401/1/2401 2272/1/2272 
f 2402/1/2402 2385/1/2385 2282/1/2282 
f 2282/1/2282 2281/1/2281 2402/1/2402 
f 2281/1/2281 2280/1/2280 2403/1/2403 
f 2403/1/2403 2402/1/2402 2281/1/2281 
f 2402/1/2402 2403/1/2403 2404/1/2404 
f 2404/1/2404 2405/1/2405 2402/1/2402 
f 2405/1/2405 2382/1/2382 2385/1/2385 
f 2406/1/2406 2405/1/2405 2404/1/2404 
f 2407/1/2407 2396/1/2396 2395/1/2395 
f 2395/1/2395 2406/1/2406 2407/1/2407 
f 2406/1/2406 2395/1/2395 2388/1/2388 
f 2388/1/2388 2387/1/2387 2406/1/2406 
f 2382/1/2382 2405/1/2405 2406/1/2406 
f 2408/1/2408 2287/1/2287 2286/1/2286 
f 2286/1/2286 2400/1/2400 2408/1/2408 
f 2400/1/2400 2399/1/2399 2409/1/2409 
f 2409/1/2409 2408/1/2408 2400/1/2400 
f 2409/1/2409 2404/1/2404 2403/1/2403 
f 2403/1/2403 2408/1/2408 2409/1/2409 
f 2403/1/2403 2280/1/2280 2287/1/2287 
f 2287/1/2287 2408/1/2408 2403/1/2403 
f 2410/1/2410 1201/1/1201 1200/1/1200 
f 1200/1/1200 2175/1/2175 2410/1/2410 
f 2175/1/2175 2174/1/2174 2411/1/2411 
f 2411/1/2411 2410/1/2410 2175/1/2175 
f 2410/1/2410 2411/1/2411 2412/1/2412 
f 2412/1/2412 2413/1/2413 2410/1/2410 
f 2413/1/2413 1202/1/1202 1201/1/1201 
f 1201/1/1201 2410/1/2410 2413/1/2413 
f 2414/1/2414 1283/1/1283 1202/1/1202 
f 1202/1/1202 2413/1/2413 2414/1/2414 
f 2413/1/2413 2412/1/2412 2415/1/2415 
f 2415/1/2415 2414/1/2414 2413/1/2413 
f 2414/1/2414 2415/1/2415 1342/1/1342 
f 1342/1/1342 1341/1/1341 2414/1/2414 
f 1341/1/1341 1284/1/1284 1283/1/1283 
f 1283/1/1283 2414/1/2414 1341/1/1341 
f 2416/1/2416 2417/1/2417 2418/1/2418 
f 2418/1/2418 2419/1/2419 2416/1/2416 
f 2419/1/2419 2256/1/2256 2255/1/2255 
f 2255/1/2255 2416/1/2416 2419/1/2419 
f 2416/1/2416 2255/1/2255 1340/1/1340 
f 1340/1/1340 1343/1/1343 2416/1/2416 
f 1343/1/1343 1342/1/1342 2417/1/2417 
f 2417/1/2417 2416/1/2416 1343/1/1343 
f 2420/1/2420 2259/1/2259 2256/1/2256 
f 2256/1/2256 2419/1/2419 2420/1/2420 
f 2419/1/2419 2418/1/2418 2421/1/2421 
f 2421/1/2421 2420/1/2420 2419/1/2419 
f 2421/1/2421 2399/1/2399 2398/1/2398 
f 2398/1/2398 2420/1/2420 2421/1/2421 
f 2398/1/2398 2260/1/2260 2259/1/2259 
f 2259/1/2259 2420/1/2420 2398/1/2398 
f 2422/1/2422 2415/1/2415 2412/1/2412 
f 2423/1/2423 2424/1/2424 2425/1/2425 
f 2425/1/2425 2418/1/2418 2417/1/2417 
f 2417/1/2417 1342/1/1342 2415/1/2415 
f 2426/1/2426 2427/1/2427 2404/1/2404 
f 2426/1/2426 2409/1/2409 2399/1/2399 
f 2399/1/2399 2428/1/2428 2426/1/2426 
f 2428/1/2428 2429/1/2429 2427/1/2427 
f 2430/1/2430 2431/1/2431 2432/1/2432 
f 2432/1/2432 2433/1/2433 2430/1/2430 
f 2433/1/2433 2412/1/2412 2411/1/2411 
f 2411/1/2411 2430/1/2430 2433/1/2433 
f 2430/1/2430 2411/1/2411 2174/1/2174 
f 2174/1/2174 2191/1/2191 2430/1/2430 
f 2191/1/2191 2190/1/2190 2431/1/2431 
f 2431/1/2431 2430/1/2430 2191/1/2191 
f 2434/1/2434 2338/1/2338 2337/1/2337 
f 2337/1/2337 2435/1/2435 2434/1/2434 
f 2435/1/2435 2432/1/2432 2431/1/2431 
f 2431/1/2431 2434/1/2434 2435/1/2435 
f 2434/1/2434 2431/1/2431 2190/1/2190 
f 2190/1/2190 2211/1/2211 2434/1/2434 
f 2211/1/2211 2210/1/2210 2338/1/2338 
f 2338/1/2338 2434/1/2434 2211/1/2211 
f 2436/1/2436 2437/1/2437 2429/1/2429 
f 2429/1/2429 2428/1/2428 2436/1/2436 
f 2436/1/2436 2428/1/2428 2399/1/2399 
f 2399/1/2399 2421/1/2421 2436/1/2436 
f 2421/1/2421 2418/1/2418 2437/1/2437 
f 2437/1/2437 2436/1/2436 2421/1/2421 
f 2438/1/2438 2393/1/2393 2392/1/2392 
f 2392/1/2392 2439/1/2439 2438/1/2438 
f 2439/1/2439 2440/1/2440 2441/1/2441 
f 2438/1/2438 2441/1/2441 2346/1/2346 
f 2346/1/2346 2364/1/2364 2438/1/2438 
f 2364/1/2364 2365/1/2365 2393/1/2393 
f 2393/1/2393 2438/1/2438 2364/1/2364 
f 2442/1/2442 2443/1/2443 2440/1/2440 
f 2444/1/2444 2442/1/2442 2445/1/2445 
f 2445/1/2445 2446/1/2446 2444/1/2444 
f 2442/1/2442 2444/1/2444 2432/1/2432 
f 2432/1/2432 2435/1/2435 2442/1/2442 
f 2435/1/2435 2337/1/2337 2443/1/2443 
f 2443/1/2443 2442/1/2442 2435/1/2435 
f 2347/1/2347 2346/1/2346 2441/1/2441 
f 2441/1/2441 2447/1/2447 2347/1/2347 
f 2441/1/2441 2440/1/2440 2443/1/2443 
f 2447/1/2447 2443/1/2443 2337/1/2337 
f 2337/1/2337 2336/1/2336 2447/1/2447 
f 2336/1/2336 2334/1/2334 2347/1/2347 
f 2448/1/2448 2449/1/2449 2450/1/2450 
f 2450/1/2450 2451/1/2451 2448/1/2448 
f 2451/1/2451 2446/1/2446 2445/1/2445 
f 2448/1/2448 2445/1/2445 2440/1/2440 
f 2439/1/2439 2392/1/2392 2449/1/2449 
f 2452/1/2452 2391/1/2391 2376/1/2376 
f 2376/1/2376 2397/1/2397 2452/1/2452 
f 2397/1/2397 2396/1/2396 2453/1/2453 
f 2453/1/2453 2452/1/2452 2397/1/2397 
f 2453/1/2453 2450/1/2450 2449/1/2449 
f 2449/1/2449 2452/1/2452 2453/1/2453 
f 2449/1/2449 2392/1/2392 2391/1/2391 
f 2391/1/2391 2452/1/2452 2449/1/2449 
f 2454/1/2454 2427/1/2427 2429/1/2429 
f 2455/1/2455 2450/1/2450 2453/1/2453 
f 2454/1/2454 2453/1/2453 2396/1/2396 
f 2396/1/2396 2407/1/2407 2454/1/2454 
f 2407/1/2407 2404/1/2404 2427/1/2427 
f 2427/1/2427 2454/1/2454 2407/1/2407 
f 2456/1/2456 2451/1/2451 2450/1/2450 
f 2455/1/2455 2429/1/2429 2457/1/2457 
f 2457/1/2457 2456/1/2456 2455/1/2455 
f 2456/1/2456 2457/1/2457 2446/1/2446 
f 2446/1/2446 2451/1/2451 2456/1/2456 
f 2433/1/2433 2432/1/2432 2444/1/2444 
f 2444/1/2444 2458/1/2458 2433/1/2433 
f 2444/1/2444 2446/1/2446 2459/1/2459 
f 2459/1/2459 2458/1/2458 2444/1/2444 
f 2458/1/2458 2459/1/2459 2424/1/2424 
f 2424/1/2424 2423/1/2423 2458/1/2458 
f 2423/1/2423 2412/1/2412 2433/1/2433 
f 2433/1/2433 2458/1/2458 2423/1/2423 
f 2460/1/2460 2425/1/2425 2424/1/2424 
f 2424/1/2424 2459/1/2459 2460/1/2460 
f 2459/1/2459 2446/1/2446 2457/1/2457 
f 2457/1/2457 2460/1/2460 2459/1/2459 
f 2457/1/2457 2429/1/2429 2437/1/2437 
f 2437/1/2437 2460/1/2460 2457/1/2457 
f 2437/1/2437 2418/1/2418 2425/1/2425 
f 2425/1/2425 2460/1/2460 2437/1/2437 
f 2461/1/2461 2462/1/2462 2463/1/2463 
f 2464/1/2464 2463/1/2463 2465/1/2465 
f 2465/1/2465 2466/1/2466 2464/1/2464 
f 2466/1/2466 98/1/98 97/1/97 
f 2464/1/2464 97/1/97 88/1/88 
f 2467/1/2467 2462/1/2462 2468/1/2468 
f 2468/1/2468 2469/1/2469 2467/1/2467 
f 2469/1/2469 2468/1/2468 108/1/108 
f 108/1/108 109/1/109 2469/1/2469 
f 104/1/104 108/1/108 2468/1/2468 
f 2468/1/2468 2470/1/2470 104/1/104 
f 2470/1/2470 2468/1/2468 2462/1/2462 
f 2462/1/2462 2461/1/2461 2470/1/2470 
f 2470/1/2470 2461/1/2461 88/1/88 
f 88/1/88 87/1/87 2470/1/2470 
f 2470/1/2470 87/1/87 91/1/91 
f 91/1/91 104/1/104 2470/1/2470 
f 2471/1/2471 2472/1/2472 2465/1/2465 
f 2465/1/2465 2463/1/2463 2471/1/2471 
f 2463/1/2463 2462/1/2462 2473/1/2473 
f 2473/1/2473 2474/1/2474 2475/1/2475 
f 2475/1/2475 2471/1/2471 2473/1/2473 
f 2475/1/2475 2476/1/2476 2472/1/2472 
f 2472/1/2472 2471/1/2471 2475/1/2475 
f 2477/1/2477 2478/1/2478 2479/1/2479 
f 2479/1/2479 2480/1/2480 2477/1/2477 
f 2480/1/2480 2462/1/2462 2467/1/2467 
f 2481/1/2481 2475/1/2475 2474/1/2474 
f 2474/1/2474 2482/1/2482 2481/1/2481 
f 2483/1/2483 2484/1/2484 2481/1/2481 
f 2481/1/2481 2484/1/2484 2485/1/2485 
f 2485/1/2485 2486/1/2486 2481/1/2481 
f 2486/1/2486 2476/1/2476 2475/1/2475 
f 2475/1/2475 2481/1/2481 2486/1/2486 
f 2480/1/2480 2479/1/2479 2487/1/2487 
f 2487/1/2487 2488/1/2488 2480/1/2480 
f 2487/1/2487 2483/1/2483 2482/1/2482 
f 2488/1/2488 2482/1/2482 2474/1/2474 
f 2474/1/2474 2473/1/2473 2488/1/2488 
f 2473/1/2473 2462/1/2462 2480/1/2480 
f 2489/1/2489 2484/1/2484 2483/1/2483 
f 2483/1/2483 2490/1/2490 2489/1/2489 
f 2490/1/2490 2491/1/2491 2492/1/2492 
f 2492/1/2492 2489/1/2489 2490/1/2490 
f 2489/1/2489 2492/1/2492 2493/1/2493 
f 2493/1/2493 2494/1/2494 2489/1/2489 
f 2494/1/2494 2485/1/2485 2484/1/2484 
f 2484/1/2484 2489/1/2489 2494/1/2494 
f 2495/1/2495 2496/1/2496 2497/1/2497 
f 2497/1/2497 2498/1/2498 2495/1/2495 
f 2498/1/2498 2497/1/2497 2491/1/2491 
f 2491/1/2491 2490/1/2490 2498/1/2498 
f 2498/1/2498 2490/1/2490 2483/1/2483 
f 2498/1/2498 2487/1/2487 2479/1/2479 
f 2479/1/2479 2495/1/2495 2498/1/2498 
f 2499/1/2499 2500/1/2500 2496/1/2496 
f 2496/1/2496 2495/1/2495 2499/1/2499 
f 2495/1/2495 2479/1/2479 2478/1/2478 
f 2478/1/2478 2499/1/2499 2495/1/2495 
f 2501/1/2501 2502/1/2502 2503/1/2503 
f 2503/1/2503 2504/1/2504 2501/1/2501 
f 2504/1/2504 2505/1/2505 2506/1/2506 
f 2506/1/2506 2501/1/2501 2504/1/2504 
f 2506/1/2506 2507/1/2507 2508/1/2508 
f 2508/1/2508 2501/1/2501 2506/1/2506 
f 2508/1/2508 2509/1/2509 2502/1/2502 
f 2502/1/2502 2501/1/2501 2508/1/2508 
f 2510/1/2510 2511/1/2511 2512/1/2512 
f 2512/1/2512 2513/1/2513 2510/1/2510 
f 2513/1/2513 2507/1/2507 2506/1/2506 
f 2510/1/2510 2506/1/2506 2505/1/2505 
f 2505/1/2505 2514/1/2514 2510/1/2510 
f 2511/1/2511 2510/1/2510 2514/1/2514 
f 2514/1/2514 2515/1/2515 2511/1/2511 
f 2516/1/2516 2517/1/2517 2518/1/2518 
f 2518/1/2518 2519/1/2519 2516/1/2516 
f 2519/1/2519 2507/1/2507 2520/1/2520 
f 2520/1/2520 2516/1/2516 2519/1/2519 
f 2516/1/2516 2520/1/2520 2521/1/2521 
f 2521/1/2521 2522/1/2522 2516/1/2516 
f 2522/1/2522 2523/1/2523 2517/1/2517 
f 2517/1/2517 2516/1/2516 2522/1/2522 
f 2513/1/2513 2512/1/2512 2524/1/2524 
f 2524/1/2524 2525/1/2525 2513/1/2513 
f 2525/1/2525 2524/1/2524 2526/1/2526 
f 2526/1/2526 2527/1/2527 2525/1/2525 
f 2527/1/2527 2521/1/2521 2520/1/2520 
f 2520/1/2520 2525/1/2525 2527/1/2527 
f 2525/1/2525 2520/1/2520 2507/1/2507 
f 2507/1/2507 2513/1/2513 2525/1/2525 
f 2528/1/2528 2529/1/2529 2523/1/2523 
f 2523/1/2523 2522/1/2522 2528/1/2528 
f 2522/1/2522 2521/1/2521 2530/1/2530 
f 2530/1/2530 2528/1/2528 2522/1/2522 
f 2528/1/2528 2530/1/2530 2531/1/2531 
f 2531/1/2531 2532/1/2532 2528/1/2528 
f 2532/1/2532 2533/1/2533 2529/1/2529 
f 2529/1/2529 2528/1/2528 2532/1/2532 
f 2527/1/2527 2526/1/2526 2534/1/2534 
f 2534/1/2534 2535/1/2535 2527/1/2527 
f 2535/1/2535 2534/1/2534 2536/1/2536 
f 2536/1/2536 2537/1/2537 2535/1/2535 
f 2537/1/2537 2531/1/2531 2530/1/2530 
f 2530/1/2530 2535/1/2535 2537/1/2537 
f 2535/1/2535 2530/1/2530 2521/1/2521 
f 2521/1/2521 2527/1/2527 2535/1/2535 
f 2538/1/2538 2539/1/2539 2540/1/2540 
f 2540/1/2540 2541/1/2541 2538/1/2538 
f 2541/1/2541 2542/1/2542 2543/1/2543 
f 2543/1/2543 2538/1/2538 2541/1/2541 
f 2538/1/2538 2543/1/2543 2544/1/2544 
f 2545/1/2545 2546/1/2546 2539/1/2539 
f 2547/1/2547 2548/1/2548 2549/1/2549 
f 2549/1/2549 2550/1/2550 2547/1/2547 
f 2550/1/2550 2551/1/2551 2552/1/2552 
f 2552/1/2552 2547/1/2547 2550/1/2550 
f 2547/1/2547 2552/1/2552 2542/1/2542 
f 2542/1/2542 2541/1/2541 2547/1/2547 
f 2541/1/2541 2540/1/2540 2548/1/2548 
f 2548/1/2548 2547/1/2547 2541/1/2541 
f 2553/1/2553 2554/1/2554 2555/1/2555 
f 2555/1/2555 2556/1/2556 2553/1/2553 
f 2556/1/2556 2557/1/2557 2558/1/2558 
f 2558/1/2558 2553/1/2553 2556/1/2556 
f 2553/1/2553 2558/1/2558 2551/1/2551 
f 2551/1/2551 2550/1/2550 2553/1/2553 
f 2550/1/2550 2549/1/2549 2554/1/2554 
f 2554/1/2554 2553/1/2553 2550/1/2550 
f 2559/1/2559 2560/1/2560 2533/1/2533 
f 2533/1/2533 2532/1/2532 2559/1/2559 
f 2532/1/2532 2531/1/2531 2561/1/2561 
f 2561/1/2561 2559/1/2559 2532/1/2532 
f 2559/1/2559 2561/1/2561 2562/1/2562 
f 2562/1/2562 2563/1/2563 2559/1/2559 
f 2563/1/2563 2564/1/2564 2560/1/2560 
f 2560/1/2560 2559/1/2559 2563/1/2563 
f 2565/1/2565 2566/1/2566 2567/1/2567 
f 2568/1/2568 2567/1/2567 2564/1/2564 
f 2564/1/2564 2563/1/2563 2568/1/2568 
f 2563/1/2563 2562/1/2562 2565/1/2565 
f 2565/1/2565 2568/1/2568 2563/1/2563 
f 2537/1/2537 2536/1/2536 2569/1/2569 
f 2569/1/2569 2570/1/2570 2537/1/2537 
f 2570/1/2570 2569/1/2569 2571/1/2571 
f 2571/1/2571 2572/1/2572 2570/1/2570 
f 2572/1/2572 2562/1/2562 2561/1/2561 
f 2561/1/2561 2570/1/2570 2572/1/2572 
f 2570/1/2570 2561/1/2561 2531/1/2531 
f 2531/1/2531 2537/1/2537 2570/1/2570 
f 2573/1/2573 2574/1/2574 2575/1/2575 
f 2575/1/2575 2576/1/2576 2573/1/2573 
f 2576/1/2576 2566/1/2566 2565/1/2565 
f 2565/1/2565 2573/1/2573 2576/1/2576 
f 2573/1/2573 2565/1/2565 2562/1/2562 
f 2562/1/2562 2572/1/2572 2573/1/2573 
f 2572/1/2572 2571/1/2571 2574/1/2574 
f 2574/1/2574 2573/1/2573 2572/1/2572 
f 2577/1/2577 2578/1/2578 2566/1/2566 
f 2566/1/2566 2576/1/2576 2577/1/2577 
f 2576/1/2576 2575/1/2575 2579/1/2579 
f 2579/1/2579 2577/1/2577 2576/1/2576 
f 2577/1/2577 2579/1/2579 2557/1/2557 
f 2557/1/2557 2556/1/2556 2577/1/2577 
f 2556/1/2556 2555/1/2555 2578/1/2578 
f 2578/1/2578 2577/1/2577 2556/1/2556 
f 2580/1/2580 2581/1/2581 2582/1/2582 
f 2582/1/2582 2583/1/2583 2580/1/2580 
f 2583/1/2583 2584/1/2584 2585/1/2585 
f 2585/1/2585 2580/1/2580 2583/1/2583 
f 2580/1/2580 2585/1/2585 2586/1/2586 
f 2587/1/2587 2588/1/2588 2581/1/2581 
f 2581/1/2581 2580/1/2580 2587/1/2587 
f 2589/1/2589 2590/1/2590 2591/1/2591 
f 2591/1/2591 2592/1/2592 2589/1/2589 
f 2589/1/2589 2592/1/2592 2584/1/2584 
f 2584/1/2584 2583/1/2583 2589/1/2589 
f 2583/1/2583 2582/1/2582 2590/1/2590 
f 2590/1/2590 2589/1/2589 2583/1/2583 
f 2593/1/2593 2594/1/2594 2584/1/2584 
f 2584/1/2584 2592/1/2592 2593/1/2593 
f 2592/1/2592 2591/1/2591 2595/1/2595 
f 2595/1/2595 2593/1/2593 2592/1/2592 
f 2593/1/2593 2595/1/2595 2596/1/2596 
f 2597/1/2597 2598/1/2598 2594/1/2594 
f 2595/1/2595 2591/1/2591 2599/1/2599 
f 2599/1/2599 2600/1/2600 2601/1/2601 
f 2602/1/2602 2601/1/2601 2603/1/2603 
f 2604/1/2604 2596/1/2596 2595/1/2595 
f 2605/1/2605 2606/1/2606 2603/1/2603 
f 2603/1/2603 2601/1/2601 2605/1/2605 
f 2605/1/2605 2601/1/2601 2600/1/2600 
f 2600/1/2600 2607/1/2607 2605/1/2605 
f 2607/1/2607 2608/1/2608 2606/1/2606 
f 2609/1/2609 2610/1/2610 2611/1/2611 
f 2611/1/2611 2612/1/2612 2609/1/2609 
f 2612/1/2612 2613/1/2613 2614/1/2614 
f 2614/1/2614 2609/1/2609 2612/1/2612 
f 2609/1/2609 2614/1/2614 2546/1/2546 
f 2545/1/2545 2544/1/2544 2610/1/2610 
f 2610/1/2610 2609/1/2609 2545/1/2545 
f 2615/1/2615 2616/1/2616 2617/1/2617 
f 2617/1/2617 2618/1/2618 2615/1/2615 
f 2618/1/2618 2619/1/2619 2620/1/2620 
f 2620/1/2620 2615/1/2615 2618/1/2618 
f 2615/1/2615 2620/1/2620 2596/1/2596 
f 2604/1/2604 2603/1/2603 2616/1/2616 
f 2616/1/2616 2615/1/2615 2604/1/2604 
f 2621/1/2621 2616/1/2616 2603/1/2603 
f 2603/1/2603 2606/1/2606 2621/1/2621 
f 2606/1/2606 2608/1/2608 2622/1/2622 
f 2622/1/2622 2621/1/2621 2606/1/2606 
f 2621/1/2621 2622/1/2622 2623/1/2623 
f 2623/1/2623 2624/1/2624 2621/1/2621 
f 2624/1/2624 2617/1/2617 2616/1/2616 
f 2616/1/2616 2621/1/2621 2624/1/2624 
f 2625/1/2625 2613/1/2613 2626/1/2626 
f 2626/1/2626 2627/1/2627 2625/1/2625 
f 2627/1/2627 2626/1/2626 2628/1/2628 
f 2628/1/2628 2629/1/2629 2627/1/2627 
f 2629/1/2629 2630/1/2630 2631/1/2631 
f 2631/1/2631 2627/1/2627 2629/1/2629 
f 2627/1/2627 2631/1/2631 2632/1/2632 
f 2632/1/2632 2625/1/2625 2627/1/2627 
f 2633/1/2633 2626/1/2626 2613/1/2613 
f 2613/1/2613 2612/1/2612 2633/1/2633 
f 2612/1/2612 2611/1/2611 2634/1/2634 
f 2634/1/2634 2633/1/2633 2612/1/2612 
f 2633/1/2633 2634/1/2634 2635/1/2635 
f 2635/1/2635 2636/1/2636 2633/1/2633 
f 2636/1/2636 2628/1/2628 2626/1/2626 
f 2626/1/2626 2633/1/2633 2636/1/2636 
f 2637/1/2637 2622/1/2622 2608/1/2608 
f 2608/1/2608 2638/1/2638 2637/1/2637 
f 2638/1/2638 2639/1/2639 2640/1/2640 
f 2640/1/2640 2637/1/2637 2638/1/2638 
f 2637/1/2637 2640/1/2640 2641/1/2641 
f 2641/1/2641 2642/1/2642 2637/1/2637 
f 2642/1/2642 2623/1/2623 2622/1/2622 
f 2622/1/2622 2637/1/2637 2642/1/2642 
f 2643/1/2643 2631/1/2631 2630/1/2630 
f 2630/1/2630 2644/1/2644 2643/1/2643 
f 2644/1/2644 2641/1/2641 2640/1/2640 
f 2640/1/2640 2643/1/2643 2644/1/2644 
f 2643/1/2643 2640/1/2640 2639/1/2639 
f 2639/1/2639 2645/1/2645 2643/1/2643 
f 2645/1/2645 2632/1/2632 2631/1/2631 
f 2631/1/2631 2643/1/2643 2645/1/2645 
f 168/1/168 167/1/167 2646/1/2646 
f 2646/1/2646 2647/1/2647 168/1/168 
f 2646/1/2646 185/1/185 2648/1/2648 
f 2648/1/2648 2647/1/2647 2646/1/2646 
f 2647/1/2647 2648/1/2648 2649/1/2649 
f 2649/1/2649 2650/1/2650 2647/1/2647 
f 2650/1/2650 169/1/169 168/1/168 
f 168/1/168 2647/1/2647 2650/1/2650 
f 2651/1/2651 2652/1/2652 151/1/151 
f 151/1/151 150/1/150 2651/1/2651 
f 2651/1/2651 2649/1/2649 2648/1/2648 
f 2652/1/2652 2648/1/2648 185/1/185 
f 185/1/185 184/1/184 2652/1/2652 
f 184/1/184 152/1/152 151/1/151 
f 151/1/151 2652/1/2652 184/1/184 
f 2653/1/2653 2654/1/2654 2655/1/2655 
f 2656/1/2656 2655/1/2655 169/1/169 
f 169/1/169 2650/1/2650 2656/1/2656 
f 2650/1/2650 2649/1/2649 2653/1/2653 
f 2653/1/2653 2656/1/2656 2650/1/2650 
f 2657/1/2657 2651/1/2651 150/1/150 
f 150/1/150 160/1/160 2657/1/2657 
f 160/1/160 159/1/159 2658/1/2658 
f 2658/1/2658 2657/1/2657 160/1/160 
f 2658/1/2658 2659/1/2659 2660/1/2660 
f 2657/1/2657 2660/1/2660 2649/1/2649 
f 2649/1/2649 2651/1/2651 2657/1/2657 
f 2661/1/2661 2662/1/2662 2663/1/2663 
f 2663/1/2663 2664/1/2664 2661/1/2661 
f 2664/1/2664 2659/1/2659 2665/1/2665 
f 2665/1/2665 2661/1/2661 2664/1/2664 
f 2665/1/2665 2666/1/2666 2667/1/2667 
f 2667/1/2667 2668/1/2668 2662/1/2662 
f 2662/1/2662 2661/1/2661 2667/1/2667 
f 2669/1/2669 2660/1/2660 2659/1/2659 
f 2659/1/2659 2664/1/2664 2669/1/2669 
f 2664/1/2664 2663/1/2663 2670/1/2670 
f 2670/1/2670 2669/1/2669 2664/1/2664 
f 2669/1/2669 2670/1/2670 2654/1/2654 
f 2654/1/2654 2653/1/2653 2669/1/2669 
f 2653/1/2653 2649/1/2649 2660/1/2660 
f 2671/1/2671 2655/1/2655 2654/1/2654 
f 2654/1/2654 2672/1/2672 2671/1/2671 
f 2672/1/2672 2673/1/2673 2674/1/2674 
f 2671/1/2671 2674/1/2674 171/1/171 
f 171/1/171 170/1/170 2671/1/2671 
f 170/1/170 169/1/169 2655/1/2655 
f 2675/1/2675 2676/1/2676 2677/1/2677 
f 2677/1/2677 2678/1/2678 2675/1/2675 
f 2678/1/2678 2668/1/2668 2679/1/2679 
f 2679/1/2679 2675/1/2675 2678/1/2678 
f 2675/1/2675 2679/1/2679 2588/1/2588 
f 2587/1/2587 2586/1/2586 2676/1/2676 
f 2680/1/2680 2670/1/2670 2663/1/2663 
f 2663/1/2663 2681/1/2681 2680/1/2680 
f 2681/1/2681 2682/1/2682 2683/1/2683 
f 2683/1/2683 2680/1/2680 2681/1/2681 
f 2680/1/2680 2683/1/2683 2673/1/2673 
f 2673/1/2673 2672/1/2672 2680/1/2680 
f 2672/1/2672 2654/1/2654 2670/1/2670 
f 2670/1/2670 2680/1/2680 2672/1/2672 
f 2678/1/2678 2677/1/2677 2684/1/2684 
f 2684/1/2684 2685/1/2685 2678/1/2678 
f 2685/1/2685 2684/1/2684 2682/1/2682 
f 2681/1/2681 2663/1/2663 2662/1/2662 
f 2662/1/2662 2685/1/2685 2681/1/2681 
f 2685/1/2685 2662/1/2662 2668/1/2668 
f 2668/1/2668 2678/1/2678 2685/1/2685 
f 2686/1/2686 2667/1/2667 2666/1/2666 
f 2687/1/2687 2688/1/2688 2689/1/2689 
f 2686/1/2686 2689/1/2689 2690/1/2690 
f 2691/1/2691 2668/1/2668 2667/1/2667 
f 2692/1/2692 2581/1/2581 2588/1/2588 
f 2693/1/2693 2694/1/2694 2695/1/2695 
f 2695/1/2695 2692/1/2692 2693/1/2693 
f 2692/1/2692 2695/1/2695 2696/1/2696 
f 2696/1/2696 2697/1/2697 2692/1/2692 
f 2697/1/2697 2582/1/2582 2581/1/2581 
f 2698/1/2698 2679/1/2679 2668/1/2668 
f 2668/1/2668 2691/1/2691 2698/1/2698 
f 2691/1/2691 2690/1/2690 2699/1/2699 
f 2699/1/2699 2698/1/2698 2691/1/2691 
f 2698/1/2698 2699/1/2699 2694/1/2694 
f 2694/1/2694 2693/1/2693 2698/1/2698 
f 2693/1/2693 2588/1/2588 2679/1/2679 
f 2679/1/2679 2698/1/2698 2693/1/2693 
f 2700/1/2700 2701/1/2701 2702/1/2702 
f 2702/1/2702 2703/1/2703 2700/1/2700 
f 2703/1/2703 2704/1/2704 2705/1/2705 
f 2705/1/2705 2700/1/2700 2703/1/2703 
f 2700/1/2700 2705/1/2705 2706/1/2706 
f 2706/1/2706 2707/1/2707 2700/1/2700 
f 2707/1/2707 2708/1/2708 2701/1/2701 
f 2701/1/2701 2700/1/2700 2707/1/2707 
f 2709/1/2709 2658/1/2658 159/1/159 
f 159/1/159 2710/1/2710 2709/1/2709 
f 2710/1/2710 2704/1/2704 2711/1/2711 
f 2711/1/2711 2709/1/2709 2710/1/2710 
f 2709/1/2709 2711/1/2711 2666/1/2666 
f 2666/1/2666 2665/1/2665 2709/1/2709 
f 2665/1/2665 2659/1/2659 2658/1/2658 
f 2658/1/2658 2709/1/2709 2665/1/2665 
f 2712/1/2712 2711/1/2711 2704/1/2704 
f 2704/1/2704 2703/1/2703 2712/1/2712 
f 2703/1/2703 2702/1/2702 2713/1/2713 
f 2713/1/2713 2712/1/2712 2703/1/2703 
f 2712/1/2712 2713/1/2713 2688/1/2688 
f 2688/1/2688 2687/1/2687 2712/1/2712 
f 2687/1/2687 2666/1/2666 2711/1/2711 
f 2711/1/2711 2712/1/2712 2687/1/2687 
f 2714/1/2714 158/1/158 162/1/162 
f 162/1/162 2715/1/2715 2714/1/2714 
f 2715/1/2715 2706/1/2706 2705/1/2705 
f 2705/1/2705 2714/1/2714 2715/1/2715 
f 2714/1/2714 2705/1/2705 2704/1/2704 
f 2704/1/2704 2710/1/2710 2714/1/2714 
f 2710/1/2710 159/1/159 158/1/158 
f 158/1/158 2714/1/2714 2710/1/2710 
f 2716/1/2716 2717/1/2717 2718/1/2718 
f 2718/1/2718 2600/1/2600 2599/1/2599 
f 2719/1/2719 2599/1/2599 2591/1/2591 
f 2590/1/2590 2582/1/2582 2716/1/2716 
f 2720/1/2720 2697/1/2697 2696/1/2696 
f 2721/1/2721 2722/1/2722 2723/1/2723 
f 2723/1/2723 2720/1/2720 2721/1/2721 
f 2720/1/2720 2723/1/2723 2717/1/2717 
f 2716/1/2716 2582/1/2582 2697/1/2697 
f 2697/1/2697 2720/1/2720 2716/1/2716 
f 2724/1/2724 2718/1/2718 2717/1/2717 
f 2725/1/2725 2726/1/2726 2727/1/2727 
f 2727/1/2727 2608/1/2608 2607/1/2607 
f 2607/1/2607 2724/1/2724 2727/1/2727 
f 2607/1/2607 2600/1/2600 2718/1/2718 
f 2718/1/2718 2724/1/2724 2607/1/2607 
f 2728/1/2728 2723/1/2723 2722/1/2722 
f 2722/1/2722 2729/1/2729 2728/1/2728 
f 2729/1/2729 2730/1/2730 2731/1/2731 
f 2731/1/2731 2728/1/2728 2729/1/2729 
f 2728/1/2728 2731/1/2731 2726/1/2726 
f 2726/1/2726 2725/1/2725 2728/1/2728 
f 2725/1/2725 2717/1/2717 2723/1/2723 
f 2732/1/2732 2727/1/2727 2726/1/2726 
f 2733/1/2733 2734/1/2734 2732/1/2732 
f 2732/1/2732 2735/1/2735 2733/1/2733 
f 2732/1/2732 2734/1/2734 2639/1/2639 
f 2638/1/2638 2608/1/2608 2727/1/2727 
f 2727/1/2727 2732/1/2732 2638/1/2638 
f 2736/1/2736 2731/1/2731 2730/1/2730 
f 2730/1/2730 2737/1/2737 2736/1/2736 
f 2736/1/2736 2737/1/2737 2738/1/2738 
f 2739/1/2739 2733/1/2733 2735/1/2735 
f 2735/1/2735 2736/1/2736 2739/1/2739 
f 2735/1/2735 2726/1/2726 2731/1/2731 
f 2740/1/2740 2614/1/2614 2613/1/2613 
f 2625/1/2625 2632/1/2632 2741/1/2741 
f 2741/1/2741 2742/1/2742 2743/1/2743 
f 2743/1/2743 2546/1/2546 2614/1/2614 
f 2744/1/2744 2734/1/2734 2733/1/2733 
f 2733/1/2733 2745/1/2745 2744/1/2744 
f 2745/1/2745 2742/1/2742 2741/1/2741 
f 2741/1/2741 2744/1/2744 2745/1/2745 
f 2744/1/2744 2741/1/2741 2632/1/2632 
f 2632/1/2632 2645/1/2645 2744/1/2744 
f 2645/1/2645 2639/1/2639 2734/1/2734 
f 2734/1/2734 2744/1/2744 2645/1/2645 
f 2739/1/2739 2738/1/2738 2746/1/2746 
f 2746/1/2746 2747/1/2747 2739/1/2739 
f 2747/1/2747 2746/1/2746 2748/1/2748 
f 2748/1/2748 2749/1/2749 2747/1/2747 
f 2749/1/2749 2742/1/2742 2745/1/2745 
f 2745/1/2745 2747/1/2747 2749/1/2749 
f 2747/1/2747 2745/1/2745 2733/1/2733 
f 2733/1/2733 2739/1/2739 2747/1/2747 
f 2750/1/2750 2751/1/2751 2752/1/2752 
f 2752/1/2752 2753/1/2753 2750/1/2750 
f 2753/1/2753 2540/1/2540 2539/1/2539 
f 2539/1/2539 2750/1/2750 2753/1/2753 
f 2750/1/2750 2539/1/2539 2546/1/2546 
f 2743/1/2743 2742/1/2742 2751/1/2751 
f 2751/1/2751 2750/1/2750 2743/1/2743 
f 2754/1/2754 2755/1/2755 2756/1/2756 
f 2756/1/2756 2757/1/2757 2754/1/2754 
f 2757/1/2757 2752/1/2752 2751/1/2751 
f 2751/1/2751 2754/1/2754 2757/1/2757 
f 2754/1/2754 2751/1/2751 2742/1/2742 
f 2742/1/2742 2749/1/2749 2754/1/2754 
f 2749/1/2749 2748/1/2748 2755/1/2755 
f 2755/1/2755 2754/1/2754 2749/1/2749 
f 2758/1/2758 2759/1/2759 2760/1/2760 
f 2760/1/2760 2761/1/2761 2758/1/2758 
f 2761/1/2761 2549/1/2549 2548/1/2548 
f 2548/1/2548 2758/1/2758 2761/1/2761 
f 2758/1/2758 2548/1/2548 2540/1/2540 
f 2540/1/2540 2753/1/2753 2758/1/2758 
f 2753/1/2753 2752/1/2752 2759/1/2759 
f 2762/1/2762 2763/1/2763 2764/1/2764 
f 2764/1/2764 2765/1/2765 2762/1/2762 
f 2765/1/2765 2760/1/2760 2759/1/2759 
f 2762/1/2762 2759/1/2759 2752/1/2752 
f 2752/1/2752 2757/1/2757 2762/1/2762 
f 2757/1/2757 2756/1/2756 2763/1/2763 
f 2763/1/2763 2762/1/2762 2757/1/2757 
f 2766/1/2766 2767/1/2767 2768/1/2768 
f 2769/1/2769 2555/1/2555 2554/1/2554 
f 2554/1/2554 2766/1/2766 2769/1/2769 
f 2766/1/2766 2554/1/2554 2549/1/2549 
f 2549/1/2549 2761/1/2761 2766/1/2766 
f 2761/1/2761 2760/1/2760 2767/1/2767 
f 2767/1/2767 2766/1/2766 2761/1/2761 
f 2770/1/2770 2771/1/2771 2772/1/2772 
f 2772/1/2772 2773/1/2773 2770/1/2770 
f 2773/1/2773 2768/1/2768 2767/1/2767 
f 2767/1/2767 2770/1/2770 2773/1/2773 
f 2770/1/2770 2767/1/2767 2760/1/2760 
f 2765/1/2765 2764/1/2764 2771/1/2771 
f 2769/1/2769 2768/1/2768 2774/1/2774 
f 2774/1/2774 2775/1/2775 2769/1/2769 
f 2775/1/2775 2774/1/2774 2776/1/2776 
f 2776/1/2776 2777/1/2777 2775/1/2775 
f 2777/1/2777 2566/1/2566 2578/1/2578 
f 2578/1/2578 2775/1/2775 2777/1/2777 
f 2775/1/2775 2578/1/2578 2555/1/2555 
f 2778/1/2778 2779/1/2779 2780/1/2780 
f 2780/1/2780 2781/1/2781 2778/1/2778 
f 2781/1/2781 2776/1/2776 2774/1/2774 
f 2774/1/2774 2778/1/2778 2781/1/2781 
f 2778/1/2778 2774/1/2774 2768/1/2768 
f 2768/1/2768 2773/1/2773 2778/1/2778 
f 2773/1/2773 2772/1/2772 2779/1/2779 
f 2779/1/2779 2778/1/2778 2773/1/2773 
f 2777/1/2777 2776/1/2776 2782/1/2782 
f 2782/1/2782 2783/1/2783 2777/1/2777 
f 2783/1/2783 2782/1/2782 2784/1/2784 
f 2784/1/2784 2785/1/2785 2783/1/2783 
f 2785/1/2785 2564/1/2564 2567/1/2567 
f 2567/1/2567 2783/1/2783 2785/1/2785 
f 2783/1/2783 2567/1/2567 2566/1/2566 
f 2566/1/2566 2777/1/2777 2783/1/2783 
f 2781/1/2781 2780/1/2780 2786/1/2786 
f 2786/1/2786 2787/1/2787 2781/1/2781 
f 2787/1/2787 2786/1/2786 2788/1/2788 
f 2788/1/2788 2789/1/2789 2787/1/2787 
f 2789/1/2789 2784/1/2784 2782/1/2782 
f 2787/1/2787 2782/1/2782 2776/1/2776 
f 2776/1/2776 2781/1/2781 2787/1/2787 
f 2790/1/2790 2791/1/2791 2792/1/2792 
f 2792/1/2792 2793/1/2793 2790/1/2790 
f 2793/1/2793 2533/1/2533 2560/1/2560 
f 2560/1/2560 2790/1/2790 2793/1/2793 
f 2790/1/2790 2560/1/2560 2564/1/2564 
f 2564/1/2564 2785/1/2785 2790/1/2790 
f 2785/1/2785 2784/1/2784 2791/1/2791 
f 2791/1/2791 2790/1/2790 2785/1/2785 
f 2794/1/2794 2795/1/2795 2796/1/2796 
f 2796/1/2796 2797/1/2797 2794/1/2794 
f 2797/1/2797 2792/1/2792 2791/1/2791 
f 2791/1/2791 2794/1/2794 2797/1/2797 
f 2794/1/2794 2791/1/2791 2784/1/2784 
f 2784/1/2784 2789/1/2789 2794/1/2794 
f 2789/1/2789 2788/1/2788 2795/1/2795 
f 2795/1/2795 2794/1/2794 2789/1/2789 
f 2798/1/2798 2799/1/2799 2800/1/2800 
f 2800/1/2800 2801/1/2801 2798/1/2798 
f 2801/1/2801 2523/1/2523 2529/1/2529 
f 2529/1/2529 2798/1/2798 2801/1/2801 
f 2798/1/2798 2529/1/2529 2533/1/2533 
f 2533/1/2533 2793/1/2793 2798/1/2798 
f 2793/1/2793 2792/1/2792 2799/1/2799 
f 2799/1/2799 2798/1/2798 2793/1/2793 
f 2802/1/2802 2803/1/2803 2804/1/2804 
f 2804/1/2804 2805/1/2805 2802/1/2802 
f 2805/1/2805 2800/1/2800 2799/1/2799 
f 2799/1/2799 2802/1/2802 2805/1/2805 
f 2802/1/2802 2799/1/2799 2792/1/2792 
f 2792/1/2792 2797/1/2797 2802/1/2802 
f 2797/1/2797 2796/1/2796 2803/1/2803 
f 2803/1/2803 2802/1/2802 2797/1/2797 
f 2806/1/2806 2807/1/2807 2808/1/2808 
f 2808/1/2808 2809/1/2809 2806/1/2806 
f 2809/1/2809 2518/1/2518 2517/1/2517 
f 2517/1/2517 2806/1/2806 2809/1/2809 
f 2806/1/2806 2517/1/2517 2523/1/2523 
f 2523/1/2523 2801/1/2801 2806/1/2806 
f 2801/1/2801 2800/1/2800 2807/1/2807 
f 2807/1/2807 2806/1/2806 2801/1/2801 
f 2810/1/2810 2811/1/2811 2812/1/2812 
f 2812/1/2812 2813/1/2813 2810/1/2810 
f 2813/1/2813 2808/1/2808 2807/1/2807 
f 2807/1/2807 2810/1/2810 2813/1/2813 
f 2810/1/2810 2807/1/2807 2800/1/2800 
f 2800/1/2800 2805/1/2805 2810/1/2810 
f 2805/1/2805 2804/1/2804 2811/1/2811 
f 2811/1/2811 2810/1/2810 2805/1/2805 
f 2813/1/2813 2812/1/2812 2814/1/2814 
f 2814/1/2814 2815/1/2815 2813/1/2813 
f 2814/1/2814 2816/1/2816 2817/1/2817 
f 2817/1/2817 2815/1/2815 2814/1/2814 
f 2815/1/2815 2817/1/2817 2818/1/2818 
f 2818/1/2818 2819/1/2819 2815/1/2815 
f 2815/1/2815 2819/1/2819 2808/1/2808 
f 2808/1/2808 2813/1/2813 2815/1/2815 
f 2820/1/2820 2821/1/2821 2822/1/2822 
f 2823/1/2823 2509/1/2509 2508/1/2508 
f 2508/1/2508 2820/1/2820 2823/1/2823 
f 2820/1/2820 2508/1/2508 2507/1/2507 
f 2519/1/2519 2518/1/2518 2821/1/2821 
f 2824/1/2824 2819/1/2819 2818/1/2818 
f 2818/1/2818 2825/1/2825 2824/1/2824 
f 2825/1/2825 2822/1/2822 2821/1/2821 
f 2824/1/2824 2821/1/2821 2518/1/2518 
f 2518/1/2518 2809/1/2809 2824/1/2824 
f 2809/1/2809 2808/1/2808 2819/1/2819 
f 2819/1/2819 2824/1/2824 2809/1/2809 
f 2826/1/2826 2827/1/2827 2828/1/2828 
f 2829/1/2829 2828/1/2828 2830/1/2830 
f 2829/1/2829 2831/1/2831 2509/1/2509 
f 2823/1/2823 2822/1/2822 2826/1/2826 
f 2826/1/2826 2829/1/2829 2823/1/2823 
f 2832/1/2832 2828/1/2828 2827/1/2827 
f 2827/1/2827 2833/1/2833 2832/1/2832 
f 2832/1/2832 2833/1/2833 2834/1/2834 
f 2832/1/2832 2835/1/2835 2836/1/2836 
f 2836/1/2836 2837/1/2837 2832/1/2832 
f 2837/1/2837 2830/1/2830 2828/1/2828 
f 2828/1/2828 2832/1/2832 2837/1/2837 
f 2838/1/2838 2839/1/2839 2836/1/2836 
f 2836/1/2836 2835/1/2835 2838/1/2838 
f 2835/1/2835 2834/1/2834 2840/1/2840 
f 2840/1/2840 2838/1/2838 2835/1/2835 
f 2838/1/2838 2840/1/2840 2841/1/2841 
f 2841/1/2841 2842/1/2842 2838/1/2838 
f 2842/1/2842 2843/1/2843 2839/1/2839 
f 2839/1/2839 2838/1/2838 2842/1/2842 
f 2844/1/2844 2825/1/2825 2818/1/2818 
f 2845/1/2845 2834/1/2834 2833/1/2833 
f 2844/1/2844 2833/1/2833 2827/1/2827 
f 2827/1/2827 2826/1/2826 2844/1/2844 
f 2826/1/2826 2822/1/2822 2825/1/2825 
f 2825/1/2825 2844/1/2844 2826/1/2826 
f 2846/1/2846 2817/1/2817 2816/1/2816 
f 2816/1/2816 2847/1/2847 2846/1/2846 
f 2847/1/2847 2841/1/2841 2840/1/2840 
f 2840/1/2840 2846/1/2846 2847/1/2847 
f 2846/1/2846 2840/1/2840 2834/1/2834 
f 2834/1/2834 2845/1/2845 2846/1/2846 
f 2845/1/2845 2818/1/2818 2817/1/2817 
f 2817/1/2817 2846/1/2846 2845/1/2845 
f 2848/1/2848 2849/1/2849 2850/1/2850 
f 2850/1/2850 2851/1/2851 2848/1/2848 
f 2851/1/2851 2852/1/2852 2853/1/2853 
f 2853/1/2853 2848/1/2848 2851/1/2851 
f 2848/1/2848 2853/1/2853 2706/1/2706 
f 2706/1/2706 2715/1/2715 2848/1/2848 
f 2715/1/2715 162/1/162 2849/1/2849 
f 2849/1/2849 2848/1/2848 2715/1/2715 
f 2854/1/2854 2853/1/2853 2852/1/2852 
f 2852/1/2852 2855/1/2855 2854/1/2854 
f 2855/1/2855 2856/1/2856 2857/1/2857 
f 2857/1/2857 2854/1/2854 2855/1/2855 
f 2854/1/2854 2857/1/2857 2708/1/2708 
f 2708/1/2708 2707/1/2707 2854/1/2854 
f 2707/1/2707 2706/1/2706 2853/1/2853 
f 2853/1/2853 2854/1/2854 2707/1/2707 
f 2858/1/2858 2859/1/2859 2860/1/2860 
f 2860/1/2860 2861/1/2861 2858/1/2858 
f 2861/1/2861 2862/1/2862 2863/1/2863 
f 2863/1/2863 2858/1/2858 2861/1/2861 
f 2858/1/2858 2863/1/2863 2852/1/2852 
f 2852/1/2852 2851/1/2851 2858/1/2858 
f 2851/1/2851 2850/1/2850 2859/1/2859 
f 2859/1/2859 2858/1/2858 2851/1/2851 
f 2864/1/2864 2855/1/2855 2852/1/2852 
f 2852/1/2852 2863/1/2863 2864/1/2864 
f 2863/1/2863 2862/1/2862 2865/1/2865 
f 2865/1/2865 2864/1/2864 2863/1/2863 
f 2864/1/2864 2865/1/2865 2866/1/2866 
f 2866/1/2866 2867/1/2867 2864/1/2864 
f 2867/1/2867 2856/1/2856 2855/1/2855 
f 2855/1/2855 2864/1/2864 2867/1/2867 
f 2868/1/2868 2869/1/2869 2870/1/2870 
f 2870/1/2870 2871/1/2871 2872/1/2872 
f 2872/1/2872 2866/1/2866 2865/1/2865 
f 2873/1/2873 2865/1/2865 2862/1/2862 
f 2862/1/2862 2868/1/2868 2873/1/2873 
f 2874/1/2874 2875/1/2875 2876/1/2876 
f 2876/1/2876 2877/1/2877 2874/1/2874 
f 2874/1/2874 2877/1/2877 167/1/167 
f 167/1/167 166/1/166 2874/1/2874 
f 166/1/166 165/1/165 2875/1/2875 
f 2875/1/2875 2874/1/2874 166/1/166 
f 2878/1/2878 302/1/302 308/1/308 
f 308/1/308 2879/1/2879 2878/1/2878 
f 2879/1/2879 2880/1/2880 2881/1/2881 
f 2881/1/2881 2878/1/2878 2879/1/2879 
f 2878/1/2878 2881/1/2881 137/1/137 
f 137/1/137 296/1/296 2878/1/2878 
f 296/1/296 295/1/295 302/1/302 
f 302/1/302 2878/1/2878 296/1/296 
f 2882/1/2882 2883/1/2883 2884/1/2884 
f 2884/1/2884 2885/1/2885 2882/1/2882 
f 2885/1/2885 185/1/185 2646/1/2646 
f 2646/1/2646 2882/1/2882 2885/1/2885 
f 2882/1/2882 2646/1/2646 167/1/167 
f 167/1/167 2877/1/2877 2882/1/2882 
f 2877/1/2877 2876/1/2876 2883/1/2883 
f 2883/1/2883 2882/1/2882 2877/1/2877 
f 2886/1/2886 2885/1/2885 2884/1/2884 
f 2884/1/2884 2887/1/2887 2886/1/2886 
f 2886/1/2886 2887/1/2887 2888/1/2888 
f 2888/1/2888 2889/1/2889 2886/1/2886 
f 2886/1/2886 2889/1/2889 188/1/188 
f 186/1/186 185/1/185 2885/1/2885 
f 2885/1/2885 2886/1/2886 186/1/186 
f 2881/1/2881 2890/1/2890 131/1/131 
f 131/1/131 137/1/137 2881/1/2881 
f 2881/1/2881 2880/1/2880 2891/1/2891 
f 2891/1/2891 2890/1/2890 2881/1/2881 
f 2891/1/2891 2892/1/2892 2893/1/2893 
f 2893/1/2893 2890/1/2890 2891/1/2891 
f 2893/1/2893 132/1/132 131/1/131 
f 131/1/131 2890/1/2890 2893/1/2893 
f 2894/1/2894 2891/1/2891 2880/1/2880 
f 2880/1/2880 2895/1/2895 2894/1/2894 
f 2895/1/2895 2896/1/2896 2897/1/2897 
f 2897/1/2897 2894/1/2894 2895/1/2895 
f 2894/1/2894 2897/1/2897 2898/1/2898 
f 2898/1/2898 2899/1/2899 2894/1/2894 
f 2899/1/2899 2892/1/2892 2891/1/2891 
f 2891/1/2891 2894/1/2894 2899/1/2899 
f 2900/1/2900 2887/1/2887 2884/1/2884 
f 2901/1/2901 2898/1/2898 2897/1/2897 
f 2897/1/2897 2900/1/2900 2901/1/2901 
f 2900/1/2900 2897/1/2897 2896/1/2896 
f 2896/1/2896 2902/1/2902 2900/1/2900 
f 2902/1/2902 2888/1/2888 2887/1/2887 
f 2887/1/2887 2900/1/2900 2902/1/2902 
f 2903/1/2903 2904/1/2904 2905/1/2905 
f 2905/1/2905 2906/1/2906 2903/1/2903 
f 2906/1/2906 2905/1/2905 2907/1/2907 
f 2907/1/2907 2908/1/2908 2906/1/2906 
f 2908/1/2908 2586/1/2586 2585/1/2585 
f 2906/1/2906 2585/1/2585 2584/1/2584 
f 2584/1/2584 2903/1/2903 2906/1/2906 
f 2908/1/2908 2907/1/2907 2909/1/2909 
f 2909/1/2909 2910/1/2910 2908/1/2908 
f 2910/1/2910 2909/1/2909 2911/1/2911 
f 2912/1/2912 2677/1/2677 2676/1/2676 
f 2676/1/2676 2910/1/2910 2912/1/2912 
f 2910/1/2910 2676/1/2676 2586/1/2586 
f 2586/1/2586 2908/1/2908 2910/1/2910 
f 2913/1/2913 2914/1/2914 2915/1/2915 
f 2915/1/2915 2916/1/2916 2913/1/2913 
f 2915/1/2915 2917/1/2917 2918/1/2918 
f 2918/1/2918 2916/1/2916 2915/1/2915 
f 2918/1/2918 171/1/171 2674/1/2674 
f 2674/1/2674 2673/1/2673 2913/1/2913 
f 2913/1/2913 2916/1/2916 2674/1/2674 
f 2919/1/2919 2920/1/2920 2917/1/2917 
f 2917/1/2917 2915/1/2915 2919/1/2919 
f 2919/1/2919 2915/1/2915 2914/1/2914 
f 2914/1/2914 2921/1/2921 2919/1/2919 
f 2922/1/2922 2923/1/2923 2924/1/2924 
f 2924/1/2924 2925/1/2925 2922/1/2922 
f 2922/1/2922 2925/1/2925 217/1/217 
f 216/1/216 188/1/188 2889/1/2889 
f 2889/1/2889 2888/1/2888 2923/1/2923 
f 2926/1/2926 2927/1/2927 2928/1/2928 
f 2928/1/2928 2929/1/2929 2926/1/2926 
f 2929/1/2929 2924/1/2924 2923/1/2923 
f 2923/1/2923 2926/1/2926 2929/1/2929 
f 2926/1/2926 2923/1/2923 2888/1/2888 
f 2902/1/2902 2896/1/2896 2927/1/2927 
f 2927/1/2927 2926/1/2926 2902/1/2902 
f 2930/1/2930 2879/1/2879 308/1/308 
f 308/1/308 2931/1/2931 2930/1/2930 
f 2931/1/2931 2928/1/2928 2927/1/2927 
f 2927/1/2927 2930/1/2930 2931/1/2931 
f 2930/1/2930 2927/1/2927 2896/1/2896 
f 2895/1/2895 2880/1/2880 2879/1/2879 
f 2932/1/2932 668/1/668 200/1/200 
f 200/1/200 2933/1/2933 2932/1/2932 
f 2933/1/2933 2934/1/2934 2935/1/2935 
f 2935/1/2935 2932/1/2932 2933/1/2933 
f 2932/1/2932 2935/1/2935 458/1/458 
f 458/1/458 457/1/457 2932/1/2932 
f 457/1/457 456/1/456 668/1/668 
f 668/1/668 2932/1/2932 457/1/457 
f 2936/1/2936 2937/1/2937 2938/1/2938 
f 2938/1/2938 2939/1/2939 2936/1/2936 
f 204/1/204 203/1/203 2936/1/2936 
f 2940/1/2940 2941/1/2941 2942/1/2942 
f 2942/1/2942 2943/1/2943 2940/1/2940 
f 2943/1/2943 2944/1/2944 2945/1/2945 
f 2940/1/2940 2945/1/2945 281/1/281 
f 2940/1/2940 280/1/280 277/1/277 
f 2946/1/2946 620/1/620 619/1/619 
f 619/1/619 2947/1/2947 2946/1/2946 
f 2947/1/2947 2948/1/2948 2949/1/2949 
f 2949/1/2949 2946/1/2946 2947/1/2947 
f 2946/1/2946 2949/1/2949 2950/1/2950 
f 2951/1/2951 601/1/601 620/1/620 
f 620/1/620 2946/1/2946 2951/1/2951 
f 2952/1/2952 458/1/458 2935/1/2935 
f 2935/1/2935 2953/1/2953 2952/1/2952 
f 2953/1/2953 2935/1/2935 2934/1/2934 
f 2934/1/2934 2954/1/2954 2953/1/2953 
f 2954/1/2954 2948/1/2948 2952/1/2952 
f 2952/1/2952 2953/1/2953 2954/1/2954 
f 2955/1/2955 2956/1/2956 2937/1/2937 
f 2937/1/2937 2957/1/2957 2955/1/2955 
f 2957/1/2957 2958/1/2958 2959/1/2959 
f 2959/1/2959 2955/1/2955 2957/1/2957 
f 2955/1/2955 2959/1/2959 2948/1/2948 
f 2948/1/2948 2954/1/2954 2955/1/2955 
f 2954/1/2954 2934/1/2934 2956/1/2956 
f 2956/1/2956 2955/1/2955 2954/1/2954 
f 2960/1/2960 452/1/452 458/1/458 
f 2952/1/2952 2948/1/2948 2947/1/2947 
f 2947/1/2947 2960/1/2960 2952/1/2952 
f 635/1/635 2960/1/2960 2947/1/2947 
f 2947/1/2947 619/1/619 635/1/635 
f 635/1/635 453/1/453 452/1/452 
f 2961/1/2961 212/1/212 208/1/208 
f 208/1/208 274/1/274 2961/1/2961 
f 274/1/274 273/1/273 2962/1/2962 
f 2962/1/2962 2961/1/2961 274/1/274 
f 2961/1/2961 2962/1/2962 2963/1/2963 
f 2963/1/2963 2964/1/2964 2961/1/2961 
f 2964/1/2964 214/1/214 212/1/212 
f 212/1/212 2961/1/2961 2964/1/2964 
f 215/1/215 214/1/214 2965/1/2965 
f 2965/1/2965 2966/1/2966 215/1/215 
f 2966/1/2966 2965/1/2965 2958/1/2958 
f 2958/1/2958 2957/1/2957 2966/1/2966 
f 2966/1/2966 2957/1/2957 2937/1/2937 
f 2937/1/2937 2936/1/2936 2966/1/2966 
f 2936/1/2936 203/1/203 215/1/215 
f 215/1/215 2966/1/2966 2936/1/2936 
f 2967/1/2967 2965/1/2965 214/1/214 
f 214/1/214 2964/1/2964 2967/1/2967 
f 2964/1/2964 2963/1/2963 2968/1/2968 
f 2967/1/2967 2968/1/2968 2969/1/2969 
f 2969/1/2969 2970/1/2970 2967/1/2967 
f 2970/1/2970 2958/1/2958 2965/1/2965 
f 2971/1/2971 2945/1/2945 2944/1/2944 
f 2972/1/2972 2963/1/2963 2962/1/2962 
f 2962/1/2962 2971/1/2971 2972/1/2972 
f 2971/1/2971 2962/1/2962 273/1/273 
f 273/1/273 284/1/284 2971/1/2971 
f 284/1/284 281/1/281 2945/1/2945 
f 2945/1/2945 2971/1/2971 284/1/284 
f 2973/1/2973 2974/1/2974 2975/1/2975 
f 2975/1/2975 2976/1/2976 2973/1/2973 
f 2973/1/2973 2976/1/2976 2977/1/2977 
f 2978/1/2978 2979/1/2979 2980/1/2980 
f 2980/1/2980 2973/1/2973 2978/1/2978 
f 2973/1/2973 2980/1/2980 2942/1/2942 
f 2981/1/2981 2959/1/2959 2958/1/2958 
f 2970/1/2970 2969/1/2969 2982/1/2982 
f 2982/1/2982 2981/1/2981 2970/1/2970 
f 2981/1/2981 2982/1/2982 2950/1/2950 
f 2950/1/2950 2949/1/2949 2981/1/2981 
f 2949/1/2949 2948/1/2948 2959/1/2959 
f 2959/1/2959 2981/1/2981 2949/1/2949 
f 2983/1/2983 2984/1/2984 2979/1/2979 
f 2979/1/2979 2978/1/2978 2983/1/2983 
f 2978/1/2978 2977/1/2977 2985/1/2985 
f 2983/1/2983 2985/1/2985 306/1/306 
f 306/1/306 318/1/318 2983/1/2983 
f 318/1/318 317/1/317 2984/1/2984 
f 2984/1/2984 2983/1/2983 318/1/318 
f 2986/1/2986 2987/1/2987 2975/1/2975 
f 2975/1/2975 2988/1/2988 2986/1/2986 
f 2988/1/2988 226/1/226 225/1/225 
f 225/1/225 2986/1/2986 2988/1/2988 
f 2986/1/2986 225/1/225 217/1/217 
f 217/1/217 2925/1/2925 2986/1/2986 
f 2925/1/2925 2924/1/2924 2987/1/2987 
f 2989/1/2989 2990/1/2990 2977/1/2977 
f 2977/1/2977 2976/1/2976 2989/1/2989 
f 2976/1/2976 2975/1/2975 2987/1/2987 
f 2989/1/2989 2987/1/2987 2924/1/2924 
f 2924/1/2924 2929/1/2929 2989/1/2989 
f 2929/1/2929 2928/1/2928 2990/1/2990 
f 2991/1/2991 276/1/276 226/1/226 
f 226/1/226 2988/1/2988 2991/1/2991 
f 2988/1/2988 2975/1/2975 2974/1/2974 
f 2974/1/2974 2991/1/2991 2988/1/2988 
f 2991/1/2991 2974/1/2974 2942/1/2942 
f 2991/1/2991 2941/1/2941 277/1/277 
f 277/1/277 276/1/276 2991/1/2991 
f 2992/1/2992 2982/1/2982 2969/1/2969 
f 2969/1/2969 2993/1/2993 2992/1/2992 
f 2993/1/2993 2994/1/2994 2995/1/2995 
f 2992/1/2992 2995/1/2995 2996/1/2996 
f 2996/1/2996 2997/1/2997 2992/1/2992 
f 2997/1/2997 2950/1/2950 2982/1/2982 
f 307/1/307 306/1/306 2985/1/2985 
f 2998/1/2998 2985/1/2985 2977/1/2977 
f 2977/1/2977 2990/1/2990 2998/1/2998 
f 2998/1/2998 2990/1/2990 2928/1/2928 
f 2928/1/2928 2931/1/2931 2998/1/2998 
f 2998/1/2998 2931/1/2931 308/1/308 
f 2999/1/2999 3000/1/3000 2994/1/2994 
f 2993/1/2993 2969/1/2969 2968/1/2968 
f 2999/1/2999 2968/1/2968 2963/1/2963 
f 2963/1/2963 2972/1/2972 2999/1/2999 
f 2972/1/2972 2944/1/2944 3000/1/3000 
f 3000/1/3000 2999/1/2999 2972/1/2972 
f 3001/1/3001 316/1/316 315/1/315 
f 315/1/315 334/1/334 3001/1/3001 
f 334/1/334 333/1/333 3002/1/3002 
f 3002/1/3002 3001/1/3001 334/1/334 
f 3001/1/3001 3002/1/3002 2996/1/2996 
f 2996/1/2996 3003/1/3003 3001/1/3001 
f 3003/1/3003 317/1/317 316/1/316 
f 316/1/316 3001/1/3001 3003/1/3003 
f 3004/1/3004 2984/1/2984 317/1/317 
f 317/1/317 3003/1/3003 3004/1/3004 
f 3003/1/3003 2996/1/2996 2995/1/2995 
f 2995/1/2995 3004/1/3004 3003/1/3003 
f 3004/1/3004 2995/1/2995 2994/1/2994 
f 2994/1/2994 3005/1/3005 3004/1/3004 
f 3005/1/3005 2979/1/2979 2984/1/2984 
f 2984/1/2984 3004/1/3004 3005/1/3005 
f 2950/1/2950 2997/1/2997 3006/1/3006 
f 2997/1/2997 2996/1/2996 3002/1/3002 
f 3002/1/3002 3006/1/3006 2997/1/2997 
f 3006/1/3006 3002/1/3002 333/1/333 
f 333/1/333 602/1/602 3006/1/3006 
f 3006/1/3006 602/1/602 601/1/601 
f 601/1/601 2951/1/2951 3006/1/3006 
f 3007/1/3007 2980/1/2980 2979/1/2979 
f 3005/1/3005 2994/1/2994 3000/1/3000 
f 3000/1/3000 3007/1/3007 3005/1/3005 
f 3007/1/3007 3000/1/3000 2944/1/2944 
f 2943/1/2943 2942/1/2942 2980/1/2980 
f 2980/1/2980 3007/1/3007 2943/1/2943 
f 3008/1/3008 3009/1/3009 3010/1/3010 
f 3010/1/3010 3011/1/3011 3008/1/3008 
f 3011/1/3011 713/1/713 712/1/712 
f 712/1/712 3008/1/3008 3011/1/3011 
f 712/1/712 703/1/703 702/1/702 
f 702/1/702 3008/1/3008 712/1/712 
f 702/1/702 701/1/701 3009/1/3009 
f 3009/1/3009 3008/1/3008 702/1/702 
f 3012/1/3012 3013/1/3013 3014/1/3014 
f 3015/1/3015 3016/1/3016 3017/1/3017 
f 3017/1/3017 3012/1/3012 3015/1/3015 
f 3012/1/3012 3017/1/3017 3018/1/3018 
f 3018/1/3018 3019/1/3019 3012/1/3012 
f 3019/1/3019 3020/1/3020 3013/1/3013 
f 3013/1/3013 3012/1/3012 3019/1/3019 
f 3021/1/3021 714/1/714 713/1/713 
f 3021/1/3021 3022/1/3022 3016/1/3016 
f 3021/1/3021 3015/1/3015 3014/1/3014 
f 3014/1/3014 3023/1/3023 3021/1/3021 
f 3023/1/3023 708/1/708 714/1/714 
f 714/1/714 3021/1/3021 3023/1/3023 
f 3024/1/3024 3025/1/3025 3020/1/3020 
f 3020/1/3020 3019/1/3019 3024/1/3024 
f 3019/1/3019 3018/1/3018 3026/1/3026 
f 3026/1/3026 3024/1/3024 3019/1/3019 
f 3024/1/3024 3026/1/3026 2505/1/2505 
f 2505/1/2505 2504/1/2504 3024/1/3024 
f 2504/1/2504 2503/1/2503 3025/1/3025 
f 3025/1/3025 3024/1/3024 2504/1/2504 
f 3027/1/3027 3028/1/3028 2515/1/2515 
f 2515/1/2515 2514/1/2514 3027/1/3027 
f 2514/1/2514 2505/1/2505 3026/1/3026 
f 3026/1/3026 3027/1/3027 2514/1/2514 
f 3027/1/3027 3026/1/3026 3018/1/3018 
f 3018/1/3018 3029/1/3029 3027/1/3027 
f 3029/1/3029 3030/1/3030 3028/1/3028 
f 3028/1/3028 3027/1/3027 3029/1/3029 
f 3031/1/3031 3032/1/3032 3030/1/3030 
f 3030/1/3030 3029/1/3029 3031/1/3031 
f 3029/1/3029 3018/1/3018 3017/1/3017 
f 3017/1/3017 3031/1/3031 3029/1/3029 
f 3031/1/3031 3017/1/3017 3016/1/3016 
f 3033/1/3033 3034/1/3034 3032/1/3032 
f 3032/1/3032 3031/1/3031 3033/1/3033 
f 3035/1/3035 3036/1/3036 3034/1/3034 
f 3034/1/3034 3033/1/3033 3035/1/3035 
f 3033/1/3033 3016/1/3016 3022/1/3022 
f 3022/1/3022 3035/1/3035 3033/1/3033 
f 3035/1/3035 3022/1/3022 713/1/713 
f 713/1/713 3011/1/3011 3035/1/3035 
f 3011/1/3011 3010/1/3010 3036/1/3036 
f 3036/1/3036 3035/1/3035 3011/1/3011 
f 3037/1/3037 2500/1/2500 3038/1/3038 
f 3038/1/3038 3039/1/3039 3037/1/3037 
f 3039/1/3039 3040/1/3040 3041/1/3041 
f 3037/1/3037 3041/1/3041 3042/1/3042 
f 3042/1/3042 3043/1/3043 3037/1/3037 
f 3043/1/3043 2496/1/2496 2500/1/2500 
f 2500/1/2500 3037/1/3037 3043/1/3043 
f 3044/1/3044 3041/1/3041 3040/1/3040 
f 3045/1/3045 3046/1/3046 3047/1/3047 
f 3047/1/3047 3044/1/3044 3045/1/3045 
f 3044/1/3044 3047/1/3047 3048/1/3048 
f 3049/1/3049 3042/1/3042 3041/1/3041 
f 3050/1/3050 3051/1/3051 3052/1/3052 
f 3052/1/3052 3053/1/3053 3050/1/3050 
f 3053/1/3053 3052/1/3052 3054/1/3054 
f 3054/1/3054 3055/1/3055 3053/1/3053 
f 3055/1/3055 2493/1/2493 2492/1/2492 
f 2492/1/2492 3053/1/3053 3055/1/3055 
f 3053/1/3053 2492/1/2492 2491/1/2491 
f 2491/1/2491 3050/1/3050 3053/1/3053 
f 3056/1/3056 3054/1/3054 3052/1/3052 
f 3052/1/3052 3057/1/3057 3056/1/3056 
f 3057/1/3057 3052/1/3052 3051/1/3051 
f 3051/1/3051 3058/1/3058 3057/1/3057 
f 3058/1/3058 3059/1/3059 3060/1/3060 
f 3060/1/3060 3057/1/3057 3058/1/3058 
f 3056/1/3056 3057/1/3057 3060/1/3060 
f 3060/1/3060 3061/1/3061 3056/1/3056 
f 3062/1/3062 3059/1/3059 3058/1/3058 
f 3058/1/3058 3063/1/3063 3062/1/3062 
f 3063/1/3063 3058/1/3058 3051/1/3051 
f 3051/1/3051 3064/1/3064 3063/1/3063 
f 3063/1/3063 3064/1/3064 3042/1/3042 
f 3049/1/3049 3048/1/3048 3062/1/3062 
f 3065/1/3065 2497/1/2497 2496/1/2496 
f 3043/1/3043 3042/1/3042 3064/1/3064 
f 3064/1/3064 3051/1/3051 3050/1/3050 
f 3050/1/3050 3065/1/3065 3064/1/3064 
f 3050/1/3050 2491/1/2491 2497/1/2497 
f 3066/1/3066 3067/1/3067 3068/1/3068 
f 3068/1/3068 3069/1/3069 3066/1/3066 
f 3069/1/3069 3070/1/3070 3071/1/3071 
f 3071/1/3071 3066/1/3066 3069/1/3069 
f 3066/1/3066 3071/1/3071 3046/1/3046 
f 3045/1/3045 3040/1/3040 3067/1/3067 
f 3067/1/3067 3066/1/3066 3045/1/3045 
f 3072/1/3072 3073/1/3073 3074/1/3074 
f 3074/1/3074 3075/1/3075 3072/1/3072 
f 3075/1/3075 3074/1/3074 3076/1/3076 
f 3076/1/3076 3077/1/3077 3075/1/3075 
f 3075/1/3075 3077/1/3077 3068/1/3068 
f 3068/1/3068 3078/1/3078 3075/1/3075 
f 3078/1/3078 3079/1/3079 3072/1/3072 
f 3072/1/3072 3075/1/3075 3078/1/3078 
f 3080/1/3080 3081/1/3081 3079/1/3079 
f 3078/1/3078 3068/1/3068 3067/1/3067 
f 3080/1/3080 3067/1/3067 3040/1/3040 
f 3040/1/3040 3039/1/3039 3080/1/3080 
f 3039/1/3039 3038/1/3038 3081/1/3081 
f 3081/1/3081 3080/1/3080 3039/1/3039 
f 3077/1/3077 3076/1/3076 3082/1/3082 
f 3082/1/3082 3083/1/3083 3077/1/3077 
f 3083/1/3083 3082/1/3082 3084/1/3084 
f 3084/1/3084 3085/1/3085 3083/1/3083 
f 3083/1/3083 3085/1/3085 3070/1/3070 
f 3070/1/3070 3069/1/3069 3083/1/3083 
f 3069/1/3069 3068/1/3068 3077/1/3077 
f 3077/1/3077 3083/1/3083 3069/1/3069 
f 3086/1/3086 2620/1/2620 2619/1/2619 
f 2619/1/2619 3087/1/3087 3086/1/3086 
f 3087/1/3087 3088/1/3088 3089/1/3089 
f 3089/1/3089 3086/1/3086 3087/1/3087 
f 3086/1/3086 3089/1/3089 2598/1/2598 
f 2598/1/2598 2597/1/2597 3086/1/3086 
f 2597/1/2597 2596/1/2596 2620/1/2620 
f 2620/1/2620 3086/1/3086 2597/1/2597 
f 3090/1/3090 3091/1/3091 3092/1/3092 
f 3092/1/3092 3093/1/3093 3090/1/3090 
f 2921/1/2921 2914/1/2914 3091/1/3091 
f 3091/1/3091 3090/1/3090 2921/1/2921 
f 3094/1/3094 2684/1/2684 2677/1/2677 
f 2912/1/2912 2911/1/2911 3095/1/3095 
f 3095/1/3095 3094/1/3094 2912/1/2912 
f 3094/1/3094 3095/1/3095 3092/1/3092 
f 3092/1/3092 3096/1/3096 3094/1/3094 
f 3096/1/3096 2682/1/2682 2684/1/2684 
f 2684/1/2684 3094/1/3094 3096/1/3096 
f 3093/1/3093 3092/1/3092 3095/1/3095 
f 3095/1/3095 3097/1/3097 3093/1/3093 
f 3098/1/3098 2683/1/2683 2682/1/2682 
f 2682/1/2682 3096/1/3096 3098/1/3098 
f 3096/1/3096 3092/1/3092 3091/1/3091 
f 3091/1/3091 3098/1/3098 3096/1/3096 
f 3098/1/3098 3091/1/3091 2914/1/2914 
f 2914/1/2914 2913/1/2913 3098/1/3098 
f 2913/1/2913 2673/1/2673 2683/1/2683 
f 3099/1/3099 2883/1/2883 2876/1/2876 
f 2876/1/2876 3100/1/3100 3099/1/3099 
f 3100/1/3100 3101/1/3101 3102/1/3102 
f 3099/1/3099 3102/1/3102 2898/1/2898 
f 2898/1/2898 2901/1/2901 3099/1/3099 
f 2901/1/2901 2884/1/2884 2883/1/2883 
f 2883/1/2883 3099/1/3099 2901/1/2901 
f 3103/1/3103 3104/1/3104 3105/1/3105 
f 3105/1/3105 3106/1/3106 3103/1/3103 
f 3105/1/3105 2917/1/2917 2920/1/2920 
f 2920/1/2920 3106/1/3106 3105/1/3105 
f 2899/1/2899 2898/1/2898 3102/1/3102 
f 3102/1/3102 3107/1/3107 2899/1/2899 
f 3107/1/3107 3102/1/3102 3101/1/3101 
f 3101/1/3101 3108/1/3108 3107/1/3107 
f 3108/1/3108 3101/1/3101 3109/1/3109 
f 3109/1/3109 3110/1/3110 3108/1/3108 
f 3110/1/3110 3109/1/3109 3104/1/3104 
f 3111/1/3111 2875/1/2875 165/1/165 
f 3112/1/3112 3104/1/3104 3109/1/3109 
f 3109/1/3109 3111/1/3111 3112/1/3112 
f 3111/1/3111 3109/1/3109 3101/1/3101 
f 3101/1/3101 3100/1/3100 3111/1/3111 
f 3100/1/3100 2876/1/2876 2875/1/2875 
f 2875/1/2875 3111/1/3111 3100/1/3100 
f 3113/1/3113 164/1/164 171/1/171 
f 171/1/171 2918/1/2918 3113/1/3113 
f 3113/1/3113 2918/1/2918 2917/1/2917 
f 2917/1/2917 3105/1/3105 3113/1/3113 
f 3113/1/3113 3105/1/3105 3104/1/3104 
f 3104/1/3104 3112/1/3112 3113/1/3113 
f 3112/1/3112 165/1/165 164/1/164 
f 164/1/164 3113/1/3113 3112/1/3112 
f 3114/1/3114 3115/1/3115 3116/1/3116 
f 3116/1/3116 3117/1/3117 3114/1/3114 
f 3116/1/3116 3118/1/3118 3119/1/3119 
f 3119/1/3119 3117/1/3117 3116/1/3116 
f 3120/1/3120 3082/1/3082 3076/1/3076 
f 3076/1/3076 3121/1/3121 3120/1/3120 
f 3121/1/3121 3122/1/3122 3123/1/3123 
f 3123/1/3123 3120/1/3120 3121/1/3121 
f 3120/1/3120 3123/1/3123 3088/1/3088 
f 3088/1/3088 3124/1/3124 3120/1/3120 
f 3124/1/3124 3084/1/3084 3082/1/3082 
f 3082/1/3082 3120/1/3120 3124/1/3124 
f 3125/1/3125 3123/1/3123 3122/1/3122 
f 3122/1/3122 3126/1/3126 3125/1/3125 
f 3126/1/3126 3115/1/3115 3127/1/3127 
f 3127/1/3127 2598/1/2598 3089/1/3089 
f 3125/1/3125 3089/1/3089 3088/1/3088 
f 3088/1/3088 3123/1/3123 3125/1/3125 
f 3128/1/3128 3127/1/3127 3115/1/3115 
f 3115/1/3115 3114/1/3114 3128/1/3128 
f 3114/1/3114 2904/1/2904 2903/1/2903 
f 2903/1/2903 3128/1/3128 3114/1/3114 
f 2903/1/2903 2584/1/2584 2594/1/2594 
f 2594/1/2594 3128/1/3128 2903/1/2903 
f 2594/1/2594 2598/1/2598 3127/1/3127 
f 3129/1/3129 3130/1/3130 3118/1/3118 
f 3118/1/3118 3116/1/3116 3129/1/3129 
f 3129/1/3129 3116/1/3116 3115/1/3115 
f 3126/1/3126 3122/1/3122 3131/1/3131 
f 3131/1/3131 3132/1/3132 3130/1/3130 
f 3130/1/3130 3129/1/3129 3131/1/3131 
f 3133/1/3133 3131/1/3131 3122/1/3122 
f 3122/1/3122 3121/1/3121 3133/1/3133 
f 3121/1/3121 3076/1/3076 3074/1/3074 
f 3074/1/3074 3133/1/3133 3121/1/3121 
f 3133/1/3133 3074/1/3074 3073/1/3073 
f 3134/1/3134 3132/1/3132 3131/1/3131 
f 3135/1/3135 3136/1/3136 3137/1/3137 
f 3137/1/3137 3138/1/3138 3135/1/3135 
f 3138/1/3138 3139/1/3139 3140/1/3140 
f 3140/1/3140 3135/1/3135 3138/1/3138 
f 3135/1/3135 3140/1/3140 3141/1/3141 
f 3141/1/3141 3142/1/3142 3135/1/3135 
f 3142/1/3142 3143/1/3143 3136/1/3136 
f 3136/1/3136 3135/1/3135 3142/1/3142 
f 3144/1/3144 3145/1/3145 3143/1/3143 
f 3143/1/3143 3142/1/3142 3144/1/3144 
f 3142/1/3142 3141/1/3141 3146/1/3146 
f 3146/1/3146 3144/1/3144 3142/1/3142 
f 3144/1/3144 3146/1/3146 3147/1/3147 
f 3147/1/3147 3148/1/3148 3144/1/3144 
f 3148/1/3148 3149/1/3149 3145/1/3145 
f 3145/1/3145 3144/1/3144 3148/1/3148 
f 3150/1/3150 3151/1/3151 3149/1/3149 
f 3149/1/3149 3148/1/3148 3150/1/3150 
f 3148/1/3148 3147/1/3147 3152/1/3152 
f 3152/1/3152 3150/1/3150 3148/1/3148 
f 3150/1/3150 3152/1/3152 3153/1/3153 
f 3153/1/3153 3154/1/3154 3150/1/3150 
f 3154/1/3154 3155/1/3155 3151/1/3151 
f 3151/1/3151 3150/1/3150 3154/1/3154 
f 3156/1/3156 3157/1/3157 3158/1/3158 
f 3158/1/3158 3159/1/3159 3156/1/3156 
f 3159/1/3159 3137/1/3137 3136/1/3136 
f 3136/1/3136 3156/1/3156 3159/1/3159 
f 3156/1/3156 3136/1/3136 3143/1/3143 
f 3143/1/3143 3160/1/3160 3156/1/3156 
f 3160/1/3160 3161/1/3161 3157/1/3157 
f 3157/1/3157 3156/1/3156 3160/1/3160 
f 3162/1/3162 3163/1/3163 3161/1/3161 
f 3161/1/3161 3160/1/3160 3162/1/3162 
f 3160/1/3160 3143/1/3143 3145/1/3145 
f 3145/1/3145 3162/1/3162 3160/1/3160 
f 3162/1/3162 3145/1/3145 3149/1/3149 
f 3149/1/3149 3164/1/3164 3162/1/3162 
f 3164/1/3164 3165/1/3165 3163/1/3163 
f 3163/1/3163 3162/1/3162 3164/1/3164 
f 3166/1/3166 3167/1/3167 3165/1/3165 
f 3165/1/3165 3164/1/3164 3166/1/3166 
f 3164/1/3164 3149/1/3149 3151/1/3151 
f 3151/1/3151 3166/1/3166 3164/1/3164 
f 3166/1/3166 3151/1/3151 3155/1/3155 
f 3155/1/3155 3168/1/3168 3166/1/3166 
f 3168/1/3168 3169/1/3169 3167/1/3167 
f 3167/1/3167 3166/1/3166 3168/1/3168 
f 3170/1/3170 3171/1/3171 3172/1/3172 
f 3172/1/3172 3173/1/3173 3170/1/3170 
f 3173/1/3173 3174/1/3174 3175/1/3175 
f 3175/1/3175 3170/1/3170 3173/1/3173 
f 3170/1/3170 3175/1/3175 3176/1/3176 
f 3176/1/3176 3171/1/3171 3170/1/3170 
f 3177/1/3177 3178/1/3178 3137/1/3137 
f 3137/1/3137 3159/1/3159 3177/1/3177 
f 3159/1/3159 3158/1/3158 3179/1/3179 
f 3179/1/3179 3177/1/3177 3159/1/3159 
f 3177/1/3177 3179/1/3179 3174/1/3174 
f 3174/1/3174 3173/1/3173 3177/1/3177 
f 3173/1/3173 3172/1/3172 3178/1/3178 
f 3178/1/3178 3177/1/3177 3173/1/3173 
f 3180/1/3180 3172/1/3172 3171/1/3171 
f 3171/1/3171 3181/1/3181 3180/1/3180 
f 3171/1/3171 3176/1/3176 3182/1/3182 
f 3182/1/3182 3181/1/3181 3171/1/3171 
f 3181/1/3181 3182/1/3182 3183/1/3183 
f 3183/1/3183 3184/1/3184 3181/1/3181 
f 3181/1/3181 3184/1/3184 3185/1/3185 
f 3185/1/3185 3180/1/3180 3181/1/3181 
f 3186/1/3186 3178/1/3178 3172/1/3172 
f 3172/1/3172 3180/1/3180 3186/1/3186 
f 3180/1/3180 3185/1/3185 3187/1/3187 
f 3187/1/3187 3186/1/3186 3180/1/3180 
f 3186/1/3186 3187/1/3187 3139/1/3139 
f 3139/1/3139 3138/1/3138 3186/1/3186 
f 3138/1/3138 3137/1/3137 3178/1/3178 
f 3178/1/3178 3186/1/3186 3138/1/3138 
f 3188/1/3188 3189/1/3189 3190/1/3190 
f 3190/1/3190 3191/1/3191 3188/1/3188 
f 3191/1/3191 3165/1/3165 3167/1/3167 
f 3167/1/3167 3188/1/3188 3191/1/3191 
f 3188/1/3188 3167/1/3167 3169/1/3169 
f 3169/1/3169 3192/1/3192 3188/1/3188 
f 3192/1/3192 3193/1/3193 3189/1/3189 
f 3194/1/3194 3189/1/3189 3193/1/3193 
f 3193/1/3193 3195/1/3195 3194/1/3194 
f 3195/1/3195 65/1/65 64/1/64 
f 64/1/64 3194/1/3194 3195/1/3195 
f 3194/1/3194 64/1/64 63/1/63 
f 3196/1/3196 3190/1/3190 3189/1/3189 
f 3189/1/3189 3194/1/3194 3196/1/3196 
f 3197/1/3197 3198/1/3198 3199/1/3199 
f 3200/1/3200 3161/1/3161 3163/1/3163 
f 3163/1/3163 3197/1/3197 3200/1/3200 
f 3197/1/3197 3163/1/3163 3165/1/3165 
f 3165/1/3165 3191/1/3191 3197/1/3197 
f 3191/1/3191 3190/1/3190 3198/1/3198 
f 3198/1/3198 3197/1/3197 3191/1/3191 
f 3201/1/3201 3198/1/3198 3190/1/3190 
f 3190/1/3190 3196/1/3196 3201/1/3201 
f 3196/1/3196 63/1/63 73/1/73 
f 73/1/73 3201/1/3201 3196/1/3196 
f 3201/1/3201 73/1/73 72/1/72 
f 3202/1/3202 3199/1/3199 3198/1/3198 
f 3198/1/3198 3201/1/3201 3202/1/3202 
f 3203/1/3203 3204/1/3204 3205/1/3205 
f 3205/1/3205 3206/1/3206 3203/1/3203 
f 3206/1/3206 3158/1/3158 3157/1/3157 
f 3157/1/3157 3203/1/3203 3206/1/3206 
f 3203/1/3203 3157/1/3157 3161/1/3161 
f 3200/1/3200 3199/1/3199 3204/1/3204 
f 3204/1/3204 3203/1/3203 3200/1/3200 
f 3207/1/3207 3204/1/3204 3199/1/3199 
f 3199/1/3199 3202/1/3202 3207/1/3207 
f 3202/1/3202 72/1/72 81/1/81 
f 3207/1/3207 81/1/81 80/1/80 
f 80/1/80 3208/1/3208 3207/1/3207 
f 3208/1/3208 3205/1/3205 3204/1/3204 
f 3204/1/3204 3207/1/3207 3208/1/3208 
f 3209/1/3209 3210/1/3210 3211/1/3211 
f 3211/1/3211 3212/1/3212 3209/1/3209 
f 3212/1/3212 3174/1/3174 3179/1/3179 
f 3209/1/3209 3179/1/3179 3158/1/3158 
f 3158/1/3158 3206/1/3206 3209/1/3209 
f 3206/1/3206 3205/1/3205 3210/1/3210 
f 3210/1/3210 3209/1/3209 3206/1/3206 
f 3213/1/3213 3214/1/3214 3215/1/3215 
f 3215/1/3215 3216/1/3216 3213/1/3213 
f 3216/1/3216 3215/1/3215 3217/1/3217 
f 3217/1/3217 3218/1/3218 3216/1/3216 
f 3218/1/3218 3174/1/3174 3212/1/3212 
f 3212/1/3212 3216/1/3216 3218/1/3218 
f 3213/1/3213 3216/1/3216 3212/1/3212 
f 3212/1/3212 3211/1/3211 3213/1/3213 
f 3219/1/3219 3210/1/3210 3205/1/3205 
f 3205/1/3205 3208/1/3208 3219/1/3219 
f 3208/1/3208 80/1/80 95/1/95 
f 95/1/95 3219/1/3219 3208/1/3208 
f 95/1/95 94/1/94 3220/1/3220 
f 3220/1/3220 3219/1/3219 95/1/95 
f 3220/1/3220 3211/1/3211 3210/1/3210 
f 3210/1/3210 3219/1/3219 3220/1/3220 
f 99/1/99 98/1/98 3221/1/3221 
f 3222/1/3222 3221/1/3221 3214/1/3214 
f 3214/1/3214 3213/1/3213 3222/1/3222 
f 3222/1/3222 3213/1/3213 3211/1/3211 
f 3211/1/3211 3220/1/3220 3222/1/3222 
f 3222/1/3222 3220/1/3220 94/1/94 
f 94/1/94 99/1/99 3222/1/3222 
f 3223/1/3223 3224/1/3224 3176/1/3176 
f 3176/1/3176 3175/1/3175 3223/1/3223 
f 3175/1/3175 3174/1/3174 3218/1/3218 
f 3218/1/3218 3223/1/3223 3175/1/3175 
f 3223/1/3223 3218/1/3218 3217/1/3217 
f 3217/1/3217 3225/1/3225 3223/1/3223 
f 3225/1/3225 3226/1/3226 3224/1/3224 
f 3227/1/3227 3225/1/3225 3217/1/3217 
f 3217/1/3217 3228/1/3228 3227/1/3227 
f 3227/1/3227 3228/1/3228 3229/1/3229 
f 3230/1/3230 3231/1/3231 3232/1/3232 
f 3227/1/3227 3232/1/3232 3226/1/3226 
f 3226/1/3226 3225/1/3225 3227/1/3227 
f 3233/1/3233 3234/1/3234 3231/1/3231 
f 3230/1/3230 3229/1/3229 3235/1/3235 
f 3235/1/3235 3233/1/3233 3230/1/3230 
f 3233/1/3233 3235/1/3235 3236/1/3236 
f 3237/1/3237 3238/1/3238 3239/1/3239 
f 3239/1/3239 3240/1/3240 3237/1/3237 
f 3240/1/3240 3236/1/3236 3241/1/3241 
f 3241/1/3241 3242/1/3242 3243/1/3243 
f 3243/1/3243 3237/1/3237 3241/1/3241 
f 3243/1/3243 3244/1/3244 3238/1/3238 
f 3238/1/3238 3237/1/3237 3243/1/3243 
f 3245/1/3245 3246/1/3246 3183/1/3183 
f 3183/1/3183 3182/1/3182 3245/1/3245 
f 3182/1/3182 3176/1/3176 3224/1/3224 
f 3245/1/3245 3224/1/3224 3226/1/3226 
f 3226/1/3226 3247/1/3247 3245/1/3245 
f 3247/1/3247 3248/1/3248 3246/1/3246 
f 3246/1/3246 3245/1/3245 3247/1/3247 
f 3249/1/3249 3250/1/3250 3231/1/3231 
f 3249/1/3249 3234/1/3234 3236/1/3236 
f 3249/1/3249 3240/1/3240 3239/1/3239 
f 3239/1/3239 3251/1/3251 3249/1/3249 
f 3251/1/3251 3252/1/3252 3250/1/3250 
f 3250/1/3250 3249/1/3249 3251/1/3251 
f 3247/1/3247 3226/1/3226 3232/1/3232 
f 3232/1/3232 3231/1/3231 3250/1/3250 
f 3253/1/3253 3250/1/3250 3252/1/3252 
f 3252/1/3252 3254/1/3254 3253/1/3253 
f 3253/1/3253 3254/1/3254 3248/1/3248 
f 3255/1/3255 3238/1/3238 3244/1/3244 
f 3244/1/3244 3256/1/3256 3255/1/3255 
f 3255/1/3255 3256/1/3256 3257/1/3257 
f 3257/1/3257 3258/1/3258 3255/1/3255 
f 3255/1/3255 3258/1/3258 3259/1/3259 
f 3259/1/3259 3260/1/3260 3255/1/3255 
f 3260/1/3260 3239/1/3239 3238/1/3238 
f 3238/1/3238 3255/1/3255 3260/1/3260 
f 3261/1/3261 3251/1/3251 3239/1/3239 
f 3239/1/3239 3260/1/3260 3261/1/3261 
f 3261/1/3261 3260/1/3260 3259/1/3259 
f 3262/1/3262 3263/1/3263 3264/1/3264 
f 3264/1/3264 3261/1/3261 3262/1/3262 
f 3251/1/3251 3261/1/3261 3264/1/3264 
f 3264/1/3264 3252/1/3252 3251/1/3251 
f 3265/1/3265 3266/1/3266 3267/1/3267 
f 3268/1/3268 3248/1/3248 3254/1/3254 
f 3265/1/3265 3254/1/3254 3252/1/3252 
f 3252/1/3252 3264/1/3264 3265/1/3265 
f 3264/1/3264 3263/1/3263 3266/1/3266 
f 3266/1/3266 3265/1/3265 3264/1/3264 
f 3269/1/3269 3270/1/3270 3259/1/3259 
f 3259/1/3259 3258/1/3258 3269/1/3269 
f 3258/1/3258 3257/1/3257 3271/1/3271 
f 3271/1/3271 3269/1/3269 3258/1/3258 
f 3269/1/3269 3271/1/3271 3272/1/3272 
f 3273/1/3273 3274/1/3274 3270/1/3270 
f 3270/1/3270 3269/1/3269 3273/1/3273 
f 3275/1/3275 3183/1/3183 3246/1/3246 
f 3246/1/3246 3276/1/3276 3275/1/3275 
f 3276/1/3276 3246/1/3246 3248/1/3248 
f 3248/1/3248 3268/1/3268 3276/1/3276 
f 3268/1/3268 3267/1/3267 3277/1/3277 
f 3276/1/3276 3277/1/3277 3278/1/3278 
f 3278/1/3278 3275/1/3275 3276/1/3276 
f 3279/1/3279 3280/1/3280 3263/1/3263 
f 3262/1/3262 3259/1/3259 3270/1/3270 
f 3270/1/3270 3279/1/3279 3262/1/3262 
f 3279/1/3279 3270/1/3270 3274/1/3274 
f 3281/1/3281 3282/1/3282 3280/1/3280 
f 3283/1/3283 3277/1/3277 3267/1/3267 
f 3266/1/3266 3263/1/3263 3280/1/3280 
f 3280/1/3280 3283/1/3283 3266/1/3266 
f 3283/1/3283 3280/1/3280 3282/1/3282 
f 3284/1/3284 3278/1/3278 3277/1/3277 
f 3285/1/3285 3286/1/3286 3274/1/3274 
f 3273/1/3273 3272/1/3272 3287/1/3287 
f 3285/1/3285 3287/1/3287 3288/1/3288 
f 3288/1/3288 3289/1/3289 3285/1/3285 
f 3289/1/3289 3290/1/3290 3286/1/3286 
f 3286/1/3286 3285/1/3285 3289/1/3289 
f 3184/1/3184 3291/1/3291 3292/1/3292 
f 3292/1/3292 3185/1/3185 3184/1/3184 
f 3184/1/3184 3183/1/3183 3275/1/3275 
f 3275/1/3275 3291/1/3291 3184/1/3184 
f 3275/1/3275 3278/1/3278 3293/1/3293 
f 3293/1/3293 3291/1/3291 3275/1/3275 
f 3291/1/3291 3293/1/3293 3294/1/3294 
f 3294/1/3294 3292/1/3292 3291/1/3291 
f 3295/1/3295 3296/1/3296 3282/1/3282 
f 3281/1/3281 3274/1/3274 3286/1/3286 
f 3286/1/3286 3295/1/3295 3281/1/3281 
f 3295/1/3295 3286/1/3286 3290/1/3290 
f 3297/1/3297 3298/1/3298 3296/1/3296 
f 3296/1/3296 3295/1/3295 3297/1/3297 
f 3299/1/3299 3294/1/3294 3293/1/3293 
f 3293/1/3293 3300/1/3300 3299/1/3299 
f 3300/1/3300 3293/1/3293 3278/1/3278 
f 3278/1/3278 3284/1/3284 3300/1/3300 
f 3284/1/3284 3282/1/3282 3296/1/3296 
f 3296/1/3296 3300/1/3300 3284/1/3284 
f 3300/1/3300 3296/1/3296 3298/1/3298 
f 3301/1/3301 3302/1/3302 3290/1/3290 
f 3290/1/3290 3289/1/3289 3301/1/3301 
f 3289/1/3289 3288/1/3288 3303/1/3303 
f 3303/1/3303 3301/1/3301 3289/1/3289 
f 3301/1/3301 3303/1/3303 3304/1/3304 
f 3304/1/3304 3305/1/3305 3301/1/3301 
f 3305/1/3305 3306/1/3306 3302/1/3302 
f 3302/1/3302 3301/1/3301 3305/1/3305 
f 3307/1/3307 3187/1/3187 3185/1/3185 
f 3185/1/3185 3292/1/3292 3307/1/3307 
f 3292/1/3292 3294/1/3294 3308/1/3308 
f 3308/1/3308 3307/1/3307 3292/1/3292 
f 3307/1/3307 3308/1/3308 3309/1/3309 
f 3309/1/3309 3310/1/3310 3307/1/3307 
f 3310/1/3310 3139/1/3139 3187/1/3187 
f 3187/1/3187 3307/1/3307 3310/1/3310 
f 3297/1/3297 3290/1/3290 3302/1/3302 
f 3311/1/3311 3302/1/3302 3306/1/3306 
f 3311/1/3311 3312/1/3312 3313/1/3313 
f 3313/1/3313 3314/1/3314 3311/1/3311 
f 3311/1/3311 3314/1/3314 3298/1/3298 
f 3315/1/3315 3309/1/3309 3308/1/3308 
f 3308/1/3308 3316/1/3316 3315/1/3315 
f 3316/1/3316 3308/1/3308 3294/1/3294 
f 3294/1/3294 3299/1/3299 3316/1/3316 
f 3299/1/3299 3298/1/3298 3314/1/3314 
f 3314/1/3314 3316/1/3316 3299/1/3299 
f 3316/1/3316 3314/1/3314 3313/1/3313 
f 3317/1/3317 3140/1/3140 3139/1/3139 
f 3139/1/3139 3310/1/3310 3317/1/3317 
f 3310/1/3310 3309/1/3309 3318/1/3318 
f 3318/1/3318 3317/1/3317 3310/1/3310 
f 3317/1/3317 3318/1/3318 3319/1/3319 
f 3319/1/3319 3320/1/3320 3317/1/3317 
f 3320/1/3320 3141/1/3141 3140/1/3140 
f 3140/1/3140 3317/1/3317 3320/1/3320 
f 3312/1/3312 3306/1/3306 3321/1/3321 
f 3321/1/3321 3322/1/3322 3312/1/3312 
f 3323/1/3323 3322/1/3322 3321/1/3321 
f 3321/1/3321 3324/1/3324 3323/1/3323 
f 3322/1/3322 3323/1/3323 3325/1/3325 
f 3326/1/3326 3313/1/3313 3312/1/3312 
f 3327/1/3327 3328/1/3328 3319/1/3319 
f 3319/1/3319 3318/1/3318 3327/1/3327 
f 3327/1/3327 3318/1/3318 3309/1/3309 
f 3309/1/3309 3315/1/3315 3327/1/3327 
f 3315/1/3315 3313/1/3313 3326/1/3326 
f 3326/1/3326 3325/1/3325 3328/1/3328 
f 3329/1/3329 3146/1/3146 3141/1/3141 
f 3141/1/3141 3320/1/3320 3329/1/3329 
f 3320/1/3320 3319/1/3319 3330/1/3330 
f 3330/1/3330 3329/1/3329 3320/1/3320 
f 3329/1/3329 3330/1/3330 3331/1/3331 
f 3331/1/3331 3332/1/3332 3329/1/3329 
f 3332/1/3332 3147/1/3147 3146/1/3146 
f 3146/1/3146 3329/1/3329 3332/1/3332 
f 3333/1/3333 3152/1/3152 3147/1/3147 
f 3147/1/3147 3332/1/3332 3333/1/3333 
f 3332/1/3332 3331/1/3331 3334/1/3334 
f 3334/1/3334 3333/1/3333 3332/1/3332 
f 3333/1/3333 3334/1/3334 3335/1/3335 
f 3335/1/3335 3336/1/3336 3333/1/3333 
f 3336/1/3336 3153/1/3153 3152/1/3152 
f 3152/1/3152 3333/1/3333 3336/1/3336 
f 3337/1/3337 3338/1/3338 3339/1/3339 
f 3339/1/3339 3340/1/3340 3337/1/3337 
f 3340/1/3340 3339/1/3339 3242/1/3242 
f 3242/1/3242 3241/1/3241 3340/1/3340 
f 3241/1/3241 3236/1/3236 3341/1/3341 
f 3341/1/3341 3340/1/3340 3241/1/3241 
f 3340/1/3340 3341/1/3341 3342/1/3342 
f 3342/1/3342 3337/1/3337 3340/1/3340 
f 3343/1/3343 3344/1/3344 3345/1/3345 
f 3345/1/3345 3346/1/3346 3343/1/3343 
f 3346/1/3346 3347/1/3347 3348/1/3348 
f 3348/1/3348 3343/1/3343 3346/1/3346 
f 3343/1/3343 3348/1/3348 3338/1/3338 
f 3338/1/3338 3337/1/3337 3343/1/3343 
f 3337/1/3337 3342/1/3342 3344/1/3344 
f 3344/1/3344 3343/1/3343 3337/1/3337 
f 3349/1/3349 3350/1/3350 3351/1/3351 
f 3351/1/3351 3352/1/3352 3349/1/3349 
f 3349/1/3349 3352/1/3352 3306/1/3306 
f 3306/1/3306 3305/1/3305 3349/1/3349 
f 3305/1/3305 3304/1/3304 3353/1/3353 
f 3353/1/3353 3349/1/3349 3305/1/3305 
f 3349/1/3349 3353/1/3353 3354/1/3354 
f 3354/1/3354 3350/1/3350 3349/1/3349 
f 3355/1/3355 3356/1/3356 3357/1/3357 
f 3357/1/3357 3358/1/3358 3355/1/3355 
f 3358/1/3358 3359/1/3359 3360/1/3360 
f 3360/1/3360 3355/1/3355 3358/1/3358 
f 3355/1/3355 3360/1/3360 3361/1/3361 
f 3361/1/3361 3362/1/3362 3355/1/3355 
f 3355/1/3355 3362/1/3362 3363/1/3363 
f 3363/1/3363 3356/1/3356 3355/1/3355 
f 3364/1/3364 3365/1/3365 3366/1/3366 
f 3366/1/3366 3367/1/3367 3364/1/3364 
f 3367/1/3367 3368/1/3368 3369/1/3369 
f 3369/1/3369 3364/1/3364 3367/1/3367 
f 3364/1/3364 3369/1/3369 3359/1/3359 
f 3359/1/3359 3358/1/3358 3364/1/3364 
f 3358/1/3358 3357/1/3357 3365/1/3365 
f 3365/1/3365 3364/1/3364 3358/1/3358 
f 3370/1/3370 3371/1/3371 3372/1/3372 
f 3372/1/3372 3373/1/3373 3370/1/3370 
f 3373/1/3373 3351/1/3351 3350/1/3350 
f 3350/1/3350 3370/1/3370 3373/1/3373 
f 3370/1/3370 3350/1/3350 3354/1/3354 
f 3354/1/3354 3374/1/3374 3370/1/3370 
f 3374/1/3374 3375/1/3375 3371/1/3371 
f 3371/1/3371 3370/1/3370 3374/1/3374 
f 3376/1/3376 3377/1/3377 3378/1/3378 
f 3378/1/3378 3379/1/3379 3376/1/3376 
f 3379/1/3379 3380/1/3380 3381/1/3381 
f 3381/1/3381 3376/1/3376 3379/1/3379 
f 3376/1/3376 3381/1/3381 3382/1/3382 
f 3382/1/3382 3383/1/3383 3376/1/3376 
f 3383/1/3383 3384/1/3384 3377/1/3377 
f 3377/1/3377 3376/1/3376 3383/1/3383 
f 3385/1/3385 3386/1/3386 3363/1/3363 
f 3363/1/3363 3362/1/3362 3385/1/3385 
f 3362/1/3362 3361/1/3361 3387/1/3387 
f 3387/1/3387 3385/1/3385 3362/1/3362 
f 3385/1/3385 3387/1/3387 3388/1/3388 
f 3388/1/3388 3389/1/3389 3385/1/3385 
f 3389/1/3389 3390/1/3390 3386/1/3386 
f 3391/1/3391 3392/1/3392 3393/1/3393 
f 3393/1/3393 3394/1/3394 3391/1/3391 
f 3391/1/3391 3363/1/3363 3386/1/3386 
f 3386/1/3386 3392/1/3392 3391/1/3391 
f 3395/1/3395 3392/1/3392 3386/1/3386 
f 3386/1/3386 3390/1/3390 3395/1/3395 
f 3395/1/3395 3396/1/3396 3393/1/3393 
f 3393/1/3393 3392/1/3392 3395/1/3395 
f 3397/1/3397 3398/1/3398 3399/1/3399 
f 3399/1/3399 3400/1/3400 3397/1/3397 
f 3400/1/3400 3401/1/3401 3402/1/3402 
f 3402/1/3402 3397/1/3397 3400/1/3400 
f 3397/1/3397 3402/1/3402 3403/1/3403 
f 3403/1/3403 3404/1/3404 3397/1/3397 
f 3404/1/3404 3405/1/3405 3398/1/3398 
f 3398/1/3398 3397/1/3397 3404/1/3404 
f 3406/1/3406 3399/1/3399 3398/1/3398 
f 3398/1/3398 3407/1/3407 3406/1/3406 
f 3407/1/3407 3398/1/3398 3405/1/3405 
f 3405/1/3405 3408/1/3408 3407/1/3407 
f 3407/1/3407 3408/1/3408 3409/1/3409 
f 3409/1/3409 3406/1/3406 3407/1/3407 
f 3410/1/3410 3411/1/3411 3412/1/3412 
f 3412/1/3412 3413/1/3413 3410/1/3410 
f 3413/1/3413 3412/1/3412 3396/1/3396 
f 3396/1/3396 3395/1/3395 3413/1/3413 
f 3413/1/3413 3395/1/3395 3390/1/3390 
f 3414/1/3414 3415/1/3415 3411/1/3411 
f 3411/1/3411 3410/1/3410 3414/1/3414 
f 3410/1/3410 3390/1/3390 3389/1/3389 
f 3389/1/3389 3414/1/3414 3410/1/3410 
f 3414/1/3414 3389/1/3389 3388/1/3388 
f 3388/1/3388 3416/1/3416 3414/1/3414 
f 3416/1/3416 3417/1/3417 3415/1/3415 
f 3415/1/3415 3414/1/3414 3416/1/3416 
f 3418/1/3418 3419/1/3419 3420/1/3420 
f 3420/1/3420 3421/1/3421 3418/1/3418 
f 3421/1/3421 3411/1/3411 3415/1/3415 
f 3415/1/3415 3418/1/3418 3421/1/3421 
f 3418/1/3418 3415/1/3415 3417/1/3417 
f 3417/1/3417 3422/1/3422 3418/1/3418 
f 3418/1/3418 3422/1/3422 3423/1/3423 
f 3423/1/3423 3419/1/3419 3418/1/3418 
f 3422/1/3422 3417/1/3417 3424/1/3424 
f 3424/1/3424 3425/1/3425 3422/1/3422 
f 3425/1/3425 3424/1/3424 3426/1/3426 
f 3426/1/3426 3427/1/3427 3425/1/3425 
f 3425/1/3425 3427/1/3427 3428/1/3428 
f 3428/1/3428 3429/1/3429 3425/1/3425 
f 3429/1/3429 3423/1/3423 3422/1/3422 
f 3422/1/3422 3425/1/3425 3429/1/3429 
f 3430/1/3430 3427/1/3427 3426/1/3426 
f 3426/1/3426 3431/1/3431 3430/1/3430 
f 3431/1/3431 3432/1/3432 3433/1/3433 
f 3433/1/3433 3430/1/3430 3431/1/3431 
f 3430/1/3430 3433/1/3433 3434/1/3434 
f 3435/1/3435 3428/1/3428 3427/1/3427 
f 3427/1/3427 3430/1/3430 3435/1/3435 
f 3436/1/3436 3433/1/3433 3432/1/3432 
f 3432/1/3432 3437/1/3437 3436/1/3436 
f 3437/1/3437 3403/1/3403 3402/1/3402 
f 3402/1/3402 3436/1/3436 3437/1/3437 
f 3436/1/3436 3402/1/3402 3401/1/3401 
f 3401/1/3401 3438/1/3438 3436/1/3436 
f 3438/1/3438 3434/1/3434 3433/1/3433 
f 3433/1/3433 3436/1/3436 3438/1/3438 
f 3435/1/3435 3434/1/3434 3439/1/3439 
f 3439/1/3439 3440/1/3440 3435/1/3435 
f 3440/1/3440 3439/1/3439 3441/1/3441 
f 3440/1/3440 3442/1/3442 3428/1/3428 
f 3428/1/3428 3435/1/3435 3440/1/3440 
f 3443/1/3443 3444/1/3444 3445/1/3445 
f 3446/1/3446 3441/1/3441 3439/1/3439 
f 3439/1/3439 3443/1/3443 3446/1/3446 
f 3443/1/3443 3439/1/3439 3434/1/3434 
f 3434/1/3434 3447/1/3447 3443/1/3443 
f 3447/1/3447 3448/1/3448 3444/1/3444 
f 3444/1/3444 3443/1/3443 3447/1/3447 
f 3449/1/3449 3450/1/3450 3448/1/3448 
f 3448/1/3448 3447/1/3447 3449/1/3449 
f 3447/1/3447 3434/1/3434 3438/1/3438 
f 3438/1/3438 3449/1/3449 3447/1/3447 
f 3449/1/3449 3438/1/3438 3401/1/3401 
f 3401/1/3401 3451/1/3451 3449/1/3449 
f 3449/1/3449 3451/1/3451 3452/1/3452 
f 3452/1/3452 3450/1/3450 3449/1/3449 
f 3453/1/3453 3454/1/3454 3423/1/3423 
f 3423/1/3423 3429/1/3429 3453/1/3453 
f 3429/1/3429 3428/1/3428 3442/1/3442 
f 3442/1/3442 3453/1/3453 3429/1/3429 
f 3453/1/3453 3442/1/3442 3441/1/3441 
f 3441/1/3441 3455/1/3455 3453/1/3453 
f 3455/1/3455 3456/1/3456 3454/1/3454 
f 3454/1/3454 3453/1/3453 3455/1/3455 
f 3457/1/3457 3458/1/3458 3459/1/3459 
f 3459/1/3459 3460/1/3460 3457/1/3457 
f 3460/1/3460 3456/1/3456 3455/1/3455 
f 3455/1/3455 3457/1/3457 3460/1/3460 
f 3457/1/3457 3455/1/3455 3441/1/3441 
f 3446/1/3446 3445/1/3445 3458/1/3458 
f 3458/1/3458 3457/1/3457 3446/1/3446 
f 3461/1/3461 3459/1/3459 3458/1/3458 
f 3458/1/3458 3462/1/3462 3461/1/3461 
f 3462/1/3462 3458/1/3458 3445/1/3445 
f 3445/1/3445 3444/1/3444 3462/1/3462 
f 3462/1/3462 3444/1/3444 3448/1/3448 
f 3448/1/3448 3450/1/3450 3462/1/3462 
f 3450/1/3450 3452/1/3452 3461/1/3461 
f 3461/1/3461 3462/1/3462 3450/1/3450 
f 3463/1/3463 3452/1/3452 3451/1/3451 
f 3451/1/3451 3464/1/3464 3463/1/3463 
f 3464/1/3464 3451/1/3451 3401/1/3401 
f 3401/1/3401 3400/1/3400 3464/1/3464 
f 3400/1/3400 3399/1/3399 3465/1/3465 
f 3465/1/3465 3464/1/3464 3400/1/3400 
f 3464/1/3464 3465/1/3465 3466/1/3466 
f 3466/1/3466 3463/1/3463 3464/1/3464 
f 3467/1/3467 3468/1/3468 3420/1/3420 
f 3420/1/3420 3419/1/3419 3467/1/3467 
f 3419/1/3419 3423/1/3423 3454/1/3454 
f 3454/1/3454 3467/1/3467 3419/1/3419 
f 3454/1/3454 3456/1/3456 3469/1/3469 
f 3467/1/3467 3469/1/3469 3470/1/3470 
f 3470/1/3470 3468/1/3468 3467/1/3467 
f 3471/1/3471 3472/1/3472 3473/1/3473 
f 3473/1/3473 3474/1/3474 3471/1/3471 
f 3474/1/3474 3470/1/3470 3469/1/3469 
f 3471/1/3471 3469/1/3469 3456/1/3456 
f 3456/1/3456 3460/1/3460 3471/1/3471 
f 3460/1/3460 3459/1/3459 3472/1/3472 
f 3472/1/3472 3471/1/3471 3460/1/3460 
f 3475/1/3475 3476/1/3476 3473/1/3473 
f 3473/1/3473 3472/1/3472 3475/1/3475 
f 3461/1/3461 3475/1/3475 3472/1/3472 
f 3472/1/3472 3459/1/3459 3461/1/3461 
f 3475/1/3475 3461/1/3461 3452/1/3452 
f 3452/1/3452 3463/1/3463 3475/1/3475 
f 3463/1/3463 3466/1/3466 3476/1/3476 
f 3476/1/3476 3475/1/3475 3463/1/3463 
f 3477/1/3477 3331/1/3331 3330/1/3330 
f 3330/1/3330 3478/1/3478 3477/1/3477 
f 3330/1/3330 3319/1/3319 3328/1/3328 
f 3328/1/3328 3478/1/3478 3330/1/3330 
f 3478/1/3478 3328/1/3328 3325/1/3325 
f 3479/1/3479 3480/1/3480 3477/1/3477 
f 3477/1/3477 3478/1/3478 3479/1/3479 
f 3481/1/3481 3335/1/3335 3334/1/3334 
f 3334/1/3334 3482/1/3482 3481/1/3481 
f 3482/1/3482 3334/1/3334 3331/1/3331 
f 3331/1/3331 3477/1/3477 3482/1/3482 
f 3482/1/3482 3477/1/3477 3480/1/3480 
f 3480/1/3480 3483/1/3483 3482/1/3482 
f 3483/1/3483 3484/1/3484 3481/1/3481 
f 3485/1/3485 3479/1/3479 3325/1/3325 
f 3323/1/3323 3324/1/3324 3486/1/3486 
f 3486/1/3486 3485/1/3485 3323/1/3323 
f 3486/1/3486 3487/1/3487 3488/1/3488 
f 3488/1/3488 3485/1/3485 3486/1/3486 
f 3488/1/3488 3480/1/3480 3479/1/3479 
f 3479/1/3479 3485/1/3485 3488/1/3488 
f 3489/1/3489 3490/1/3490 3491/1/3491 
f 3491/1/3491 3492/1/3492 3489/1/3489 
f 3492/1/3492 3491/1/3491 3480/1/3480 
f 3480/1/3480 3488/1/3488 3492/1/3492 
f 3492/1/3492 3488/1/3488 3487/1/3487 
f 3487/1/3487 3489/1/3489 3492/1/3492 
f 3493/1/3493 3494/1/3494 3487/1/3487 
f 3487/1/3487 3495/1/3495 3493/1/3493 
f 3495/1/3495 3496/1/3496 3497/1/3497 
f 3497/1/3497 3493/1/3493 3495/1/3495 
f 3493/1/3493 3497/1/3497 3498/1/3498 
f 3498/1/3498 3499/1/3499 3493/1/3493 
f 3499/1/3499 3500/1/3500 3494/1/3494 
f 3494/1/3494 3493/1/3493 3499/1/3499 
f 3501/1/3501 3502/1/3502 3490/1/3490 
f 3490/1/3490 3489/1/3489 3501/1/3501 
f 3489/1/3489 3487/1/3487 3494/1/3494 
f 3494/1/3494 3501/1/3501 3489/1/3489 
f 3501/1/3501 3494/1/3494 3500/1/3500 
f 3500/1/3500 3503/1/3503 3501/1/3501 
f 3503/1/3503 3504/1/3504 3502/1/3502 
f 3502/1/3502 3501/1/3501 3503/1/3503 
f 3505/1/3505 3506/1/3506 3500/1/3500 
f 3500/1/3500 3499/1/3499 3505/1/3505 
f 3499/1/3499 3498/1/3498 3507/1/3507 
f 3507/1/3507 3505/1/3505 3499/1/3499 
f 3505/1/3505 3507/1/3507 3508/1/3508 
f 3508/1/3508 3509/1/3509 3505/1/3505 
f 3509/1/3509 3510/1/3510 3506/1/3506 
f 3506/1/3506 3505/1/3505 3509/1/3509 
f 3511/1/3511 3512/1/3512 3484/1/3484 
f 3484/1/3484 3483/1/3483 3511/1/3511 
f 3483/1/3483 3480/1/3480 3491/1/3491 
f 3491/1/3491 3511/1/3511 3483/1/3483 
f 3511/1/3511 3491/1/3491 3490/1/3490 
f 3490/1/3490 3513/1/3513 3511/1/3511 
f 3513/1/3513 3514/1/3514 3512/1/3512 
f 3512/1/3512 3511/1/3511 3513/1/3513 
f 3515/1/3515 3516/1/3516 3514/1/3514 
f 3514/1/3514 3513/1/3513 3515/1/3515 
f 3513/1/3513 3490/1/3490 3502/1/3502 
f 3502/1/3502 3515/1/3515 3513/1/3513 
f 3515/1/3515 3502/1/3502 3504/1/3504 
f 3517/1/3517 3518/1/3518 3516/1/3516 
f 3519/1/3519 3520/1/3520 3518/1/3518 
f 3518/1/3518 3517/1/3517 3519/1/3519 
f 3517/1/3517 3504/1/3504 3503/1/3503 
f 3503/1/3503 3519/1/3519 3517/1/3517 
f 3503/1/3503 3500/1/3500 3506/1/3506 
f 3506/1/3506 3519/1/3519 3503/1/3503 
f 3506/1/3506 3510/1/3510 3520/1/3520 
f 3520/1/3520 3519/1/3519 3506/1/3506 
f 3521/1/3521 3522/1/3522 3523/1/3523 
f 3523/1/3523 3524/1/3524 3521/1/3521 
f 3524/1/3524 3518/1/3518 3520/1/3520 
f 3520/1/3520 3521/1/3521 3524/1/3524 
f 3520/1/3520 3510/1/3510 3525/1/3525 
f 3525/1/3525 3521/1/3521 3520/1/3520 
f 3521/1/3521 3525/1/3525 3526/1/3526 
f 3526/1/3526 3522/1/3522 3521/1/3521 
f 3527/1/3527 3528/1/3528 3529/1/3529 
f 3529/1/3529 3530/1/3530 3527/1/3527 
f 3530/1/3530 3531/1/3531 3532/1/3532 
f 3532/1/3532 3527/1/3527 3530/1/3530 
f 3532/1/3532 3533/1/3533 3534/1/3534 
f 3534/1/3534 3527/1/3527 3532/1/3532 
f 3527/1/3527 3534/1/3534 3535/1/3535 
f 3535/1/3535 3528/1/3528 3527/1/3527 
f 3536/1/3536 3537/1/3537 3538/1/3538 
f 3538/1/3538 3539/1/3539 3536/1/3536 
f 3539/1/3539 3535/1/3535 3534/1/3534 
f 3534/1/3534 3536/1/3536 3539/1/3539 
f 3536/1/3536 3534/1/3534 3533/1/3533 
f 3533/1/3533 3540/1/3540 3536/1/3536 
f 3540/1/3540 3541/1/3541 3537/1/3537 
f 3537/1/3537 3536/1/3536 3540/1/3540 
f 3542/1/3542 3543/1/3543 3544/1/3544 
f 3544/1/3544 3545/1/3545 3542/1/3542 
f 3545/1/3545 3546/1/3546 3547/1/3547 
f 3547/1/3547 3542/1/3542 3545/1/3545 
f 3542/1/3542 3547/1/3547 3548/1/3548 
f 3548/1/3548 3549/1/3549 3542/1/3542 
f 3549/1/3549 3550/1/3550 3543/1/3543 
f 3543/1/3543 3542/1/3542 3549/1/3549 
f 3551/1/3551 3552/1/3552 3553/1/3553 
f 3553/1/3553 3554/1/3554 3551/1/3551 
f 3554/1/3554 3553/1/3553 3555/1/3555 
f 3555/1/3555 3556/1/3556 3554/1/3554 
f 3557/1/3557 3554/1/3554 3556/1/3556 
f 3556/1/3556 3558/1/3558 3557/1/3557 
f 3554/1/3554 3557/1/3557 3559/1/3559 
f 3559/1/3559 3551/1/3551 3554/1/3554 
f 3560/1/3560 3561/1/3561 3550/1/3550 
f 3550/1/3550 3549/1/3549 3560/1/3560 
f 3549/1/3549 3548/1/3548 3562/1/3562 
f 3562/1/3562 3560/1/3560 3549/1/3549 
f 3560/1/3560 3562/1/3562 3552/1/3552 
f 3552/1/3552 3551/1/3551 3560/1/3560 
f 3551/1/3551 3559/1/3559 3561/1/3561 
f 3561/1/3561 3560/1/3560 3551/1/3551 
f 3563/1/3563 3564/1/3564 3565/1/3565 
f 3565/1/3565 3566/1/3566 3563/1/3563 
f 3566/1/3566 3544/1/3544 3543/1/3543 
f 3543/1/3543 3563/1/3563 3566/1/3566 
f 3563/1/3563 3543/1/3543 3550/1/3550 
f 3550/1/3550 3567/1/3567 3563/1/3563 
f 3567/1/3567 3568/1/3568 3564/1/3564 
f 3564/1/3564 3563/1/3563 3567/1/3567 
f 3569/1/3569 3557/1/3557 3558/1/3558 
f 3558/1/3558 3570/1/3570 3569/1/3569 
f 3570/1/3570 3571/1/3571 3572/1/3572 
f 3572/1/3572 3569/1/3569 3570/1/3570 
f 3569/1/3569 3572/1/3572 3573/1/3573 
f 3573/1/3573 3574/1/3574 3569/1/3569 
f 3574/1/3574 3559/1/3559 3557/1/3557 
f 3557/1/3557 3569/1/3569 3574/1/3574 
f 3575/1/3575 3576/1/3576 3568/1/3568 
f 3568/1/3568 3567/1/3567 3575/1/3575 
f 3567/1/3567 3550/1/3550 3561/1/3561 
f 3561/1/3561 3575/1/3575 3567/1/3567 
f 3575/1/3575 3561/1/3561 3559/1/3559 
f 3559/1/3559 3574/1/3574 3575/1/3575 
f 3574/1/3574 3573/1/3573 3576/1/3576 
f 3576/1/3576 3575/1/3575 3574/1/3574 
f 3577/1/3577 3578/1/3578 3579/1/3579 
f 3579/1/3579 3580/1/3580 3577/1/3577 
f 3580/1/3580 3565/1/3565 3564/1/3564 
f 3564/1/3564 3577/1/3577 3580/1/3580 
f 3577/1/3577 3564/1/3564 3568/1/3568 
f 3568/1/3568 3581/1/3581 3577/1/3577 
f 3581/1/3581 3582/1/3582 3578/1/3578 
f 3578/1/3578 3577/1/3577 3581/1/3581 
f 3583/1/3583 3584/1/3584 3585/1/3585 
f 3585/1/3585 3531/1/3531 3530/1/3530 
f 3586/1/3586 3530/1/3530 3529/1/3529 
f 3587/1/3587 3588/1/3588 3583/1/3583 
f 3589/1/3589 3590/1/3590 3582/1/3582 
f 3582/1/3582 3581/1/3581 3589/1/3589 
f 3581/1/3581 3568/1/3568 3576/1/3576 
f 3576/1/3576 3589/1/3589 3581/1/3581 
f 3589/1/3589 3576/1/3576 3573/1/3573 
f 3573/1/3573 3591/1/3591 3589/1/3589 
f 3591/1/3591 3592/1/3592 3590/1/3590 
f 3593/1/3593 3592/1/3592 3591/1/3591 
f 3591/1/3591 3594/1/3594 3593/1/3593 
f 3591/1/3591 3573/1/3573 3572/1/3572 
f 3572/1/3572 3594/1/3594 3591/1/3591 
f 3594/1/3594 3572/1/3572 3571/1/3571 
f 3571/1/3571 3595/1/3595 3594/1/3594 
f 3594/1/3594 3595/1/3595 3596/1/3596 
f 3596/1/3596 3593/1/3593 3594/1/3594 
f 3570/1/3570 3558/1/3558 3597/1/3597 
f 3597/1/3597 3598/1/3598 3570/1/3570 
f 3597/1/3597 3599/1/3599 3600/1/3600 
f 3600/1/3600 3598/1/3598 3597/1/3597 
f 3598/1/3598 3600/1/3600 3601/1/3601 
f 3598/1/3598 3602/1/3602 3571/1/3571 
f 3571/1/3571 3570/1/3570 3598/1/3598 
f 3603/1/3603 3604/1/3604 3605/1/3605 
f 3606/1/3606 3596/1/3596 3595/1/3595 
f 3603/1/3603 3595/1/3595 3571/1/3571 
f 3602/1/3602 3601/1/3601 3604/1/3604 
f 3607/1/3607 3608/1/3608 3599/1/3599 
f 3599/1/3599 3597/1/3597 3607/1/3607 
f 3556/1/3556 3607/1/3607 3597/1/3597 
f 3597/1/3597 3558/1/3558 3556/1/3556 
f 3556/1/3556 3555/1/3555 3609/1/3609 
f 3609/1/3609 3607/1/3607 3556/1/3556 
f 3607/1/3607 3609/1/3609 3610/1/3610 
f 3610/1/3610 3608/1/3608 3607/1/3607 
f 3611/1/3611 3600/1/3600 3599/1/3599 
f 3608/1/3608 3610/1/3610 3612/1/3612 
f 3611/1/3611 3612/1/3612 3613/1/3613 
f 3613/1/3613 3614/1/3614 3611/1/3611 
f 3614/1/3614 3601/1/3601 3600/1/3600 
f 3615/1/3615 3616/1/3616 3617/1/3617 
f 3617/1/3617 3618/1/3618 3615/1/3615 
f 3618/1/3618 3605/1/3605 3604/1/3604 
f 3604/1/3604 3615/1/3615 3618/1/3618 
f 3615/1/3615 3604/1/3604 3601/1/3601 
f 3601/1/3601 3614/1/3614 3615/1/3615 
f 3614/1/3614 3613/1/3613 3616/1/3616 
f 3616/1/3616 3615/1/3615 3614/1/3614 
f 3619/1/3619 3620/1/3620 3579/1/3579 
f 3621/1/3621 3622/1/3622 3623/1/3623 
f 3619/1/3619 3623/1/3623 3538/1/3538 
f 3538/1/3538 3537/1/3537 3619/1/3619 
f 3537/1/3537 3541/1/3541 3620/1/3620 
f 3624/1/3624 3625/1/3625 3565/1/3565 
f 3565/1/3565 3580/1/3580 3624/1/3624 
f 3580/1/3580 3579/1/3579 3620/1/3620 
f 3624/1/3624 3620/1/3620 3541/1/3541 
f 3541/1/3541 3626/1/3626 3624/1/3624 
f 3626/1/3626 3627/1/3627 3625/1/3625 
f 3625/1/3625 3624/1/3624 3626/1/3626 
f 3628/1/3628 3629/1/3629 3630/1/3630 
f 3630/1/3630 3631/1/3631 3628/1/3628 
f 3631/1/3631 3630/1/3630 3533/1/3533 
f 3533/1/3533 3532/1/3532 3631/1/3631 
f 3631/1/3631 3532/1/3532 3531/1/3531 
f 3632/1/3632 3633/1/3633 3628/1/3628 
f 3628/1/3628 3631/1/3631 3632/1/3632 
f 3540/1/3540 3533/1/3533 3630/1/3630 
f 3630/1/3630 3634/1/3634 3540/1/3540 
f 3634/1/3634 3630/1/3630 3629/1/3629 
f 3635/1/3635 3636/1/3636 3637/1/3637 
f 3637/1/3637 3634/1/3634 3635/1/3635 
f 3634/1/3634 3637/1/3637 3541/1/3541 
f 3541/1/3541 3540/1/3540 3634/1/3634 
f 3638/1/3638 3637/1/3637 3636/1/3636 
f 3636/1/3636 3639/1/3639 3638/1/3638 
f 3638/1/3638 3639/1/3639 3627/1/3627 
f 3627/1/3627 3626/1/3626 3638/1/3638 
f 3626/1/3626 3541/1/3541 3637/1/3637 
f 3637/1/3637 3638/1/3638 3626/1/3626 
f 3640/1/3640 3641/1/3641 3544/1/3544 
f 3544/1/3544 3566/1/3566 3640/1/3640 
f 3566/1/3566 3565/1/3565 3625/1/3625 
f 3625/1/3625 3640/1/3640 3566/1/3566 
f 3640/1/3640 3625/1/3625 3627/1/3627 
f 3627/1/3627 3642/1/3642 3640/1/3640 
f 3642/1/3642 3643/1/3643 3641/1/3641 
f 3641/1/3641 3640/1/3640 3642/1/3642 
f 3644/1/3644 3645/1/3645 3646/1/3646 
f 3646/1/3646 3647/1/3647 3648/1/3648 
f 3649/1/3649 3648/1/3648 3650/1/3650 
f 3650/1/3650 3644/1/3644 3649/1/3649 
f 3651/1/3651 460/1/460 65/1/65 
f 65/1/65 3195/1/3195 3651/1/3651 
f 3195/1/3195 3193/1/3193 3652/1/3652 
f 3652/1/3652 3651/1/3651 3195/1/3195 
f 3651/1/3651 3652/1/3652 3653/1/3653 
f 3653/1/3653 3654/1/3654 3651/1/3651 
f 3654/1/3654 461/1/461 460/1/460 
f 460/1/460 3651/1/3651 3654/1/3654 
f 3655/1/3655 3652/1/3652 3193/1/3193 
f 3193/1/3193 3192/1/3192 3655/1/3655 
f 3192/1/3192 3169/1/3169 3656/1/3656 
f 3655/1/3655 3656/1/3656 3657/1/3657 
f 3657/1/3657 3658/1/3658 3655/1/3655 
f 3658/1/3658 3653/1/3653 3652/1/3652 
f 3652/1/3652 3655/1/3655 3658/1/3658 
f 3659/1/3659 3656/1/3656 3169/1/3169 
f 3169/1/3169 3168/1/3168 3659/1/3659 
f 3168/1/3168 3155/1/3155 3660/1/3660 
f 3660/1/3660 3659/1/3659 3168/1/3168 
f 3659/1/3659 3660/1/3660 3661/1/3661 
f 3661/1/3661 3662/1/3662 3659/1/3659 
f 3662/1/3662 3657/1/3657 3656/1/3656 
f 3656/1/3656 3659/1/3659 3662/1/3662 
f 3663/1/3663 3660/1/3660 3155/1/3155 
f 3155/1/3155 3154/1/3154 3663/1/3663 
f 3154/1/3154 3153/1/3153 3664/1/3664 
f 3664/1/3664 3663/1/3663 3154/1/3154 
f 3663/1/3663 3664/1/3664 3665/1/3665 
f 3665/1/3665 3666/1/3666 3663/1/3663 
f 3666/1/3666 3661/1/3661 3660/1/3660 
f 3660/1/3660 3663/1/3663 3666/1/3666 
f 3667/1/3667 3664/1/3664 3153/1/3153 
f 3153/1/3153 3336/1/3336 3667/1/3667 
f 3336/1/3336 3335/1/3335 3668/1/3668 
f 3668/1/3668 3667/1/3667 3336/1/3336 
f 3667/1/3667 3668/1/3668 3669/1/3669 
f 3669/1/3669 3670/1/3670 3667/1/3667 
f 3670/1/3670 3665/1/3665 3664/1/3664 
f 3664/1/3664 3667/1/3667 3670/1/3670 
f 3671/1/3671 3668/1/3668 3335/1/3335 
f 3481/1/3481 3484/1/3484 3672/1/3672 
f 3672/1/3672 3671/1/3671 3481/1/3481 
f 3671/1/3671 3672/1/3672 3673/1/3673 
f 3673/1/3673 3674/1/3674 3671/1/3671 
f 3674/1/3674 3669/1/3669 3668/1/3668 
f 3668/1/3668 3671/1/3671 3674/1/3674 
f 3675/1/3675 3672/1/3672 3484/1/3484 
f 3484/1/3484 3512/1/3512 3675/1/3675 
f 3512/1/3512 3514/1/3514 3676/1/3676 
f 3676/1/3676 3675/1/3675 3512/1/3512 
f 3675/1/3675 3676/1/3676 3677/1/3677 
f 3677/1/3677 3678/1/3678 3675/1/3675 
f 3678/1/3678 3673/1/3673 3672/1/3672 
f 3672/1/3672 3675/1/3675 3678/1/3678 
f 3679/1/3679 3676/1/3676 3514/1/3514 
f 3514/1/3514 3516/1/3516 3679/1/3679 
f 3516/1/3516 3518/1/3518 3524/1/3524 
f 3524/1/3524 3679/1/3679 3516/1/3516 
f 3524/1/3524 3523/1/3523 3680/1/3680 
f 3680/1/3680 3679/1/3679 3524/1/3524 
f 3680/1/3680 3677/1/3677 3676/1/3676 
f 3676/1/3676 3679/1/3679 3680/1/3680 
f 3681/1/3681 3682/1/3682 3683/1/3683 
f 3683/1/3683 3684/1/3684 3681/1/3681 
f 3684/1/3684 3683/1/3683 3673/1/3673 
f 3673/1/3673 3678/1/3678 3684/1/3684 
f 3678/1/3678 3677/1/3677 3685/1/3685 
f 3685/1/3685 3684/1/3684 3678/1/3678 
f 3685/1/3685 3686/1/3686 3681/1/3681 
f 3681/1/3681 3684/1/3684 3685/1/3685 
f 3687/1/3687 3688/1/3688 3689/1/3689 
f 3689/1/3689 3690/1/3690 3687/1/3687 
f 3690/1/3690 505/1/505 504/1/504 
f 504/1/504 3687/1/3687 3690/1/3690 
f 3687/1/3687 504/1/504 503/1/503 
f 503/1/503 3691/1/3691 3687/1/3687 
f 3691/1/3691 3692/1/3692 3688/1/3688 
f 3688/1/3688 3687/1/3687 3691/1/3691 
f 3693/1/3693 508/1/508 507/1/507 
f 507/1/507 3694/1/3694 3693/1/3693 
f 3694/1/3694 507/1/507 461/1/461 
f 461/1/461 3654/1/3654 3694/1/3694 
f 3654/1/3654 3653/1/3653 3695/1/3695 
f 3695/1/3695 3694/1/3694 3654/1/3654 
f 3694/1/3694 3695/1/3695 3696/1/3696 
f 3696/1/3696 3693/1/3693 3694/1/3694 
f 3697/1/3697 3698/1/3698 3699/1/3699 
f 3699/1/3699 3700/1/3700 3697/1/3697 
f 3700/1/3700 517/1/517 516/1/516 
f 516/1/516 3697/1/3697 3700/1/3700 
f 3697/1/3697 516/1/516 508/1/508 
f 508/1/508 3693/1/3693 3697/1/3697 
f 3693/1/3693 3696/1/3696 3698/1/3698 
f 3698/1/3698 3697/1/3697 3693/1/3693 
f 3701/1/3701 3702/1/3702 3703/1/3703 
f 3703/1/3703 3704/1/3704 3701/1/3701 
f 3704/1/3704 3696/1/3696 3695/1/3695 
f 3695/1/3695 3701/1/3701 3704/1/3704 
f 3701/1/3701 3695/1/3695 3653/1/3653 
f 3653/1/3653 3658/1/3658 3701/1/3701 
f 3658/1/3658 3657/1/3657 3702/1/3702 
f 3702/1/3702 3701/1/3701 3658/1/3658 
f 3705/1/3705 3706/1/3706 3707/1/3707 
f 3707/1/3707 3708/1/3708 3705/1/3705 
f 3708/1/3708 3699/1/3699 3698/1/3698 
f 3698/1/3698 3705/1/3705 3708/1/3708 
f 3705/1/3705 3698/1/3698 3696/1/3696 
f 3696/1/3696 3704/1/3704 3705/1/3705 
f 3704/1/3704 3703/1/3703 3706/1/3706 
f 3706/1/3706 3705/1/3705 3704/1/3704 
f 3709/1/3709 3710/1/3710 3711/1/3711 
f 3711/1/3711 3712/1/3712 3709/1/3709 
f 3712/1/3712 3703/1/3703 3702/1/3702 
f 3702/1/3702 3709/1/3709 3712/1/3712 
f 3709/1/3709 3702/1/3702 3657/1/3657 
f 3662/1/3662 3661/1/3661 3710/1/3710 
f 3710/1/3710 3709/1/3709 3662/1/3662 
f 3713/1/3713 3714/1/3714 3715/1/3715 
f 3715/1/3715 3716/1/3716 3713/1/3713 
f 3716/1/3716 3707/1/3707 3706/1/3706 
f 3706/1/3706 3713/1/3713 3716/1/3716 
f 3713/1/3713 3706/1/3706 3703/1/3703 
f 3703/1/3703 3712/1/3712 3713/1/3713 
f 3712/1/3712 3711/1/3711 3714/1/3714 
f 3714/1/3714 3713/1/3713 3712/1/3712 
f 3717/1/3717 3711/1/3711 3710/1/3710 
f 3718/1/3718 3710/1/3710 3661/1/3661 
f 3661/1/3661 3666/1/3666 3718/1/3718 
f 3666/1/3666 3665/1/3665 3719/1/3719 
f 3719/1/3719 3718/1/3718 3666/1/3666 
f 3718/1/3718 3719/1/3719 3720/1/3720 
f 3720/1/3720 3717/1/3717 3718/1/3718 
f 3721/1/3721 3722/1/3722 3723/1/3723 
f 3723/1/3723 3724/1/3724 3721/1/3721 
f 3724/1/3724 3720/1/3720 3719/1/3719 
f 3721/1/3721 3719/1/3719 3665/1/3665 
f 3665/1/3665 3670/1/3670 3721/1/3721 
f 3670/1/3670 3669/1/3669 3722/1/3722 
f 3722/1/3722 3721/1/3721 3670/1/3670 
f 3724/1/3724 3723/1/3723 3725/1/3725 
f 3725/1/3725 3726/1/3726 3724/1/3724 
f 3726/1/3726 3725/1/3725 3727/1/3727 
f 3727/1/3727 3728/1/3728 3726/1/3726 
f 3726/1/3726 3728/1/3728 3720/1/3720 
f 3720/1/3720 3724/1/3724 3726/1/3726 
f 3729/1/3729 3722/1/3722 3669/1/3669 
f 3669/1/3669 3674/1/3674 3729/1/3729 
f 3674/1/3674 3673/1/3673 3683/1/3683 
f 3683/1/3683 3729/1/3729 3674/1/3674 
f 3729/1/3729 3683/1/3683 3682/1/3682 
f 3682/1/3682 3730/1/3730 3729/1/3729 
f 3730/1/3730 3723/1/3723 3722/1/3722 
f 3722/1/3722 3729/1/3729 3730/1/3730 
f 3731/1/3731 3715/1/3715 3714/1/3714 
f 3714/1/3714 3732/1/3732 3731/1/3731 
f 3732/1/3732 3714/1/3714 3711/1/3711 
f 3711/1/3711 3717/1/3717 3732/1/3732 
f 3717/1/3717 3720/1/3720 3728/1/3728 
f 3728/1/3728 3732/1/3732 3717/1/3717 
f 3728/1/3728 3727/1/3727 3731/1/3731 
f 3731/1/3731 3732/1/3732 3728/1/3728 
f 3733/1/3733 3734/1/3734 3735/1/3735 
f 3736/1/3736 3715/1/3715 3731/1/3731 
f 3733/1/3733 3731/1/3731 3727/1/3727 
f 3737/1/3737 3738/1/3738 3734/1/3734 
f 3739/1/3739 3740/1/3740 3741/1/3741 
f 3741/1/3741 3742/1/3742 3739/1/3739 
f 3739/1/3739 3742/1/3742 3743/1/3743 
f 3743/1/3743 3744/1/3744 3739/1/3739 
f 3744/1/3744 3745/1/3745 3746/1/3746 
f 3746/1/3746 3584/1/3584 3740/1/3740 
f 3740/1/3740 3739/1/3739 3746/1/3746 
f 3747/1/3747 3748/1/3748 3633/1/3633 
f 3633/1/3633 3632/1/3632 3747/1/3747 
f 3632/1/3632 3531/1/3531 3585/1/3585 
f 3585/1/3585 3747/1/3747 3632/1/3632 
f 3747/1/3747 3585/1/3585 3584/1/3584 
f 3746/1/3746 3745/1/3745 3748/1/3748 
f 3749/1/3749 3725/1/3725 3723/1/3723 
f 3723/1/3723 3730/1/3730 3749/1/3749 
f 3730/1/3730 3682/1/3682 3750/1/3750 
f 3749/1/3749 3750/1/3750 3738/1/3738 
f 3738/1/3738 3737/1/3737 3749/1/3749 
f 3737/1/3737 3727/1/3727 3725/1/3725 
f 3725/1/3725 3749/1/3749 3737/1/3737 
f 3751/1/3751 3752/1/3752 3753/1/3753 
f 3754/1/3754 3753/1/3753 3745/1/3745 
f 3745/1/3745 3744/1/3744 3754/1/3754 
f 3744/1/3744 3743/1/3743 3755/1/3755 
f 3755/1/3755 3754/1/3754 3744/1/3744 
f 3754/1/3754 3755/1/3755 3756/1/3756 
f 3751/1/3751 3756/1/3756 3757/1/3757 
f 3757/1/3757 3735/1/3735 3734/1/3734 
f 3734/1/3734 3738/1/3738 3758/1/3758 
f 3759/1/3759 3758/1/3758 3752/1/3752 
f 3760/1/3760 3761/1/3761 3762/1/3762 
f 3762/1/3762 3763/1/3763 3760/1/3760 
f 3760/1/3760 3763/1/3763 3764/1/3764 
f 3764/1/3764 3765/1/3765 3760/1/3760 
f 3765/1/3765 3633/1/3633 3748/1/3748 
f 3748/1/3748 3760/1/3760 3765/1/3765 
f 3760/1/3760 3748/1/3748 3745/1/3745 
f 3745/1/3745 3761/1/3761 3760/1/3760 
f 3766/1/3766 3767/1/3767 3768/1/3768 
f 3768/1/3768 3769/1/3769 3766/1/3766 
f 3769/1/3769 3738/1/3738 3750/1/3750 
f 3750/1/3750 3766/1/3766 3769/1/3769 
f 3766/1/3766 3750/1/3750 3682/1/3682 
f 3682/1/3682 3681/1/3681 3766/1/3766 
f 3681/1/3681 3686/1/3686 3767/1/3767 
f 3767/1/3767 3766/1/3766 3681/1/3681 
f 3770/1/3770 3752/1/3752 3758/1/3758 
f 3771/1/3771 3758/1/3758 3738/1/3738 
f 3738/1/3738 3769/1/3769 3771/1/3771 
f 3769/1/3769 3768/1/3768 3772/1/3772 
f 3772/1/3772 3771/1/3771 3769/1/3769 
f 3771/1/3771 3772/1/3772 3773/1/3773 
f 3773/1/3773 3770/1/3770 3771/1/3771 
f 3774/1/3774 3775/1/3775 3762/1/3762 
f 3761/1/3761 3745/1/3745 3753/1/3753 
f 3753/1/3753 3774/1/3774 3761/1/3761 
f 3774/1/3774 3753/1/3753 3752/1/3752 
f 3770/1/3770 3773/1/3773 3775/1/3775 
f 3775/1/3775 3774/1/3774 3770/1/3770 
f 3776/1/3776 3767/1/3767 3686/1/3686 
f 3777/1/3777 3778/1/3778 3779/1/3779 
f 3779/1/3779 3776/1/3776 3777/1/3777 
f 3776/1/3776 3779/1/3779 3768/1/3768 
f 3768/1/3768 3767/1/3767 3776/1/3776 
f 3780/1/3780 3777/1/3777 3686/1/3686 
f 3686/1/3686 3685/1/3685 3780/1/3780 
f 3685/1/3685 3677/1/3677 3680/1/3680 
f 3680/1/3680 3780/1/3780 3685/1/3685 
f 3780/1/3780 3680/1/3680 3523/1/3523 
f 3781/1/3781 3778/1/3778 3777/1/3777 
f 3777/1/3777 3780/1/3780 3781/1/3781 
f 3782/1/3782 3783/1/3783 3778/1/3778 
f 3781/1/3781 3523/1/3523 3522/1/3522 
f 3522/1/3522 3782/1/3782 3781/1/3781 
f 3782/1/3782 3522/1/3522 3526/1/3526 
f 3526/1/3526 3784/1/3784 3782/1/3782 
f 3784/1/3784 3785/1/3785 3783/1/3783 
f 3783/1/3783 3782/1/3782 3784/1/3784 
f 3786/1/3786 3772/1/3772 3768/1/3768 
f 3779/1/3779 3778/1/3778 3787/1/3787 
f 3786/1/3786 3787/1/3787 3788/1/3788 
f 3788/1/3788 3789/1/3789 3786/1/3786 
f 3789/1/3789 3773/1/3773 3772/1/3772 
f 3772/1/3772 3786/1/3786 3789/1/3789 
f 3790/1/3790 3791/1/3791 3792/1/3792 
f 3792/1/3792 3793/1/3793 3790/1/3790 
f 3793/1/3793 3762/1/3762 3775/1/3775 
f 3790/1/3790 3775/1/3775 3773/1/3773 
f 3773/1/3773 3789/1/3789 3790/1/3790 
f 3789/1/3789 3788/1/3788 3791/1/3791 
f 3791/1/3791 3790/1/3790 3789/1/3789 
f 3794/1/3794 3795/1/3795 3796/1/3796 
f 3796/1/3796 3797/1/3797 3794/1/3794 
f 3797/1/3797 3788/1/3788 3787/1/3787 
f 3794/1/3794 3787/1/3787 3778/1/3778 
f 3778/1/3778 3798/1/3798 3794/1/3794 
f 3798/1/3798 3799/1/3799 3795/1/3795 
f 3800/1/3800 3801/1/3801 3799/1/3799 
f 3798/1/3798 3778/1/3778 3783/1/3783 
f 3800/1/3800 3783/1/3783 3785/1/3785 
f 3785/1/3785 3802/1/3802 3800/1/3800 
f 3802/1/3802 3803/1/3803 3801/1/3801 
f 3801/1/3801 3800/1/3800 3802/1/3802 
f 3804/1/3804 3628/1/3628 3633/1/3633 
f 3633/1/3633 3765/1/3765 3804/1/3804 
f 3765/1/3765 3764/1/3764 3805/1/3805 
f 3805/1/3805 3804/1/3804 3765/1/3765 
f 3804/1/3804 3805/1/3805 3806/1/3806 
f 3806/1/3806 3807/1/3807 3804/1/3804 
f 3807/1/3807 3629/1/3629 3628/1/3628 
f 3628/1/3628 3804/1/3804 3807/1/3807 
f 3808/1/3808 3809/1/3809 3643/1/3643 
f 3643/1/3643 3642/1/3642 3808/1/3808 
f 3642/1/3642 3627/1/3627 3639/1/3639 
f 3639/1/3639 3808/1/3808 3642/1/3642 
f 3639/1/3639 3636/1/3636 3810/1/3810 
f 3810/1/3810 3808/1/3808 3639/1/3639 
f 3808/1/3808 3810/1/3810 3811/1/3811 
f 3811/1/3811 3809/1/3809 3808/1/3808 
f 3812/1/3812 3811/1/3811 3810/1/3810 
f 3810/1/3810 3813/1/3813 3812/1/3812 
f 3813/1/3813 3810/1/3810 3636/1/3636 
f 3813/1/3813 3635/1/3635 3629/1/3629 
f 3812/1/3812 3813/1/3813 3807/1/3807 
f 3807/1/3807 3806/1/3806 3812/1/3812 
f 3814/1/3814 3815/1/3815 3816/1/3816 
f 3816/1/3816 3817/1/3817 3814/1/3814 
f 3817/1/3817 3799/1/3799 3801/1/3801 
f 3801/1/3801 3814/1/3814 3817/1/3817 
f 3814/1/3814 3801/1/3801 3803/1/3803 
f 3803/1/3803 3818/1/3818 3814/1/3814 
f 3818/1/3818 3645/1/3645 3815/1/3815 
f 3819/1/3819 3820/1/3820 3816/1/3816 
f 3819/1/3819 3815/1/3815 3645/1/3645 
f 3644/1/3644 3650/1/3650 3821/1/3821 
f 3821/1/3821 3822/1/3822 3820/1/3820 
f 3823/1/3823 3824/1/3824 3546/1/3546 
f 3546/1/3546 3545/1/3545 3823/1/3823 
f 3545/1/3545 3544/1/3544 3641/1/3641 
f 3641/1/3641 3823/1/3823 3545/1/3545 
f 3823/1/3823 3641/1/3641 3643/1/3643 
f 3643/1/3643 3825/1/3825 3823/1/3823 
f 3825/1/3825 3822/1/3822 3824/1/3824 
f 3824/1/3824 3823/1/3823 3825/1/3825 
f 3826/1/3826 3825/1/3825 3643/1/3643 
f 3643/1/3643 3809/1/3809 3826/1/3826 
f 3809/1/3809 3811/1/3811 3827/1/3827 
f 3826/1/3826 3827/1/3827 3828/1/3828 
f 3828/1/3828 3829/1/3829 3826/1/3826 
f 3829/1/3829 3822/1/3822 3825/1/3825 
f 3825/1/3825 3826/1/3826 3829/1/3829 
f 3830/1/3830 3820/1/3820 3822/1/3822 
f 3822/1/3822 3829/1/3829 3830/1/3830 
f 3829/1/3829 3828/1/3828 3831/1/3831 
f 3831/1/3831 3830/1/3830 3829/1/3829 
f 3820/1/3820 3830/1/3830 3831/1/3831 
f 3831/1/3831 3816/1/3816 3820/1/3820 
f 3832/1/3832 3764/1/3764 3763/1/3763 
f 3763/1/3763 3833/1/3833 3832/1/3832 
f 3833/1/3833 3763/1/3763 3762/1/3762 
f 3833/1/3833 3793/1/3793 3792/1/3792 
f 3834/1/3834 3835/1/3835 3832/1/3832 
f 3832/1/3832 3833/1/3833 3834/1/3834 
f 3836/1/3836 3837/1/3837 3799/1/3799 
f 3799/1/3799 3817/1/3817 3836/1/3836 
f 3817/1/3817 3816/1/3816 3831/1/3831 
f 3831/1/3831 3836/1/3836 3817/1/3817 
f 3836/1/3836 3831/1/3831 3828/1/3828 
f 3828/1/3828 3838/1/3838 3836/1/3836 
f 3838/1/3838 3839/1/3839 3837/1/3837 
f 3837/1/3837 3836/1/3836 3838/1/3838 
f 3840/1/3840 3841/1/3841 3796/1/3796 
f 3796/1/3796 3795/1/3795 3840/1/3840 
f 3795/1/3795 3799/1/3799 3837/1/3837 
f 3837/1/3837 3840/1/3840 3795/1/3795 
f 3840/1/3840 3837/1/3837 3839/1/3839 
f 3839/1/3839 3842/1/3842 3840/1/3840 
f 3842/1/3842 3835/1/3835 3841/1/3841 
f 3841/1/3841 3840/1/3840 3842/1/3842 
f 3843/1/3843 3841/1/3841 3835/1/3835 
f 3834/1/3834 3792/1/3792 3791/1/3791 
f 3791/1/3791 3843/1/3843 3834/1/3834 
f 3843/1/3843 3791/1/3791 3788/1/3788 
f 3788/1/3788 3797/1/3797 3843/1/3843 
f 3797/1/3797 3796/1/3796 3841/1/3841 
f 3841/1/3841 3843/1/3843 3797/1/3797 
f 3842/1/3842 3839/1/3839 3844/1/3844 
f 3844/1/3844 3845/1/3845 3842/1/3842 
f 3806/1/3806 3805/1/3805 3845/1/3845 
f 3845/1/3845 3844/1/3844 3806/1/3806 
f 3845/1/3845 3805/1/3805 3764/1/3764 
f 3764/1/3764 3832/1/3832 3845/1/3845 
f 3845/1/3845 3832/1/3832 3835/1/3835 
f 3835/1/3835 3842/1/3842 3845/1/3845 
f 3846/1/3846 3827/1/3827 3811/1/3811 
f 3811/1/3811 3812/1/3812 3846/1/3846 
f 3812/1/3812 3806/1/3806 3844/1/3844 
f 3844/1/3844 3846/1/3846 3812/1/3812 
f 3846/1/3846 3844/1/3844 3839/1/3839 
f 3839/1/3839 3838/1/3838 3846/1/3846 
f 3838/1/3838 3828/1/3828 3827/1/3827 
f 3827/1/3827 3846/1/3846 3838/1/3838 
f 3847/1/3847 3848/1/3848 3849/1/3849 
f 3849/1/3849 3850/1/3850 3847/1/3847 
f 3849/1/3849 3650/1/3650 3851/1/3851 
f 3851/1/3851 3850/1/3850 3849/1/3849 
f 3851/1/3851 3852/1/3852 3853/1/3853 
f 3853/1/3853 3850/1/3850 3851/1/3851 
f 3853/1/3853 3854/1/3854 3847/1/3847 
f 3847/1/3847 3850/1/3850 3853/1/3853 
f 3855/1/3855 3849/1/3849 3848/1/3848 
f 3848/1/3848 3856/1/3856 3855/1/3855 
f 3856/1/3856 3822/1/3822 3821/1/3821 
f 3821/1/3821 3855/1/3855 3856/1/3856 
f 3855/1/3855 3821/1/3821 3650/1/3650 
f 3650/1/3650 3849/1/3849 3855/1/3855 
f 3857/1/3857 3858/1/3858 686/1/686 
f 686/1/686 685/1/685 3857/1/3857 
f 685/1/685 692/1/692 3859/1/3859 
f 3859/1/3859 3857/1/3857 685/1/685 
f 3857/1/3857 3859/1/3859 3860/1/3860 
f 3860/1/3860 3861/1/3861 3857/1/3857 
f 3861/1/3861 3862/1/3862 3858/1/3858 
f 3858/1/3858 3857/1/3857 3861/1/3861 
f 3863/1/3863 3861/1/3861 3860/1/3860 
f 3864/1/3864 3865/1/3865 3866/1/3866 
f 3866/1/3866 3863/1/3863 3864/1/3864 
f 3863/1/3863 3866/1/3866 3867/1/3867 
f 3867/1/3867 3868/1/3868 3863/1/3863 
f 3868/1/3868 3862/1/3862 3861/1/3861 
f 3861/1/3861 3863/1/3863 3868/1/3868 
f 700/1/700 3869/1/3869 3870/1/3870 
f 3870/1/3870 701/1/701 700/1/700 
f 700/1/700 686/1/686 3858/1/3858 
f 3858/1/3858 3869/1/3869 700/1/700 
f 3869/1/3869 3858/1/3858 3862/1/3862 
f 3862/1/3862 3871/1/3871 3869/1/3869 
f 3869/1/3869 3871/1/3871 3872/1/3872 
f 3873/1/3873 3871/1/3871 3862/1/3862 
f 3862/1/3862 3868/1/3868 3873/1/3873 
f 3868/1/3868 3867/1/3867 3874/1/3874 
f 3874/1/3874 3873/1/3873 3868/1/3868 
f 3873/1/3873 3874/1/3874 3875/1/3875 
f 3875/1/3875 3876/1/3876 3873/1/3873 
f 3876/1/3876 3872/1/3872 3871/1/3871 
f 3871/1/3871 3873/1/3873 3876/1/3876 
f 3877/1/3877 3878/1/3878 3879/1/3879 
f 3879/1/3879 3880/1/3880 3877/1/3877 
f 3880/1/3880 3879/1/3879 3875/1/3875 
f 3881/1/3881 3882/1/3882 3872/1/3872 
f 3872/1/3872 3876/1/3876 3881/1/3881 
f 3876/1/3876 3875/1/3875 3879/1/3879 
f 3879/1/3879 3881/1/3881 3876/1/3876 
f 3881/1/3881 3879/1/3879 3878/1/3878 
f 3878/1/3878 3883/1/3883 3881/1/3881 
f 3883/1/3883 3884/1/3884 3882/1/3882 
f 3882/1/3882 3881/1/3881 3883/1/3883 
f 3885/1/3885 3824/1/3824 3822/1/3822 
f 3822/1/3822 3856/1/3856 3885/1/3885 
f 3856/1/3856 3848/1/3848 3886/1/3886 
f 3886/1/3886 3885/1/3885 3856/1/3856 
f 3885/1/3885 3886/1/3886 3887/1/3887 
f 3887/1/3887 3888/1/3888 3885/1/3885 
f 3888/1/3888 3546/1/3546 3824/1/3824 
f 3824/1/3824 3885/1/3885 3888/1/3888 
f 3889/1/3889 3890/1/3890 3848/1/3848 
f 3848/1/3848 3847/1/3847 3889/1/3889 
f 3847/1/3847 3854/1/3854 3891/1/3891 
f 3891/1/3891 3889/1/3889 3847/1/3847 
f 3889/1/3889 3891/1/3891 3892/1/3892 
f 3892/1/3892 3893/1/3893 3889/1/3889 
f 3893/1/3893 3894/1/3894 3890/1/3890 
f 3890/1/3890 3889/1/3889 3893/1/3893 
f 3895/1/3895 3896/1/3896 3894/1/3894 
f 3894/1/3894 3893/1/3893 3895/1/3895 
f 3893/1/3893 3892/1/3892 3897/1/3897 
f 3897/1/3897 3895/1/3895 3893/1/3893 
f 3895/1/3895 3897/1/3897 3898/1/3898 
f 3898/1/3898 3899/1/3899 3895/1/3895 
f 3899/1/3899 3900/1/3900 3896/1/3896 
f 3896/1/3896 3895/1/3895 3899/1/3899 
f 3901/1/3901 3902/1/3902 3903/1/3903 
f 3904/1/3904 3905/1/3905 3906/1/3906 
f 3906/1/3906 3901/1/3901 3904/1/3904 
f 3901/1/3901 3906/1/3906 3865/1/3865 
f 3864/1/3864 3860/1/3860 3902/1/3902 
f 3907/1/3907 3902/1/3902 3860/1/3860 
f 3860/1/3860 3859/1/3859 3907/1/3907 
f 3859/1/3859 692/1/692 749/1/749 
f 749/1/749 3907/1/3907 3859/1/3859 
f 3907/1/3907 749/1/749 748/1/748 
f 748/1/748 3908/1/3908 3907/1/3907 
f 3908/1/3908 3903/1/3903 3902/1/3902 
f 3902/1/3902 3907/1/3907 3908/1/3908 
f 3909/1/3909 3910/1/3910 3548/1/3548 
f 3548/1/3548 3547/1/3547 3909/1/3909 
f 3909/1/3909 3547/1/3547 3546/1/3546 
f 3546/1/3546 3888/1/3888 3909/1/3909 
f 3909/1/3909 3888/1/3888 3887/1/3887 
f 3887/1/3887 3911/1/3911 3909/1/3909 
f 3911/1/3911 3912/1/3912 3910/1/3910 
f 3910/1/3910 3909/1/3909 3911/1/3911 
f 3913/1/3913 3914/1/3914 3887/1/3887 
f 3887/1/3887 3886/1/3886 3913/1/3913 
f 3886/1/3886 3848/1/3848 3890/1/3890 
f 3890/1/3890 3913/1/3913 3886/1/3886 
f 3913/1/3913 3890/1/3890 3894/1/3894 
f 3894/1/3894 3915/1/3915 3913/1/3913 
f 3915/1/3915 3916/1/3916 3914/1/3914 
f 3914/1/3914 3913/1/3913 3915/1/3915 
f 3917/1/3917 3918/1/3918 3916/1/3916 
f 3916/1/3916 3915/1/3915 3917/1/3917 
f 3915/1/3915 3894/1/3894 3896/1/3896 
f 3896/1/3896 3917/1/3917 3915/1/3915 
f 3917/1/3917 3896/1/3896 3900/1/3900 
f 3900/1/3900 3919/1/3919 3917/1/3917 
f 3919/1/3919 3920/1/3920 3918/1/3918 
f 3918/1/3918 3917/1/3917 3919/1/3919 
f 3921/1/3921 3922/1/3922 3920/1/3920 
f 3920/1/3920 3919/1/3919 3921/1/3921 
f 3919/1/3919 3900/1/3900 3923/1/3923 
f 3923/1/3923 3921/1/3921 3919/1/3919 
f 3921/1/3921 3923/1/3923 3924/1/3924 
f 3924/1/3924 3925/1/3925 3921/1/3921 
f 3925/1/3925 3926/1/3926 3922/1/3922 
f 3922/1/3922 3921/1/3921 3925/1/3925 
f 3927/1/3927 3928/1/3928 3929/1/3929 
f 3929/1/3929 3930/1/3930 3927/1/3927 
f 3930/1/3930 3926/1/3926 3925/1/3925 
f 3925/1/3925 3927/1/3927 3930/1/3930 
f 3927/1/3927 3925/1/3925 3924/1/3924 
f 3924/1/3924 3931/1/3931 3927/1/3927 
f 3931/1/3931 3932/1/3932 3928/1/3928 
f 3928/1/3928 3927/1/3927 3931/1/3931 
f 3933/1/3933 3934/1/3934 3935/1/3935 
f 3935/1/3935 3936/1/3936 3933/1/3933 
f 3936/1/3936 3929/1/3929 3928/1/3928 
f 3933/1/3933 3928/1/3928 3932/1/3932 
f 3932/1/3932 3937/1/3937 3933/1/3933 
f 3937/1/3937 3905/1/3905 3934/1/3934 
f 3934/1/3934 3933/1/3933 3937/1/3937 
f 3938/1/3938 3935/1/3935 3934/1/3934 
f 3934/1/3934 3939/1/3939 3938/1/3938 
f 3939/1/3939 3934/1/3934 3905/1/3905 
f 3905/1/3905 3904/1/3904 3939/1/3939 
f 3939/1/3939 3904/1/3904 3903/1/3903 
f 3903/1/3903 3940/1/3940 3939/1/3939 
f 3940/1/3940 3941/1/3941 3938/1/3938 
f 3942/1/3942 3943/1/3943 3941/1/3941 
f 3941/1/3941 3940/1/3940 3942/1/3942 
f 3940/1/3940 3903/1/3903 3908/1/3908 
f 3908/1/3908 3942/1/3942 3940/1/3940 
f 3908/1/3908 748/1/748 781/1/781 
f 781/1/781 3942/1/3942 3908/1/3908 
f 781/1/781 780/1/780 3943/1/3943 
f 3943/1/3943 3942/1/3942 781/1/781 
f 3944/1/3944 3945/1/3945 3946/1/3946 
f 3946/1/3946 3947/1/3947 3944/1/3944 
f 3947/1/3947 3948/1/3948 3949/1/3949 
f 3949/1/3949 3944/1/3944 3947/1/3947 
f 3944/1/3944 3949/1/3949 3950/1/3950 
f 3950/1/3950 3951/1/3951 3944/1/3944 
f 3951/1/3951 3952/1/3952 3945/1/3945 
f 3945/1/3945 3944/1/3944 3951/1/3951 
f 3953/1/3953 3954/1/3954 3955/1/3955 
f 3955/1/3955 3956/1/3956 3953/1/3953 
f 3956/1/3956 3957/1/3957 3958/1/3958 
f 3958/1/3958 3953/1/3953 3956/1/3956 
f 3953/1/3953 3958/1/3958 3959/1/3959 
f 3959/1/3959 3960/1/3960 3953/1/3953 
f 3960/1/3960 3961/1/3961 3954/1/3954 
f 3954/1/3954 3953/1/3953 3960/1/3960 
f 3962/1/3962 3963/1/3963 801/1/801 
f 801/1/801 800/1/800 3962/1/3962 
f 800/1/800 805/1/805 3964/1/3964 
f 3964/1/3964 3962/1/3962 800/1/800 
f 3962/1/3962 3964/1/3964 3948/1/3948 
f 3948/1/3948 3947/1/3947 3962/1/3962 
f 3947/1/3947 3946/1/3946 3963/1/3963 
f 3963/1/3963 3962/1/3962 3947/1/3947 
f 3965/1/3965 3966/1/3966 807/1/807 
f 807/1/807 806/1/806 3965/1/3965 
f 806/1/806 811/1/811 3967/1/3967 
f 3967/1/3967 3965/1/3965 806/1/806 
f 3965/1/3965 3967/1/3967 3957/1/3957 
f 3957/1/3957 3956/1/3956 3965/1/3965 
f 3956/1/3956 3955/1/3955 3966/1/3966 
f 3966/1/3966 3965/1/3965 3956/1/3956 
f 3968/1/3968 3969/1/3969 3970/1/3970 
f 3970/1/3970 3971/1/3971 3968/1/3968 
f 3970/1/3970 3972/1/3972 3973/1/3973 
f 3973/1/3973 3971/1/3971 3970/1/3970 
f 3971/1/3971 3973/1/3973 3974/1/3974 
f 3974/1/3974 3975/1/3975 3971/1/3971 
f 3971/1/3971 3975/1/3975 3959/1/3959 
f 3959/1/3959 3968/1/3968 3971/1/3971 
f 3976/1/3976 3977/1/3977 3978/1/3978 
f 3978/1/3978 3961/1/3961 3976/1/3976 
f 3976/1/3976 3979/1/3979 3980/1/3980 
f 3980/1/3980 3977/1/3977 3976/1/3976 
f 3977/1/3977 3980/1/3980 3981/1/3981 
f 3981/1/3981 3982/1/3982 3977/1/3977 
f 3977/1/3977 3982/1/3982 3950/1/3950 
f 3950/1/3950 3978/1/3978 3977/1/3977 
f 3983/1/3983 3984/1/3984 3985/1/3985 
f 3985/1/3985 3986/1/3986 3983/1/3983 
f 3986/1/3986 3979/1/3979 3987/1/3987 
f 3987/1/3987 3983/1/3983 3986/1/3986 
f 3983/1/3983 3987/1/3987 3974/1/3974 
f 3974/1/3974 3988/1/3988 3983/1/3983 
f 3988/1/3988 3989/1/3989 3984/1/3984 
f 3984/1/3984 3983/1/3983 3988/1/3988 
f 3990/1/3990 836/1/836 835/1/835 
f 835/1/835 3991/1/3991 3990/1/3990 
f 3991/1/3991 3992/1/3992 3993/1/3993 
f 3993/1/3993 3990/1/3990 3991/1/3991 
f 3990/1/3990 3993/1/3993 3994/1/3994 
f 3994/1/3994 3995/1/3995 3990/1/3990 
f 3995/1/3995 838/1/838 836/1/836 
f 836/1/836 3990/1/3990 3995/1/3995 
f 3996/1/3996 3997/1/3997 3998/1/3998 
f 3998/1/3998 3999/1/3999 3996/1/3996 
f 3999/1/3999 4000/1/4000 4001/1/4001 
f 4001/1/4001 3996/1/3996 3999/1/3999 
f 3996/1/3996 4001/1/4001 3994/1/3994 
f 3994/1/3994 4002/1/4002 3996/1/3996 
f 4002/1/4002 3989/1/3989 3997/1/3997 
f 3997/1/3997 3996/1/3996 4002/1/4002 
f 4003/1/4003 4004/1/4004 4005/1/4005 
f 4005/1/4005 4006/1/4006 4003/1/4003 
f 4006/1/4006 4007/1/4007 4008/1/4008 
f 4008/1/4008 4003/1/4003 4006/1/4006 
f 4003/1/4003 4008/1/4008 3981/1/3981 
f 3981/1/3981 4009/1/4009 4003/1/4003 
f 4009/1/4009 4010/1/4010 4004/1/4004 
f 4004/1/4004 4003/1/4003 4009/1/4009 
f 4011/1/4011 863/1/863 862/1/862 
f 862/1/862 4012/1/4012 4011/1/4011 
f 4012/1/4012 4013/1/4013 4014/1/4014 
f 4014/1/4014 4011/1/4011 4012/1/4012 
f 4011/1/4011 4014/1/4014 3992/1/3992 
f 3992/1/3992 3991/1/3991 4011/1/4011 
f 3991/1/3991 835/1/835 863/1/863 
f 863/1/863 4011/1/4011 3991/1/3991 
f 4015/1/4015 4016/1/4016 3985/1/3985 
f 3985/1/3985 4017/1/4017 4015/1/4015 
f 4017/1/4017 3992/1/3992 4014/1/4014 
f 4014/1/4014 4015/1/4015 4017/1/4017 
f 4015/1/4015 4014/1/4014 4013/1/4013 
f 4013/1/4013 4018/1/4018 4015/1/4015 
f 4018/1/4018 4010/1/4010 4016/1/4016 
f 4016/1/4016 4015/1/4015 4018/1/4018 
f 4019/1/4019 4020/1/4020 4021/1/4021 
f 4021/1/4021 4022/1/4022 4019/1/4019 
f 4022/1/4022 4023/1/4023 4024/1/4024 
f 4024/1/4024 4019/1/4019 4022/1/4022 
f 4019/1/4019 4024/1/4024 4025/1/4025 
f 4025/1/4025 4026/1/4026 4019/1/4019 
f 4026/1/4026 4027/1/4027 4020/1/4020 
f 4020/1/4020 4019/1/4019 4026/1/4026 
f 4028/1/4028 4029/1/4029 4030/1/4030 
f 4030/1/4030 4031/1/4031 4028/1/4028 
f 4028/1/4028 4031/1/4031 3929/1/3929 
f 3929/1/3929 3936/1/3936 4028/1/4028 
f 4028/1/4028 3936/1/3936 3935/1/3935 
f 3935/1/3935 4032/1/4032 4028/1/4028 
f 4032/1/4032 4033/1/4033 4029/1/4029 
f 4029/1/4029 4028/1/4028 4032/1/4032 
f 4034/1/4034 4035/1/4035 4033/1/4033 
f 4033/1/4033 4032/1/4032 4034/1/4034 
f 4032/1/4032 3935/1/3935 3938/1/3938 
f 3938/1/3938 4034/1/4034 4032/1/4032 
f 4034/1/4034 3938/1/3938 3941/1/3941 
f 3941/1/3941 4036/1/4036 4034/1/4034 
f 4036/1/4036 4037/1/4037 4035/1/4035 
f 4035/1/4035 4034/1/4034 4036/1/4036 
f 4038/1/4038 4039/1/4039 4040/1/4040 
f 4040/1/4040 4041/1/4041 4038/1/4038 
f 4041/1/4041 4042/1/4042 4043/1/4043 
f 4043/1/4043 4038/1/4038 4041/1/4041 
f 4038/1/4038 4043/1/4043 4025/1/4025 
f 4025/1/4025 4024/1/4024 4038/1/4038 
f 4024/1/4024 4023/1/4023 4039/1/4039 
f 4039/1/4039 4038/1/4038 4024/1/4024 
f 4044/1/4044 4045/1/4045 4037/1/4037 
f 4037/1/4037 4036/1/4036 4044/1/4044 
f 4036/1/4036 3941/1/3941 3943/1/3943 
f 3943/1/3943 4044/1/4044 4036/1/4036 
f 4044/1/4044 3943/1/3943 780/1/780 
f 780/1/780 896/1/896 4044/1/4044 
f 896/1/896 895/1/895 4045/1/4045 
f 4045/1/4045 4044/1/4044 896/1/896 
f 4046/1/4046 4047/1/4047 899/1/899 
f 899/1/899 898/1/898 4046/1/4046 
f 898/1/898 902/1/902 4048/1/4048 
f 4048/1/4048 4046/1/4046 898/1/898 
f 4046/1/4046 4048/1/4048 4042/1/4042 
f 4042/1/4042 4041/1/4041 4046/1/4046 
f 4041/1/4041 4040/1/4040 4047/1/4047 
f 4047/1/4047 4046/1/4046 4041/1/4041 
f 4049/1/4049 4050/1/4050 3926/1/3926 
f 3926/1/3926 3930/1/3930 4049/1/4049 
f 3930/1/3930 3929/1/3929 4031/1/4031 
f 4031/1/4031 4049/1/4049 3930/1/3930 
f 4031/1/4031 4030/1/4030 4051/1/4051 
f 4051/1/4051 4049/1/4049 4031/1/4031 
f 4049/1/4049 4051/1/4051 4052/1/4052 
f 4052/1/4052 4050/1/4050 4049/1/4049 
f 4053/1/4053 3552/1/3552 3562/1/3562 
f 3562/1/3562 4054/1/4054 4053/1/4053 
f 4054/1/4054 3562/1/3562 3548/1/3548 
f 3548/1/3548 3910/1/3910 4054/1/4054 
f 4054/1/4054 3910/1/3910 3912/1/3912 
f 3912/1/3912 4055/1/4055 4054/1/4054 
f 4055/1/4055 4056/1/4056 4053/1/4053 
f 4053/1/4053 4054/1/4054 4055/1/4055 
f 4057/1/4057 4058/1/4058 3912/1/3912 
f 3912/1/3912 3911/1/3911 4057/1/4057 
f 3911/1/3911 3887/1/3887 3914/1/3914 
f 3914/1/3914 4057/1/4057 3911/1/3911 
f 4057/1/4057 3914/1/3914 3916/1/3916 
f 3916/1/3916 4059/1/4059 4057/1/4057 
f 4059/1/4059 4060/1/4060 4058/1/4058 
f 4058/1/4058 4057/1/4057 4059/1/4059 
f 4061/1/4061 4062/1/4062 4060/1/4060 
f 4060/1/4060 4059/1/4059 4061/1/4061 
f 4059/1/4059 3916/1/3916 3918/1/3918 
f 3918/1/3918 4061/1/4061 4059/1/4059 
f 4061/1/4061 3918/1/3918 3920/1/3920 
f 3920/1/3920 4063/1/4063 4061/1/4061 
f 4063/1/4063 4064/1/4064 4062/1/4062 
f 4062/1/4062 4061/1/4061 4063/1/4063 
f 4065/1/4065 4066/1/4066 4064/1/4064 
f 4064/1/4064 4063/1/4063 4065/1/4065 
f 4063/1/4063 3920/1/3920 3922/1/3922 
f 3922/1/3922 4065/1/4065 4063/1/4063 
f 4065/1/4065 3922/1/3922 3926/1/3926 
f 3926/1/3926 4050/1/4050 4065/1/4065 
f 4050/1/4050 4052/1/4052 4066/1/4066 
f 4066/1/4066 4065/1/4065 4050/1/4050 
f 4067/1/4067 4068/1/4068 4069/1/4069 
f 4069/1/4069 4070/1/4070 4067/1/4067 
f 4070/1/4070 4052/1/4052 4051/1/4051 
f 4051/1/4051 4067/1/4067 4070/1/4070 
f 4067/1/4067 4051/1/4051 4030/1/4030 
f 4030/1/4030 4071/1/4071 4067/1/4067 
f 4071/1/4071 4072/1/4072 4068/1/4068 
f 4068/1/4068 4067/1/4067 4071/1/4071 
f 4073/1/4073 4074/1/4074 4072/1/4072 
f 4072/1/4072 4071/1/4071 4073/1/4073 
f 4071/1/4071 4030/1/4030 4029/1/4029 
f 4029/1/4029 4073/1/4073 4071/1/4071 
f 4073/1/4073 4029/1/4029 4033/1/4033 
f 4033/1/4033 4075/1/4075 4073/1/4073 
f 4075/1/4075 4076/1/4076 4074/1/4074 
f 4074/1/4074 4073/1/4073 4075/1/4075 
f 4077/1/4077 4078/1/4078 4076/1/4076 
f 4076/1/4076 4075/1/4075 4077/1/4077 
f 4075/1/4075 4033/1/4033 4035/1/4035 
f 4035/1/4035 4077/1/4077 4075/1/4075 
f 4077/1/4077 4035/1/4035 4037/1/4037 
f 4037/1/4037 4079/1/4079 4077/1/4077 
f 4079/1/4079 4080/1/4080 4078/1/4078 
f 4078/1/4078 4077/1/4077 4079/1/4079 
f 4081/1/4081 4082/1/4082 4080/1/4080 
f 4080/1/4080 4079/1/4079 4081/1/4081 
f 4079/1/4079 4037/1/4037 4045/1/4045 
f 4045/1/4045 4081/1/4081 4079/1/4079 
f 4081/1/4081 4045/1/4045 895/1/895 
f 895/1/895 938/1/938 4081/1/4081 
f 938/1/938 937/1/937 4082/1/4082 
f 4082/1/4082 4081/1/4081 938/1/938 
f 4083/1/4083 4084/1/4084 4085/1/4085 
f 4085/1/4085 4086/1/4086 4083/1/4083 
f 4085/1/4085 4021/1/4021 4020/1/4020 
f 4020/1/4020 4086/1/4086 4085/1/4085 
f 4086/1/4086 4020/1/4020 4027/1/4027 
f 4027/1/4027 4087/1/4087 4086/1/4086 
f 4087/1/4087 4088/1/4088 4083/1/4083 
f 4083/1/4083 4086/1/4086 4087/1/4087 
f 4089/1/4089 4090/1/4090 4091/1/4091 
f 4091/1/4091 4092/1/4092 4089/1/4089 
f 4092/1/4092 4091/1/4091 4093/1/4093 
f 4093/1/4093 4094/1/4094 4092/1/4092 
f 4094/1/4094 4088/1/4088 4095/1/4095 
f 4095/1/4095 4092/1/4092 4094/1/4094 
f 4092/1/4092 4095/1/4095 4005/1/4005 
f 4005/1/4005 4089/1/4089 4092/1/4092 
f 4096/1/4096 4097/1/4097 4098/1/4098 
f 4098/1/4098 4099/1/4099 4096/1/4096 
f 4099/1/4099 4021/1/4021 4085/1/4085 
f 4085/1/4085 4096/1/4096 4099/1/4099 
f 4096/1/4096 4085/1/4085 4084/1/4084 
f 4084/1/4084 4100/1/4100 4096/1/4096 
f 4100/1/4100 4101/1/4101 4097/1/4097 
f 4097/1/4097 4096/1/4096 4100/1/4100 
f 4102/1/4102 4103/1/4103 4023/1/4023 
f 4023/1/4023 4022/1/4022 4102/1/4102 
f 4022/1/4022 4021/1/4021 4099/1/4099 
f 4099/1/4099 4102/1/4102 4022/1/4022 
f 4099/1/4099 4098/1/4098 4104/1/4104 
f 4104/1/4104 4102/1/4102 4099/1/4099 
f 4104/1/4104 4105/1/4105 4103/1/4103 
f 4103/1/4103 4102/1/4102 4104/1/4104 
f 4106/1/4106 4074/1/4074 4076/1/4076 
f 4076/1/4076 4107/1/4107 4106/1/4106 
f 4107/1/4107 4105/1/4105 4104/1/4104 
f 4104/1/4104 4106/1/4106 4107/1/4107 
f 4106/1/4106 4104/1/4104 4098/1/4098 
f 4098/1/4098 4108/1/4108 4106/1/4106 
f 4108/1/4108 4072/1/4072 4074/1/4074 
f 4074/1/4074 4106/1/4106 4108/1/4108 
f 4109/1/4109 4097/1/4097 4101/1/4101 
f 4101/1/4101 4110/1/4110 4109/1/4109 
f 4110/1/4110 4069/1/4069 4068/1/4068 
f 4068/1/4068 4109/1/4109 4110/1/4110 
f 4109/1/4109 4068/1/4068 4072/1/4072 
f 4072/1/4072 4108/1/4108 4109/1/4109 
f 4108/1/4108 4098/1/4098 4097/1/4097 
f 4097/1/4097 4109/1/4109 4108/1/4108 
f 4111/1/4111 4112/1/4112 4113/1/4113 
f 4113/1/4113 4114/1/4114 4111/1/4111 
f 4114/1/4114 4040/1/4040 4039/1/4039 
f 4039/1/4039 4111/1/4111 4114/1/4114 
f 4111/1/4111 4039/1/4039 4023/1/4023 
f 4023/1/4023 4103/1/4103 4111/1/4111 
f 4103/1/4103 4105/1/4105 4112/1/4112 
f 4112/1/4112 4111/1/4111 4103/1/4103 
f 4115/1/4115 4078/1/4078 4080/1/4080 
f 4080/1/4080 4116/1/4116 4115/1/4115 
f 4116/1/4116 4113/1/4113 4112/1/4112 
f 4112/1/4112 4115/1/4115 4116/1/4116 
f 4115/1/4115 4112/1/4112 4105/1/4105 
f 4105/1/4105 4107/1/4107 4115/1/4115 
f 4107/1/4107 4076/1/4076 4078/1/4078 
f 4078/1/4078 4115/1/4115 4107/1/4107 
f 4117/1/4117 4118/1/4118 975/1/975 
f 975/1/975 974/1/974 4117/1/4117 
f 974/1/974 899/1/899 4047/1/4047 
f 4047/1/4047 4117/1/4117 974/1/974 
f 4117/1/4117 4047/1/4047 4040/1/4040 
f 4040/1/4040 4114/1/4114 4117/1/4117 
f 4114/1/4114 4113/1/4113 4118/1/4118 
f 4118/1/4118 4117/1/4117 4114/1/4114 
f 4119/1/4119 4082/1/4082 937/1/937 
f 937/1/937 978/1/978 4119/1/4119 
f 978/1/978 975/1/975 4118/1/4118 
f 4118/1/4118 4119/1/4119 978/1/978 
f 4119/1/4119 4118/1/4118 4113/1/4113 
f 4113/1/4113 4116/1/4116 4119/1/4119 
f 4116/1/4116 4080/1/4080 4082/1/4082 
f 4082/1/4082 4119/1/4119 4116/1/4116 
f 4120/1/4120 3555/1/3555 3553/1/3553 
f 3553/1/3553 4121/1/4121 4120/1/4120 
f 4121/1/4121 3553/1/3553 3552/1/3552 
f 3552/1/3552 4053/1/4053 4121/1/4121 
f 4053/1/4053 4056/1/4056 4122/1/4122 
f 4122/1/4122 4121/1/4121 4053/1/4053 
f 4121/1/4121 4122/1/4122 4123/1/4123 
f 4123/1/4123 4120/1/4120 4121/1/4121 
f 4124/1/4124 4125/1/4125 4056/1/4056 
f 4056/1/4056 4055/1/4055 4124/1/4124 
f 4055/1/4055 3912/1/3912 4058/1/4058 
f 4058/1/4058 4124/1/4124 4055/1/4055 
f 4124/1/4124 4058/1/4058 4060/1/4060 
f 4060/1/4060 4126/1/4126 4124/1/4124 
f 4126/1/4126 4127/1/4127 4125/1/4125 
f 4125/1/4125 4124/1/4124 4126/1/4126 
f 4128/1/4128 4129/1/4129 4127/1/4127 
f 4127/1/4127 4126/1/4126 4128/1/4128 
f 4126/1/4126 4060/1/4060 4062/1/4062 
f 4062/1/4062 4128/1/4128 4126/1/4126 
f 4128/1/4128 4062/1/4062 4064/1/4064 
f 4064/1/4064 4130/1/4130 4128/1/4128 
f 4130/1/4130 4131/1/4131 4129/1/4129 
f 4129/1/4129 4128/1/4128 4130/1/4130 
f 4132/1/4132 4133/1/4133 4131/1/4131 
f 4130/1/4130 4064/1/4064 4066/1/4066 
f 4066/1/4066 4132/1/4132 4130/1/4130 
f 4132/1/4132 4066/1/4066 4052/1/4052 
f 4052/1/4052 4070/1/4070 4132/1/4132 
f 4070/1/4070 4069/1/4069 4133/1/4133 
f 4133/1/4133 4132/1/4132 4070/1/4070 
f 4134/1/4134 4133/1/4133 4069/1/4069 
f 4069/1/4069 4135/1/4135 4134/1/4134 
f 4134/1/4134 4135/1/4135 4136/1/4136 
f 4136/1/4136 4137/1/4137 4134/1/4134 
f 4137/1/4137 4131/1/4131 4133/1/4133 
f 4133/1/4133 4134/1/4134 4137/1/4137 
f 4138/1/4138 4139/1/4139 4140/1/4140 
f 4140/1/4140 4141/1/4141 4138/1/4138 
f 4141/1/4141 4136/1/4136 4135/1/4135 
f 4135/1/4135 4138/1/4138 4141/1/4141 
f 4138/1/4138 4135/1/4135 4069/1/4069 
f 4069/1/4069 4110/1/4110 4138/1/4138 
f 4110/1/4110 4101/1/4101 4139/1/4139 
f 4139/1/4139 4138/1/4138 4110/1/4110 
f 4142/1/4142 4139/1/4139 4101/1/4101 
f 4101/1/4101 4100/1/4100 4142/1/4142 
f 4100/1/4100 4084/1/4084 4143/1/4143 
f 4143/1/4143 4142/1/4142 4100/1/4100 
f 4142/1/4142 4143/1/4143 4144/1/4144 
f 4144/1/4144 4145/1/4145 4142/1/4142 
f 4145/1/4145 4140/1/4140 4139/1/4139 
f 4139/1/4139 4142/1/4142 4145/1/4145 
f 1007/1/1007 1006/1/1006 4146/1/4146 
f 4146/1/4146 4147/1/4147 1007/1/1007 
f 4146/1/4146 4144/1/4144 4148/1/4148 
f 4148/1/4148 4147/1/4147 4146/1/4146 
f 4147/1/4147 4148/1/4148 4093/1/4093 
f 4093/1/4093 4149/1/4149 4147/1/4147 
f 4149/1/4149 1009/1/1009 1007/1/1007 
f 1007/1/1007 4147/1/4147 4149/1/4149 
f 4150/1/4150 4123/1/4123 4122/1/4122 
f 4122/1/4122 4151/1/4151 4150/1/4150 
f 4151/1/4151 4122/1/4122 4056/1/4056 
f 4056/1/4056 4125/1/4125 4151/1/4151 
f 4125/1/4125 4127/1/4127 4152/1/4152 
f 4152/1/4152 4151/1/4151 4125/1/4125 
f 4151/1/4151 4152/1/4152 4153/1/4153 
f 4153/1/4153 4150/1/4150 4151/1/4151 
f 4154/1/4154 4153/1/4153 4152/1/4152 
f 4152/1/4152 4155/1/4155 4154/1/4154 
f 4155/1/4155 4152/1/4152 4127/1/4127 
f 4127/1/4127 4129/1/4129 4155/1/4155 
f 4129/1/4129 4131/1/4131 4156/1/4156 
f 4156/1/4156 4155/1/4155 4129/1/4129 
f 4155/1/4155 4156/1/4156 4157/1/4157 
f 4157/1/4157 4154/1/4154 4155/1/4155 
f 4158/1/4158 4157/1/4157 4156/1/4156 
f 4156/1/4156 4159/1/4159 4158/1/4158 
f 4156/1/4156 4131/1/4131 4137/1/4137 
f 4137/1/4137 4159/1/4159 4156/1/4156 
f 4137/1/4137 4136/1/4136 4160/1/4160 
f 4160/1/4160 4159/1/4159 4137/1/4137 
f 4159/1/4159 4160/1/4160 4161/1/4161 
f 4161/1/4161 4158/1/4158 4159/1/4159 
f 4162/1/4162 4163/1/4163 4164/1/4164 
f 4164/1/4164 4165/1/4165 4162/1/4162 
f 4165/1/4165 4164/1/4164 4140/1/4140 
f 4140/1/4140 4145/1/4145 4165/1/4165 
f 4165/1/4165 4145/1/4145 4144/1/4144 
f 4144/1/4144 4146/1/4146 4165/1/4165 
f 4146/1/4146 1006/1/1006 4162/1/4162 
f 4166/1/4166 4164/1/4164 4163/1/4163 
f 4163/1/4163 4167/1/4167 4166/1/4166 
f 4167/1/4167 4161/1/4161 4160/1/4160 
f 4160/1/4160 4166/1/4166 4167/1/4167 
f 4166/1/4166 4160/1/4160 4136/1/4136 
f 4136/1/4136 4141/1/4141 4166/1/4166 
f 4141/1/4141 4140/1/4140 4164/1/4164 
f 4164/1/4164 4166/1/4166 4141/1/4141 
f 4168/1/4168 4169/1/4169 4163/1/4163 
f 4163/1/4163 4162/1/4162 4168/1/4168 
f 4162/1/4162 1006/1/1006 1035/1/1035 
f 1035/1/1035 4168/1/4168 4162/1/4162 
f 4168/1/4168 1035/1/1035 1034/1/1034 
f 1034/1/1034 4170/1/4170 4168/1/4168 
f 4170/1/4170 4171/1/4171 4169/1/4169 
f 4169/1/4169 4168/1/4168 4170/1/4170 
f 4172/1/4172 4173/1/4173 4171/1/4171 
f 4171/1/4171 4170/1/4170 4172/1/4172 
f 4170/1/4170 1034/1/1034 1041/1/1041 
f 1041/1/1041 4172/1/4172 4170/1/4170 
f 1041/1/1041 1040/1/1040 4174/1/4174 
f 4174/1/4174 4172/1/4172 1041/1/1041 
f 4174/1/4174 4175/1/4175 4173/1/4173 
f 4173/1/4173 4172/1/4172 4174/1/4174 
f 4176/1/4176 1043/1/1043 505/1/505 
f 505/1/505 3690/1/3690 4176/1/4176 
f 3690/1/3690 3689/1/3689 4177/1/4177 
f 4177/1/4177 4176/1/4176 3690/1/3690 
f 4176/1/4176 4177/1/4177 4178/1/4178 
f 4178/1/4178 4179/1/4179 4176/1/4176 
f 4179/1/4179 1044/1/1044 1043/1/1043 
f 1043/1/1043 4176/1/4176 4179/1/4179 
f 4180/1/4180 4181/1/4181 4161/1/4161 
f 4161/1/4161 4167/1/4167 4180/1/4180 
f 4167/1/4167 4163/1/4163 4169/1/4169 
f 4169/1/4169 4180/1/4180 4167/1/4167 
f 4180/1/4180 4169/1/4169 4171/1/4171 
f 4171/1/4171 4173/1/4173 4180/1/4180 
f 4173/1/4173 4175/1/4175 4181/1/4181 
f 4181/1/4181 4180/1/4180 4173/1/4173 
f 4182/1/4182 4177/1/4177 3689/1/3689 
f 3689/1/3689 4183/1/4183 4182/1/4182 
f 4183/1/4183 4184/1/4184 4185/1/4185 
f 4182/1/4182 4185/1/4185 4186/1/4186 
f 4186/1/4186 4187/1/4187 4182/1/4182 
f 4187/1/4187 4178/1/4178 4177/1/4177 
f 4177/1/4177 4182/1/4182 4187/1/4187 
f 4188/1/4188 4189/1/4189 1057/1/1057 
f 1057/1/1057 1056/1/1056 4188/1/4188 
f 4188/1/4188 1056/1/1056 1044/1/1044 
f 1044/1/1044 4179/1/4179 4188/1/4188 
f 4179/1/4179 4178/1/4178 4190/1/4190 
f 4188/1/4188 4190/1/4190 4191/1/4191 
f 4191/1/4191 4189/1/4189 4188/1/4188 
f 4192/1/4192 4174/1/4174 1040/1/1040 
f 1040/1/1040 1062/1/1062 4192/1/4192 
f 1062/1/1062 1057/1/1057 4189/1/4189 
f 4189/1/4189 4192/1/4192 1062/1/1062 
f 4192/1/4192 4189/1/4189 4191/1/4191 
f 4191/1/4191 4193/1/4193 4192/1/4192 
f 4193/1/4193 4175/1/4175 4174/1/4174 
f 4174/1/4174 4192/1/4192 4193/1/4193 
f 4194/1/4194 4195/1/4195 4196/1/4196 
f 4197/1/4197 3741/1/3741 3740/1/3740 
f 3740/1/3740 4194/1/4194 4197/1/4197 
f 4194/1/4194 3740/1/3740 3584/1/3584 
f 3583/1/3583 3588/1/3588 4195/1/4195 
f 4198/1/4198 4199/1/4199 4200/1/4200 
f 4201/1/4201 4200/1/4200 4202/1/4202 
f 4202/1/4202 4203/1/4203 4201/1/4201 
f 4203/1/4203 4204/1/4204 4205/1/4205 
f 4201/1/4201 4205/1/4205 4206/1/4206 
f 4207/1/4207 4208/1/4208 4209/1/4209 
f 4209/1/4209 4210/1/4210 4207/1/4207 
f 4210/1/4210 4209/1/4209 3756/1/3756 
f 3756/1/3756 3755/1/3755 4210/1/4210 
f 4210/1/4210 3755/1/3755 3743/1/3743 
f 3743/1/3743 4207/1/4207 4210/1/4210 
f 4211/1/4211 4212/1/4212 4208/1/4208 
f 4208/1/4208 4207/1/4207 4211/1/4211 
f 4207/1/4207 3743/1/3743 3742/1/3742 
f 3742/1/3742 4211/1/4211 4207/1/4207 
f 4211/1/4211 3742/1/3742 3741/1/3741 
f 3741/1/3741 4197/1/4197 4211/1/4211 
f 4197/1/4197 4196/1/4196 4212/1/4212 
f 4212/1/4212 4211/1/4211 4197/1/4197 
f 4213/1/4213 4214/1/4214 4208/1/4208 
f 4208/1/4208 4212/1/4212 4213/1/4213 
f 4212/1/4212 4196/1/4196 4215/1/4215 
f 4215/1/4215 4213/1/4213 4212/1/4212 
f 4213/1/4213 4215/1/4215 4216/1/4216 
f 4216/1/4216 4217/1/4217 4213/1/4213 
f 4217/1/4217 4218/1/4218 4214/1/4214 
f 4214/1/4214 4213/1/4213 4217/1/4217 
f 4217/1/4217 4216/1/4216 4219/1/4219 
f 4220/1/4220 4219/1/4219 4199/1/4199 
f 4198/1/4198 4206/1/4206 4221/1/4221 
f 4221/1/4221 4220/1/4220 4198/1/4198 
f 4220/1/4220 4221/1/4221 4218/1/4218 
f 4218/1/4218 4217/1/4217 4220/1/4220 
f 4222/1/4222 4223/1/4223 4184/1/4184 
f 4184/1/4184 4183/1/4183 4222/1/4222 
f 4183/1/4183 3689/1/3689 3688/1/3688 
f 3688/1/3688 4222/1/4222 4183/1/4183 
f 4222/1/4222 3688/1/3688 3692/1/3692 
f 3692/1/3692 4224/1/4224 4222/1/4222 
f 4224/1/4224 4225/1/4225 4223/1/4223 
f 4223/1/4223 4222/1/4222 4224/1/4224 
f 4226/1/4226 4227/1/4227 3707/1/3707 
f 3707/1/3707 3716/1/3716 4226/1/4226 
f 3716/1/3716 3715/1/3715 3736/1/3736 
f 3736/1/3736 4226/1/4226 3716/1/3716 
f 4226/1/4226 3736/1/3736 3735/1/3735 
f 3735/1/3735 4228/1/4228 4226/1/4226 
f 4228/1/4228 4229/1/4229 4227/1/4227 
f 4230/1/4230 4229/1/4229 4228/1/4228 
f 4228/1/4228 3735/1/3735 3757/1/3757 
f 3757/1/3757 4231/1/4231 4228/1/4228 
f 3757/1/3757 3756/1/3756 4209/1/4209 
f 4209/1/4209 4231/1/4231 3757/1/3757 
f 4231/1/4231 4209/1/4209 4208/1/4208 
f 4208/1/4208 4230/1/4230 4231/1/4231 
f 4232/1/4232 4223/1/4223 4225/1/4225 
f 4225/1/4225 4233/1/4233 4232/1/4232 
f 4233/1/4233 4206/1/4206 4205/1/4205 
f 4205/1/4205 4232/1/4232 4233/1/4233 
f 4232/1/4232 4205/1/4205 4204/1/4204 
f 4204/1/4204 4234/1/4234 4232/1/4232 
f 4234/1/4234 4184/1/4184 4223/1/4223 
f 4223/1/4223 4232/1/4232 4234/1/4234 
f 4235/1/4235 4236/1/4236 3692/1/3692 
f 3692/1/3692 3691/1/3691 4235/1/4235 
f 3691/1/3691 503/1/503 1111/1/1111 
f 1111/1/1111 4235/1/4235 3691/1/3691 
f 4235/1/4235 1111/1/1111 1110/1/1110 
f 1110/1/1110 4237/1/4237 4235/1/4235 
f 4237/1/4237 4238/1/4238 4236/1/4236 
f 4236/1/4236 4235/1/4235 4237/1/4237 
f 4239/1/4239 4218/1/4218 4221/1/4221 
f 4221/1/4221 4240/1/4240 4239/1/4239 
f 4240/1/4240 4221/1/4221 4206/1/4206 
f 4206/1/4206 4233/1/4233 4240/1/4240 
f 4233/1/4233 4225/1/4225 4241/1/4241 
f 4241/1/4241 4240/1/4240 4233/1/4233 
f 4240/1/4240 4241/1/4241 4242/1/4242 
f 4242/1/4242 4239/1/4239 4240/1/4240 
f 4243/1/4243 4244/1/4244 4242/1/4242 
f 4242/1/4242 4245/1/4245 4243/1/4243 
f 4243/1/4243 4245/1/4245 4238/1/4238 
f 4246/1/4246 4229/1/4229 4244/1/4244 
f 4244/1/4244 4243/1/4243 4246/1/4246 
f 4247/1/4247 4248/1/4248 3699/1/3699 
f 3699/1/3699 3708/1/3708 4247/1/4247 
f 3708/1/3708 3707/1/3707 4227/1/4227 
f 4227/1/4227 4247/1/4247 3708/1/3708 
f 4247/1/4247 4227/1/4227 4229/1/4229 
f 4229/1/4229 4246/1/4246 4247/1/4247 
f 4246/1/4246 4238/1/4238 4248/1/4248 
f 4248/1/4248 4247/1/4247 4246/1/4246 
f 4249/1/4249 4245/1/4245 4242/1/4242 
f 4242/1/4242 4241/1/4241 4249/1/4249 
f 4249/1/4249 4241/1/4241 4225/1/4225 
f 4225/1/4225 4224/1/4224 4249/1/4249 
f 4224/1/4224 3692/1/3692 4236/1/4236 
f 4236/1/4236 4249/1/4249 4224/1/4224 
f 4236/1/4236 4238/1/4238 4245/1/4245 
f 4245/1/4245 4249/1/4249 4236/1/4236 
f 4250/1/4250 4248/1/4248 4238/1/4238 
f 4238/1/4238 4237/1/4237 4250/1/4250 
f 4237/1/4237 1110/1/1110 1124/1/1124 
f 1124/1/1124 4250/1/4250 4237/1/4237 
f 4250/1/4250 1124/1/1124 517/1/517 
f 517/1/517 3700/1/3700 4250/1/4250 
f 3700/1/3700 3699/1/3699 4248/1/4248 
f 4248/1/4248 4250/1/4250 3700/1/3700 
f 4251/1/4251 4244/1/4244 4229/1/4229 
f 4229/1/4229 4230/1/4230 4251/1/4251 
f 4230/1/4230 4208/1/4208 4214/1/4214 
f 4214/1/4214 4251/1/4251 4230/1/4230 
f 4251/1/4251 4214/1/4214 4218/1/4218 
f 4218/1/4218 4239/1/4239 4251/1/4251 
f 4239/1/4239 4242/1/4242 4244/1/4244 
f 4244/1/4244 4251/1/4251 4239/1/4239 
f 4252/1/4252 4253/1/4253 3535/1/3535 
f 3535/1/3535 3539/1/3539 4252/1/4252 
f 3539/1/3539 3538/1/3538 3623/1/3623 
f 3623/1/3623 4252/1/4252 3539/1/3539 
f 4252/1/4252 3623/1/3623 3622/1/3622 
f 3622/1/3622 4254/1/4254 4252/1/4252 
f 4254/1/4254 4255/1/4255 4253/1/4253 
f 4253/1/4253 4252/1/4252 4254/1/4254 
f 4256/1/4256 4257/1/4257 3622/1/3622 
f 3621/1/3621 3579/1/3579 3578/1/3578 
f 4258/1/4258 4256/1/4256 3578/1/3578 
f 3578/1/3578 3582/1/3582 4258/1/4258 
f 4256/1/4256 4258/1/4258 4259/1/4259 
f 4259/1/4259 4257/1/4257 4256/1/4256 
f 4260/1/4260 4259/1/4259 4258/1/4258 
f 4258/1/4258 4261/1/4261 4260/1/4260 
f 4258/1/4258 3582/1/3582 3590/1/3590 
f 3590/1/3590 4261/1/4261 4258/1/4258 
f 3590/1/3590 3592/1/3592 4262/1/4262 
f 4262/1/4262 4261/1/4261 3590/1/3590 
f 4261/1/4261 4262/1/4262 4263/1/4263 
f 4263/1/4263 4260/1/4260 4261/1/4261 
f 4264/1/4264 4265/1/4265 4266/1/4266 
f 4266/1/4266 4267/1/4267 4264/1/4264 
f 4267/1/4267 4263/1/4263 4262/1/4262 
f 4262/1/4262 4264/1/4264 4267/1/4267 
f 4264/1/4264 4262/1/4262 3592/1/3592 
f 3592/1/3592 3593/1/3593 4264/1/4264 
f 3593/1/3593 3596/1/3596 4265/1/4265 
f 4265/1/4265 4264/1/4264 3593/1/3593 
f 4268/1/4268 4269/1/4269 4270/1/4270 
f 4270/1/4270 4271/1/4271 4268/1/4268 
f 4271/1/4271 4266/1/4266 4265/1/4265 
f 4265/1/4265 4268/1/4268 4271/1/4271 
f 4268/1/4268 4265/1/4265 3596/1/3596 
f 3596/1/3596 3606/1/3606 4268/1/4268 
f 3606/1/3606 3605/1/3605 4269/1/4269 
f 4272/1/4272 4269/1/4269 3605/1/3605 
f 3605/1/3605 3618/1/3618 4272/1/4272 
f 3618/1/3618 3617/1/3617 4273/1/4273 
f 4273/1/4273 4272/1/4272 3618/1/3618 
f 4272/1/4272 4273/1/4273 4274/1/4274 
f 4274/1/4274 4275/1/4275 4272/1/4272 
f 4275/1/4275 4270/1/4270 4269/1/4269 
f 4269/1/4269 4272/1/4272 4275/1/4275 
f 4276/1/4276 4277/1/4277 4278/1/4278 
f 4278/1/4278 4279/1/4279 4276/1/4276 
f 4279/1/4279 4278/1/4278 4274/1/4274 
f 4274/1/4274 4280/1/4280 4279/1/4279 
f 4280/1/4280 4281/1/4281 4282/1/4282 
f 4282/1/4282 4279/1/4279 4280/1/4280 
f 4279/1/4279 4282/1/4282 4283/1/4283 
f 4283/1/4283 4276/1/4276 4279/1/4279 
f 4284/1/4284 4285/1/4285 4270/1/4270 
f 4270/1/4270 4275/1/4275 4284/1/4284 
f 4275/1/4275 4274/1/4274 4278/1/4278 
f 4278/1/4278 4284/1/4284 4275/1/4275 
f 4284/1/4284 4278/1/4278 4277/1/4277 
f 4277/1/4277 4286/1/4286 4284/1/4284 
f 4286/1/4286 4287/1/4287 4285/1/4285 
f 4285/1/4285 4284/1/4284 4286/1/4286 
f 4288/1/4288 4289/1/4289 4290/1/4290 
f 4290/1/4290 4291/1/4291 4288/1/4288 
f 4291/1/4291 4290/1/4290 4266/1/4266 
f 4266/1/4266 4271/1/4271 4291/1/4291 
f 4271/1/4271 4270/1/4270 4285/1/4285 
f 4285/1/4285 4291/1/4291 4271/1/4271 
f 4291/1/4291 4285/1/4285 4287/1/4287 
f 4287/1/4287 4288/1/4288 4291/1/4291 
f 4292/1/4292 4293/1/4293 4263/1/4263 
f 4263/1/4263 4267/1/4267 4292/1/4292 
f 4267/1/4267 4266/1/4266 4290/1/4290 
f 4290/1/4290 4292/1/4292 4267/1/4267 
f 4292/1/4292 4290/1/4290 4289/1/4289 
f 4294/1/4294 4295/1/4295 4293/1/4293 
f 4293/1/4293 4292/1/4292 4294/1/4294 
f 4296/1/4296 4297/1/4297 4259/1/4259 
f 4259/1/4259 4260/1/4260 4296/1/4296 
f 4260/1/4260 4263/1/4263 4293/1/4293 
f 4293/1/4293 4296/1/4296 4260/1/4260 
f 4296/1/4296 4293/1/4293 4295/1/4295 
f 4295/1/4295 4298/1/4298 4296/1/4296 
f 4298/1/4298 4299/1/4299 4297/1/4297 
f 4297/1/4297 4296/1/4296 4298/1/4298 
f 4300/1/4300 4297/1/4297 4299/1/4299 
f 4301/1/4301 4255/1/4255 4254/1/4254 
f 4300/1/4300 4254/1/4254 3622/1/3622 
f 3622/1/3622 4257/1/4257 4300/1/4300 
f 4257/1/4257 4259/1/4259 4297/1/4297 
f 4302/1/4302 4303/1/4303 4304/1/4304 
f 4304/1/4304 4305/1/4305 4302/1/4302 
f 4305/1/4305 3529/1/3529 3528/1/3528 
f 3528/1/3528 4302/1/4302 4305/1/4305 
f 3528/1/3528 3535/1/3535 4253/1/4253 
f 4253/1/4253 4302/1/4302 3528/1/3528 
f 4302/1/4302 4253/1/4253 4255/1/4255 
f 4255/1/4255 4303/1/4303 4302/1/4302 
f 4306/1/4306 4307/1/4307 4281/1/4281 
f 4280/1/4280 4274/1/4274 4273/1/4273 
f 4306/1/4306 4273/1/4273 3617/1/3617 
f 3617/1/3617 4308/1/4308 4306/1/4306 
f 4308/1/4308 4309/1/4309 4307/1/4307 
f 4307/1/4307 4306/1/4306 4308/1/4308 
f 4310/1/4310 4311/1/4311 4309/1/4309 
f 4309/1/4309 4308/1/4308 4310/1/4310 
f 4308/1/4308 3617/1/3617 3616/1/3616 
f 3616/1/3616 4310/1/4310 4308/1/4308 
f 4310/1/4310 3616/1/3616 3613/1/3613 
f 3613/1/3613 4312/1/4312 4310/1/4310 
f 4312/1/4312 4313/1/4313 4311/1/4311 
f 4311/1/4311 4310/1/4310 4312/1/4312 
f 4314/1/4314 4281/1/4281 4307/1/4307 
f 4307/1/4307 4315/1/4315 4314/1/4314 
f 4315/1/4315 4307/1/4307 4309/1/4309 
f 4309/1/4309 4316/1/4316 4315/1/4315 
f 4316/1/4316 4317/1/4317 4318/1/4318 
f 4318/1/4318 4315/1/4315 4316/1/4316 
f 4315/1/4315 4318/1/4318 4319/1/4319 
f 4319/1/4319 4314/1/4314 4315/1/4315 
f 4320/1/4320 4321/1/4321 4322/1/4322 
f 4322/1/4322 4323/1/4323 4320/1/4320 
f 4323/1/4323 4283/1/4283 4282/1/4282 
f 4282/1/4282 4320/1/4320 4323/1/4323 
f 4320/1/4320 4282/1/4282 4281/1/4281 
f 4281/1/4281 4314/1/4314 4320/1/4320 
f 4314/1/4314 4319/1/4319 4321/1/4321 
f 4321/1/4321 4320/1/4320 4314/1/4314 
f 4324/1/4324 4325/1/4325 4326/1/4326 
f 4327/1/4327 4283/1/4283 4323/1/4323 
f 4323/1/4323 4324/1/4324 4327/1/4327 
f 4323/1/4323 4322/1/4322 4328/1/4328 
f 4328/1/4328 4324/1/4324 4323/1/4323 
f 4324/1/4324 4328/1/4328 4329/1/4329 
f 4330/1/4330 4283/1/4283 4327/1/4327 
f 4331/1/4331 4332/1/4332 4327/1/4327 
f 4327/1/4327 4326/1/4326 4331/1/4331 
f 4331/1/4331 4333/1/4333 4334/1/4334 
f 4332/1/4332 4334/1/4334 4335/1/4335 
f 4335/1/4335 4330/1/4330 4332/1/4332 
f 4336/1/4336 4337/1/4337 4277/1/4277 
f 4277/1/4277 4276/1/4276 4336/1/4336 
f 4276/1/4276 4283/1/4283 4330/1/4330 
f 4330/1/4330 4336/1/4336 4276/1/4276 
f 4336/1/4336 4330/1/4330 4335/1/4335 
f 4335/1/4335 4338/1/4338 4336/1/4336 
f 4338/1/4338 4339/1/4339 4337/1/4337 
f 4337/1/4337 4336/1/4336 4338/1/4338 
f 4340/1/4340 4341/1/4341 4287/1/4287 
f 4287/1/4287 4286/1/4286 4340/1/4340 
f 4286/1/4286 4277/1/4277 4337/1/4337 
f 4337/1/4337 4340/1/4340 4286/1/4286 
f 4340/1/4340 4337/1/4337 4339/1/4339 
f 4339/1/4339 4342/1/4342 4340/1/4340 
f 4342/1/4342 4343/1/4343 4341/1/4341 
f 4341/1/4341 4340/1/4340 4342/1/4342 
f 4344/1/4344 4345/1/4345 4289/1/4289 
f 4289/1/4289 4288/1/4288 4344/1/4344 
f 4288/1/4288 4287/1/4287 4341/1/4341 
f 4341/1/4341 4344/1/4344 4288/1/4288 
f 4344/1/4344 4341/1/4341 4343/1/4343 
f 4343/1/4343 4346/1/4346 4344/1/4344 
f 4346/1/4346 4347/1/4347 4345/1/4345 
f 4345/1/4345 4344/1/4344 4346/1/4346 
f 4348/1/4348 4295/1/4295 4294/1/4294 
f 4294/1/4294 4349/1/4349 4348/1/4348 
f 4294/1/4294 4289/1/4289 4345/1/4345 
f 4345/1/4345 4349/1/4349 4294/1/4294 
f 4349/1/4349 4345/1/4345 4347/1/4347 
f 4347/1/4347 4350/1/4350 4349/1/4349 
f 4349/1/4349 4350/1/4350 4351/1/4351 
f 4351/1/4351 4348/1/4348 4349/1/4349 
f 4352/1/4352 4353/1/4353 3588/1/3588 
f 3588/1/3588 3587/1/3587 4352/1/4352 
f 3587/1/3587 3529/1/3529 4305/1/4305 
f 4305/1/4305 4352/1/4352 3587/1/3587 
f 4352/1/4352 4305/1/4305 4304/1/4304 
f 4304/1/4304 4354/1/4354 4352/1/4352 
f 4354/1/4354 4355/1/4355 4353/1/4353 
f 4353/1/4353 4352/1/4352 4354/1/4354 
f 4356/1/4356 4303/1/4303 4255/1/4255 
f 4255/1/4255 4301/1/4301 4356/1/4356 
f 4301/1/4301 4299/1/4299 4357/1/4357 
f 4357/1/4357 4356/1/4356 4301/1/4301 
f 4357/1/4357 4358/1/4358 4359/1/4359 
f 4359/1/4359 4356/1/4356 4357/1/4357 
f 4356/1/4356 4359/1/4359 4304/1/4304 
f 4360/1/4360 4298/1/4298 4295/1/4295 
f 4295/1/4295 4348/1/4348 4360/1/4360 
f 4348/1/4348 4351/1/4351 4361/1/4361 
f 4361/1/4361 4360/1/4360 4348/1/4348 
f 4360/1/4360 4361/1/4361 4358/1/4358 
f 4358/1/4358 4357/1/4357 4360/1/4360 
f 4357/1/4357 4299/1/4299 4298/1/4298 
f 4298/1/4298 4360/1/4360 4357/1/4357 
f 4362/1/4362 4363/1/4363 4355/1/4355 
f 4355/1/4355 4354/1/4354 4362/1/4362 
f 4354/1/4354 4304/1/4304 4359/1/4359 
f 4359/1/4359 4362/1/4362 4354/1/4354 
f 4362/1/4362 4359/1/4359 4358/1/4358 
f 4358/1/4358 4364/1/4364 4362/1/4362 
f 4364/1/4364 4365/1/4365 4363/1/4363 
f 4363/1/4363 4362/1/4362 4364/1/4364 
f 4366/1/4366 4219/1/4219 4216/1/4216 
f 4366/1/4366 4215/1/4215 4196/1/4196 
f 4196/1/4196 4367/1/4367 4366/1/4366 
f 4366/1/4366 4367/1/4367 4368/1/4368 
f 4368/1/4368 4369/1/4369 4366/1/4366 
f 4369/1/4369 4199/1/4199 4219/1/4219 
f 4370/1/4370 4371/1/4371 4365/1/4365 
f 4365/1/4365 4364/1/4364 4370/1/4370 
f 4364/1/4364 4358/1/4358 4361/1/4361 
f 4361/1/4361 4370/1/4370 4364/1/4364 
f 4370/1/4370 4361/1/4361 4351/1/4351 
f 4351/1/4351 4372/1/4372 4370/1/4370 
f 4372/1/4372 4373/1/4373 4371/1/4371 
f 4371/1/4371 4370/1/4370 4372/1/4372 
f 4367/1/4367 4196/1/4196 4195/1/4195 
f 4195/1/4195 4374/1/4374 4367/1/4367 
f 4195/1/4195 3588/1/3588 4353/1/4353 
f 4353/1/4353 4374/1/4374 4195/1/4195 
f 4374/1/4374 4353/1/4353 4355/1/4355 
f 4355/1/4355 4375/1/4375 4374/1/4374 
f 4375/1/4375 4368/1/4368 4367/1/4367 
f 4367/1/4367 4374/1/4374 4375/1/4375 
f 4376/1/4376 4375/1/4375 4355/1/4355 
f 4355/1/4355 4363/1/4363 4376/1/4376 
f 4363/1/4363 4365/1/4365 4371/1/4371 
f 4371/1/4371 4376/1/4376 4363/1/4363 
f 4376/1/4376 4371/1/4371 4373/1/4373 
f 4373/1/4373 4377/1/4377 4376/1/4376 
f 4377/1/4377 4368/1/4368 4375/1/4375 
f 4375/1/4375 4376/1/4376 4377/1/4377 
f 4378/1/4378 4200/1/4200 4199/1/4199 
f 4199/1/4199 4369/1/4369 4378/1/4378 
f 4369/1/4369 4368/1/4368 4379/1/4379 
f 4379/1/4379 4378/1/4378 4369/1/4369 
f 4378/1/4378 4379/1/4379 4380/1/4380 
f 4380/1/4380 4381/1/4381 4378/1/4378 
f 4381/1/4381 4202/1/4202 4200/1/4200 
f 4200/1/4200 4378/1/4378 4381/1/4381 
f 4382/1/4382 4383/1/4383 4384/1/4384 
f 4384/1/4384 4385/1/4385 4382/1/4382 
f 4385/1/4385 4347/1/4347 4346/1/4346 
f 4346/1/4346 4382/1/4382 4385/1/4385 
f 4382/1/4382 4346/1/4346 4343/1/4343 
f 4343/1/4343 4386/1/4386 4382/1/4382 
f 4386/1/4386 4387/1/4387 4383/1/4383 
f 4383/1/4383 4382/1/4382 4386/1/4386 
f 4388/1/4388 4389/1/4389 4373/1/4373 
f 4373/1/4373 4372/1/4372 4388/1/4388 
f 4372/1/4372 4351/1/4351 4350/1/4350 
f 4350/1/4350 4388/1/4388 4372/1/4372 
f 4388/1/4388 4350/1/4350 4347/1/4347 
f 4347/1/4347 4385/1/4385 4388/1/4388 
f 4385/1/4385 4384/1/4384 4389/1/4389 
f 4389/1/4389 4388/1/4388 4385/1/4385 
f 4390/1/4390 4379/1/4379 4368/1/4368 
f 4368/1/4368 4377/1/4377 4390/1/4390 
f 4377/1/4377 4373/1/4373 4389/1/4389 
f 4389/1/4389 4390/1/4390 4377/1/4377 
f 4390/1/4390 4389/1/4389 4384/1/4384 
f 4384/1/4384 4391/1/4391 4390/1/4390 
f 4391/1/4391 4380/1/4380 4379/1/4379 
f 4379/1/4379 4390/1/4390 4391/1/4391 
f 4392/1/4392 4386/1/4386 4343/1/4343 
f 4343/1/4343 4342/1/4342 4392/1/4392 
f 4342/1/4342 4339/1/4339 4393/1/4393 
f 4393/1/4393 4392/1/4392 4342/1/4342 
f 4393/1/4393 4394/1/4394 4395/1/4395 
f 4395/1/4395 4392/1/4392 4393/1/4393 
f 4392/1/4392 4395/1/4395 4387/1/4387 
f 4387/1/4387 4386/1/4386 4392/1/4392 
f 4396/1/4396 4397/1/4397 4380/1/4380 
f 4380/1/4380 4391/1/4391 4396/1/4396 
f 4391/1/4391 4384/1/4384 4383/1/4383 
f 4383/1/4383 4396/1/4396 4391/1/4391 
f 4396/1/4396 4383/1/4383 4387/1/4387 
f 4387/1/4387 4398/1/4398 4396/1/4396 
f 4398/1/4398 4399/1/4399 4397/1/4397 
f 4397/1/4397 4396/1/4396 4398/1/4398 
f 4400/1/4400 4393/1/4393 4339/1/4339 
f 4339/1/4339 4338/1/4338 4400/1/4400 
f 4338/1/4338 4335/1/4335 4401/1/4401 
f 4401/1/4401 4400/1/4400 4338/1/4338 
f 4401/1/4401 4402/1/4402 4403/1/4403 
f 4403/1/4403 4400/1/4400 4401/1/4401 
f 4400/1/4400 4403/1/4403 4394/1/4394 
f 4394/1/4394 4393/1/4393 4400/1/4400 
f 4404/1/4404 4401/1/4401 4335/1/4335 
f 4335/1/4335 4334/1/4334 4404/1/4404 
f 4334/1/4334 4333/1/4333 4405/1/4405 
f 4405/1/4405 4404/1/4404 4334/1/4334 
f 4404/1/4404 4405/1/4405 4406/1/4406 
f 4406/1/4406 4407/1/4407 4404/1/4404 
f 4404/1/4404 4407/1/4407 4402/1/4402 
f 4402/1/4402 4401/1/4401 4404/1/4404 
f 4408/1/4408 4409/1/4409 4410/1/4410 
f 4410/1/4410 4411/1/4411 4408/1/4408 
f 4411/1/4411 4329/1/4329 4328/1/4328 
f 4328/1/4328 4408/1/4408 4411/1/4411 
f 4408/1/4408 4328/1/4328 4322/1/4322 
f 4322/1/4322 4412/1/4412 4408/1/4408 
f 4413/1/4413 4409/1/4409 4408/1/4408 
f 4408/1/4408 4412/1/4412 4413/1/4413 
f 4414/1/4414 4412/1/4412 4322/1/4322 
f 4322/1/4322 4321/1/4321 4414/1/4414 
f 4321/1/4321 4319/1/4319 4415/1/4415 
f 4415/1/4415 4414/1/4414 4321/1/4321 
f 4414/1/4414 4415/1/4415 4416/1/4416 
f 4416/1/4416 4417/1/4417 4414/1/4414 
f 4417/1/4417 4413/1/4413 4412/1/4412 
f 4412/1/4412 4414/1/4414 4417/1/4417 
f 4415/1/4415 4319/1/4319 4318/1/4318 
f 4318/1/4318 4418/1/4418 4415/1/4415 
f 4418/1/4418 4318/1/4318 4317/1/4317 
f 4418/1/4418 4419/1/4419 4420/1/4420 
f 4421/1/4421 4416/1/4416 4415/1/4415 
f 4422/1/4422 4423/1/4423 4202/1/4202 
f 4202/1/4202 4381/1/4381 4422/1/4422 
f 4381/1/4381 4380/1/4380 4397/1/4397 
f 4397/1/4397 4422/1/4422 4381/1/4381 
f 4422/1/4422 4397/1/4397 4399/1/4399 
f 4399/1/4399 4424/1/4424 4422/1/4422 
f 4424/1/4424 4425/1/4425 4423/1/4423 
f 4423/1/4423 4422/1/4422 4424/1/4424 
f 4426/1/4426 4427/1/4427 4399/1/4399 
f 4399/1/4399 4398/1/4398 4426/1/4426 
f 4398/1/4398 4387/1/4387 4395/1/4395 
f 4395/1/4395 4426/1/4426 4398/1/4398 
f 4426/1/4426 4395/1/4395 4394/1/4394 
f 4394/1/4394 4428/1/4428 4426/1/4426 
f 4428/1/4428 4429/1/4429 4427/1/4427 
f 4427/1/4427 4426/1/4426 4428/1/4428 
f 4430/1/4430 4431/1/4431 4425/1/4425 
f 4425/1/4425 4424/1/4424 4430/1/4430 
f 4424/1/4424 4399/1/4399 4427/1/4427 
f 4427/1/4427 4430/1/4430 4424/1/4424 
f 4430/1/4430 4427/1/4427 4429/1/4429 
f 4429/1/4429 4432/1/4432 4430/1/4430 
f 4432/1/4432 4433/1/4433 4431/1/4431 
f 4431/1/4431 4430/1/4430 4432/1/4432 
f 4434/1/4434 4435/1/4435 4436/1/4436 
f 4436/1/4436 4437/1/4437 4434/1/4434 
f 4434/1/4434 4437/1/4437 4433/1/4433 
f 4433/1/4433 4432/1/4432 4434/1/4434 
f 4432/1/4432 4429/1/4429 4438/1/4438 
f 4438/1/4438 4434/1/4434 4432/1/4432 
f 4438/1/4438 4439/1/4439 4435/1/4435 
f 4435/1/4435 4434/1/4434 4438/1/4438 
f 4440/1/4440 4441/1/4441 4436/1/4436 
f 4436/1/4436 4442/1/4442 4440/1/4440 
f 4442/1/4442 4443/1/4443 4444/1/4444 
f 4444/1/4444 4440/1/4440 4442/1/4442 
f 4440/1/4440 4444/1/4444 4416/1/4416 
f 4416/1/4416 4421/1/4421 4440/1/4440 
f 4421/1/4421 4420/1/4420 4441/1/4441 
f 4441/1/4441 4440/1/4440 4421/1/4421 
f 4445/1/4445 4438/1/4438 4429/1/4429 
f 4429/1/4429 4428/1/4428 4445/1/4445 
f 4428/1/4428 4394/1/4394 4403/1/4403 
f 4403/1/4403 4445/1/4445 4428/1/4428 
f 4445/1/4445 4403/1/4403 4402/1/4402 
f 4402/1/4402 4446/1/4446 4445/1/4445 
f 4446/1/4446 4439/1/4439 4438/1/4438 
f 4438/1/4438 4445/1/4445 4446/1/4446 
f 4447/1/4447 4448/1/4448 4410/1/4410 
f 4410/1/4410 4409/1/4409 4447/1/4447 
f 4409/1/4409 4413/1/4413 4449/1/4449 
f 4449/1/4449 4447/1/4447 4409/1/4409 
f 4447/1/4447 4449/1/4449 4450/1/4450 
f 4450/1/4450 4451/1/4451 4447/1/4447 
f 4451/1/4451 4452/1/4452 4448/1/4448 
f 4448/1/4448 4447/1/4447 4451/1/4451 
f 4453/1/4453 4449/1/4449 4413/1/4413 
f 4413/1/4413 4417/1/4417 4453/1/4453 
f 4417/1/4417 4416/1/4416 4444/1/4444 
f 4444/1/4444 4453/1/4453 4417/1/4417 
f 4453/1/4453 4444/1/4444 4443/1/4443 
f 4443/1/4443 4454/1/4454 4453/1/4453 
f 4454/1/4454 4450/1/4450 4449/1/4449 
f 4449/1/4449 4453/1/4453 4454/1/4454 
f 4455/1/4455 4454/1/4454 4443/1/4443 
f 4443/1/4443 4442/1/4442 4455/1/4455 
f 4442/1/4442 4436/1/4436 4435/1/4435 
f 4435/1/4435 4455/1/4455 4442/1/4442 
f 4435/1/4435 4439/1/4439 4456/1/4456 
f 4456/1/4456 4455/1/4455 4435/1/4435 
f 4456/1/4456 4450/1/4450 4454/1/4454 
f 4454/1/4454 4455/1/4455 4456/1/4456 
f 4457/1/4457 4451/1/4451 4450/1/4450 
f 4450/1/4450 4456/1/4456 4457/1/4457 
f 4456/1/4456 4439/1/4439 4458/1/4458 
f 4457/1/4457 4458/1/4458 4459/1/4459 
f 4459/1/4459 4460/1/4460 4457/1/4457 
f 4460/1/4460 4452/1/4452 4451/1/4451 
f 4451/1/4451 4457/1/4457 4460/1/4460 
f 4461/1/4461 4458/1/4458 4439/1/4439 
f 4439/1/4439 4446/1/4446 4461/1/4461 
f 4446/1/4446 4402/1/4402 4407/1/4407 
f 4407/1/4407 4461/1/4461 4446/1/4446 
f 4407/1/4407 4406/1/4406 4462/1/4462 
f 4462/1/4462 4461/1/4461 4407/1/4407 
f 4462/1/4462 4459/1/4459 4458/1/4458 
f 4458/1/4458 4461/1/4461 4462/1/4462 
f 4460/1/4460 4459/1/4459 4463/1/4463 
f 4463/1/4463 4464/1/4464 4460/1/4460 
f 4464/1/4464 4463/1/4463 4465/1/4465 
f 4465/1/4465 4466/1/4466 4464/1/4464 
f 4464/1/4464 4466/1/4466 4452/1/4452 
f 4452/1/4452 4460/1/4460 4464/1/4464 
f 4467/1/4467 4468/1/4468 4469/1/4469 
f 4469/1/4469 4470/1/4470 4467/1/4467 
f 4469/1/4469 4410/1/4410 4448/1/4448 
f 4448/1/4448 4470/1/4470 4469/1/4469 
f 4470/1/4470 4448/1/4448 4452/1/4452 
f 4452/1/4452 4466/1/4466 4470/1/4470 
f 4466/1/4466 4465/1/4465 4467/1/4467 
f 4467/1/4467 4470/1/4470 4466/1/4466 
f 4471/1/4471 4185/1/4185 4184/1/4184 
f 4184/1/4184 4234/1/4234 4471/1/4471 
f 4234/1/4234 4204/1/4204 4472/1/4472 
f 4472/1/4472 4471/1/4471 4234/1/4234 
f 4471/1/4471 4472/1/4472 4473/1/4473 
f 4473/1/4473 4474/1/4474 4471/1/4471 
f 4474/1/4474 4186/1/4186 4185/1/4185 
f 4475/1/4475 4472/1/4472 4204/1/4204 
f 4204/1/4204 4203/1/4203 4475/1/4475 
f 4203/1/4203 4202/1/4202 4423/1/4423 
f 4423/1/4423 4475/1/4475 4203/1/4203 
f 4475/1/4475 4423/1/4423 4425/1/4425 
f 4425/1/4425 4476/1/4476 4475/1/4475 
f 4476/1/4476 4473/1/4473 4472/1/4472 
f 4472/1/4472 4475/1/4475 4476/1/4476 
f 4477/1/4477 4191/1/4191 4190/1/4190 
f 4478/1/4478 4190/1/4190 4178/1/4178 
f 4178/1/4178 4187/1/4187 4478/1/4478 
f 4187/1/4187 4186/1/4186 4479/1/4479 
f 4479/1/4479 4478/1/4478 4187/1/4187 
f 4478/1/4478 4479/1/4479 4480/1/4480 
f 4480/1/4480 4477/1/4477 4478/1/4478 
f 4481/1/4481 4479/1/4479 4186/1/4186 
f 4186/1/4186 4474/1/4474 4481/1/4481 
f 4474/1/4474 4473/1/4473 4482/1/4482 
f 4482/1/4482 4481/1/4481 4474/1/4474 
f 4481/1/4481 4482/1/4482 4483/1/4483 
f 4483/1/4483 4484/1/4484 4481/1/4481 
f 4484/1/4484 4480/1/4480 4479/1/4479 
f 4479/1/4479 4481/1/4481 4484/1/4484 
f 4485/1/4485 4175/1/4175 4193/1/4193 
f 4193/1/4193 4486/1/4486 4485/1/4485 
f 4486/1/4486 4193/1/4193 4191/1/4191 
f 4191/1/4191 4477/1/4477 4486/1/4486 
f 4477/1/4477 4480/1/4480 4487/1/4487 
f 4487/1/4487 4486/1/4486 4477/1/4477 
f 4486/1/4486 4487/1/4487 4488/1/4488 
f 4488/1/4488 4485/1/4485 4486/1/4486 
f 4489/1/4489 4490/1/4490 4491/1/4491 
f 4491/1/4491 4492/1/4492 4489/1/4489 
f 4492/1/4492 4491/1/4491 4153/1/4153 
f 4153/1/4153 4154/1/4154 4492/1/4492 
f 4154/1/4154 4157/1/4157 4493/1/4493 
f 4493/1/4493 4492/1/4492 4154/1/4154 
f 4492/1/4492 4493/1/4493 4488/1/4488 
f 4488/1/4488 4489/1/4489 4492/1/4492 
f 4485/1/4485 4488/1/4488 4493/1/4493 
f 4493/1/4493 4494/1/4494 4485/1/4485 
f 4494/1/4494 4493/1/4493 4157/1/4157 
f 4157/1/4157 4158/1/4158 4494/1/4494 
f 4158/1/4158 4161/1/4161 4181/1/4181 
f 4181/1/4181 4494/1/4494 4158/1/4158 
f 4494/1/4494 4181/1/4181 4175/1/4175 
f 4175/1/4175 4485/1/4485 4494/1/4494 
f 4495/1/4495 3610/1/3610 3609/1/3609 
f 3609/1/3609 4496/1/4496 4495/1/4495 
f 4496/1/4496 3609/1/3609 3555/1/3555 
f 3555/1/3555 4120/1/4120 4496/1/4496 
f 4120/1/4120 4123/1/4123 4497/1/4497 
f 4497/1/4497 4496/1/4496 4120/1/4120 
f 4496/1/4496 4497/1/4497 4498/1/4498 
f 4498/1/4498 4495/1/4495 4496/1/4496 
f 4499/1/4499 4500/1/4500 4433/1/4433 
f 4433/1/4433 4437/1/4437 4499/1/4499 
f 4437/1/4437 4436/1/4436 4441/1/4441 
f 4441/1/4441 4499/1/4499 4437/1/4437 
f 4499/1/4499 4441/1/4441 4420/1/4420 
f 4420/1/4420 4501/1/4501 4499/1/4499 
f 4501/1/4501 4502/1/4502 4500/1/4500 
f 4500/1/4500 4499/1/4499 4501/1/4501 
f 4476/1/4476 4425/1/4425 4431/1/4431 
f 4431/1/4431 4503/1/4503 4476/1/4476 
f 4503/1/4503 4431/1/4431 4433/1/4433 
f 4433/1/4433 4500/1/4500 4503/1/4503 
f 4500/1/4500 4502/1/4502 4504/1/4504 
f 4503/1/4503 4504/1/4504 4473/1/4473 
f 4505/1/4505 4506/1/4506 4483/1/4483 
f 4483/1/4483 4482/1/4482 4505/1/4505 
f 4482/1/4482 4473/1/4473 4504/1/4504 
f 4505/1/4505 4504/1/4504 4502/1/4502 
f 4507/1/4507 4508/1/4508 4506/1/4506 
f 4506/1/4506 4505/1/4505 4507/1/4507 
f 4509/1/4509 4487/1/4487 4480/1/4480 
f 4480/1/4480 4484/1/4484 4509/1/4509 
f 4484/1/4484 4483/1/4483 4506/1/4506 
f 4506/1/4506 4509/1/4509 4484/1/4484 
f 4509/1/4509 4506/1/4506 4508/1/4508 
f 4508/1/4508 4510/1/4510 4509/1/4509 
f 4510/1/4510 4488/1/4488 4487/1/4487 
f 4487/1/4487 4509/1/4509 4510/1/4510 
f 4511/1/4511 4498/1/4498 4497/1/4497 
f 4497/1/4497 4512/1/4512 4511/1/4511 
f 4512/1/4512 4497/1/4497 4123/1/4123 
f 4123/1/4123 4150/1/4150 4512/1/4512 
f 4150/1/4150 4153/1/4153 4491/1/4491 
f 4491/1/4491 4512/1/4512 4150/1/4150 
f 4512/1/4512 4491/1/4491 4490/1/4490 
f 4490/1/4490 4511/1/4511 4512/1/4512 
f 4513/1/4513 4514/1/4514 4313/1/4313 
f 4312/1/4312 3613/1/3613 3612/1/3612 
f 3612/1/3612 4513/1/4513 4312/1/4312 
f 4513/1/4513 3612/1/3612 3610/1/3610 
f 3610/1/3610 4495/1/4495 4513/1/4513 
f 4495/1/4495 4498/1/4498 4514/1/4514 
f 4515/1/4515 4514/1/4514 4498/1/4498 
f 4516/1/4516 4517/1/4517 4518/1/4518 
f 4518/1/4518 4515/1/4515 4516/1/4516 
f 4518/1/4518 4313/1/4313 4514/1/4514 
f 4514/1/4514 4515/1/4515 4518/1/4518 
f 4519/1/4519 4511/1/4511 4490/1/4490 
f 4490/1/4490 4489/1/4489 4519/1/4519 
f 4489/1/4489 4488/1/4488 4510/1/4510 
f 4510/1/4510 4519/1/4519 4489/1/4489 
f 4519/1/4519 4510/1/4510 4508/1/4508 
f 4508/1/4508 4520/1/4520 4519/1/4519 
f 4520/1/4520 4498/1/4498 4511/1/4511 
f 4511/1/4511 4519/1/4519 4520/1/4520 
f 4520/1/4520 4508/1/4508 4507/1/4507 
f 4507/1/4507 4502/1/4502 4521/1/4521 
f 4522/1/4522 4521/1/4521 4517/1/4517 
f 4517/1/4517 4516/1/4516 4522/1/4522 
f 4522/1/4522 4516/1/4516 4498/1/4498 
f 4523/1/4523 4518/1/4518 4517/1/4517 
f 4523/1/4523 4524/1/4524 4317/1/4317 
f 4316/1/4316 4309/1/4309 4311/1/4311 
f 4311/1/4311 4523/1/4523 4316/1/4316 
f 4523/1/4523 4311/1/4311 4313/1/4313 
f 4313/1/4313 4518/1/4518 4523/1/4523 
f 4501/1/4501 4420/1/4420 4419/1/4419 
f 4419/1/4419 4317/1/4317 4524/1/4524 
f 4525/1/4525 4524/1/4524 4517/1/4517 
f 4521/1/4521 4502/1/4502 4501/1/4501 
f 4501/1/4501 4525/1/4525 4521/1/4521 
f 4526/1/4526 4527/1/4527 4528/1/4528 
f 4528/1/4528 4529/1/4529 4526/1/4526 
f 4529/1/4529 4530/1/4530 4531/1/4531 
f 4526/1/4526 4531/1/4531 4532/1/4532 
f 4532/1/4532 4533/1/4533 4526/1/4526 
f 4533/1/4533 4534/1/4534 4527/1/4527 
f 4527/1/4527 4526/1/4526 4533/1/4533 
f 4535/1/4535 4531/1/4531 4530/1/4530 
f 4530/1/4530 4536/1/4536 4535/1/4535 
f 4536/1/4536 4537/1/4537 4538/1/4538 
f 4538/1/4538 4535/1/4535 4536/1/4536 
f 4535/1/4535 4538/1/4538 4539/1/4539 
f 4539/1/4539 4540/1/4540 4535/1/4535 
f 4540/1/4540 4532/1/4532 4531/1/4531 
f 4531/1/4531 4535/1/4535 4540/1/4540 
f 4541/1/4541 4542/1/4542 4543/1/4543 
f 4543/1/4543 4544/1/4544 4541/1/4541 
f 4544/1/4544 4545/1/4545 4546/1/4546 
f 4546/1/4546 4541/1/4541 4544/1/4544 
f 4541/1/4541 4546/1/4546 4547/1/4547 
f 4547/1/4547 4548/1/4548 4541/1/4541 
f 4548/1/4548 4549/1/4549 4542/1/4542 
f 4542/1/4542 4541/1/4541 4548/1/4548 
f 1427/1/1427 1426/1/1426 4550/1/4550 
f 4550/1/4550 4551/1/4551 1427/1/1427 
f 4550/1/4550 4543/1/4543 4542/1/4542 
f 4542/1/4542 4551/1/4551 4550/1/4550 
f 4551/1/4551 4542/1/4542 4549/1/4549 
f 4549/1/4549 4552/1/4552 4551/1/4551 
f 4552/1/4552 1428/1/1428 1427/1/1427 
f 1427/1/1427 4551/1/4551 4552/1/4552 
f 4553/1/4553 4554/1/4554 4549/1/4549 
f 4549/1/4549 4548/1/4548 4553/1/4553 
f 4548/1/4548 4547/1/4547 4555/1/4555 
f 4555/1/4555 4553/1/4553 4548/1/4548 
f 4556/1/4556 4553/1/4553 4555/1/4555 
f 4555/1/4555 4557/1/4557 4556/1/4556 
f 4553/1/4553 4556/1/4556 4558/1/4558 
f 4558/1/4558 4554/1/4554 4553/1/4553 
f 4559/1/4559 4560/1/4560 1437/1/1437 
f 1437/1/1437 1436/1/1436 4559/1/4559 
f 1436/1/1436 1428/1/1428 4552/1/4552 
f 4552/1/4552 4559/1/4559 1436/1/1436 
f 4559/1/4559 4552/1/4552 4549/1/4549 
f 4549/1/4549 4554/1/4554 4559/1/4559 
f 4554/1/4554 4558/1/4558 4560/1/4560 
f 4560/1/4560 4559/1/4559 4554/1/4554 
f 4561/1/4561 4562/1/4562 1441/1/1441 
f 1441/1/1441 1440/1/1440 4561/1/4561 
f 1440/1/1440 1437/1/1437 4560/1/4560 
f 4560/1/4560 4561/1/4561 1440/1/1440 
f 4561/1/4561 4560/1/4560 4558/1/4558 
f 4558/1/4558 4563/1/4563 4561/1/4561 
f 4563/1/4563 4564/1/4564 4562/1/4562 
f 4562/1/4562 4561/1/4561 4563/1/4563 
f 4565/1/4565 4566/1/4566 4567/1/4567 
f 4567/1/4567 4568/1/4568 4565/1/4565 
f 4568/1/4568 4569/1/4569 4570/1/4570 
f 4570/1/4570 4565/1/4565 4568/1/4568 
f 4565/1/4565 4570/1/4570 1452/1/1452 
f 1452/1/1452 1451/1/1451 4565/1/4565 
f 1451/1/1451 1450/1/1450 4566/1/4566 
f 4566/1/4566 4565/1/4565 1451/1/1451 
f 4571/1/4571 4572/1/4572 4564/1/4564 
f 4564/1/4564 4563/1/4563 4571/1/4571 
f 4563/1/4563 4558/1/4558 4556/1/4556 
f 4556/1/4556 4571/1/4571 4563/1/4563 
f 4571/1/4571 4556/1/4556 4557/1/4557 
f 4557/1/4557 4573/1/4573 4571/1/4571 
f 4573/1/4573 4574/1/4574 4572/1/4572 
f 4572/1/4572 4571/1/4571 4573/1/4573 
f 4575/1/4575 4576/1/4576 4577/1/4577 
f 4577/1/4577 4578/1/4578 4575/1/4575 
f 4578/1/4578 4567/1/4567 4566/1/4566 
f 4566/1/4566 4575/1/4575 4578/1/4578 
f 4575/1/4575 4566/1/4566 1450/1/1450 
f 1450/1/1450 1464/1/1464 4575/1/4575 
f 1464/1/1464 1463/1/1463 4576/1/4576 
f 4576/1/4576 4575/1/4575 1464/1/1464 
f 4579/1/4579 4580/1/4580 4581/1/4581 
f 4581/1/4581 4582/1/4582 4579/1/4579 
f 4582/1/4582 4530/1/4530 4529/1/4529 
f 4529/1/4529 4579/1/4579 4582/1/4582 
f 4579/1/4579 4529/1/4529 4528/1/4528 
f 4528/1/4528 4583/1/4583 4579/1/4579 
f 4583/1/4583 4584/1/4584 4580/1/4580 
f 4580/1/4580 4579/1/4579 4583/1/4583 
f 4585/1/4585 4580/1/4580 4584/1/4584 
f 4584/1/4584 4586/1/4586 4585/1/4585 
f 4586/1/4586 4564/1/4564 4572/1/4572 
f 4572/1/4572 4585/1/4585 4586/1/4586 
f 4585/1/4585 4572/1/4572 4574/1/4574 
f 4574/1/4574 4587/1/4587 4585/1/4585 
f 4587/1/4587 4581/1/4581 4580/1/4580 
f 4580/1/4580 4585/1/4585 4587/1/4587 
f 4588/1/4588 4576/1/4576 1463/1/1463 
f 1463/1/1463 1474/1/1474 4588/1/4588 
f 1474/1/1474 1441/1/1441 4562/1/4562 
f 4562/1/4562 4588/1/4588 1474/1/1474 
f 4588/1/4588 4562/1/4562 4564/1/4564 
f 4564/1/4564 4589/1/4589 4588/1/4588 
f 4589/1/4589 4577/1/4577 4576/1/4576 
f 4576/1/4576 4588/1/4588 4589/1/4589 
f 4590/1/4590 4591/1/4591 3972/1/3972 
f 3972/1/3972 3970/1/3970 4590/1/4590 
f 4590/1/4590 3970/1/3970 3969/1/3969 
f 3969/1/3969 4592/1/4592 4590/1/4590 
f 4592/1/4592 4593/1/4593 4594/1/4594 
f 4594/1/4594 4590/1/4590 4592/1/4592 
f 4594/1/4594 4534/1/4534 4591/1/4591 
f 4591/1/4591 4590/1/4590 4594/1/4594 
f 4595/1/4595 4596/1/4596 4584/1/4584 
f 4584/1/4584 4583/1/4583 4595/1/4595 
f 4583/1/4583 4528/1/4528 4597/1/4597 
f 4597/1/4597 4595/1/4595 4583/1/4583 
f 4595/1/4595 4597/1/4597 4598/1/4598 
f 4598/1/4598 4599/1/4599 4595/1/4595 
f 4599/1/4599 4600/1/4600 4596/1/4596 
f 4596/1/4596 4595/1/4595 4599/1/4599 
f 4601/1/4601 4602/1/4602 4598/1/4598 
f 4598/1/4598 4603/1/4603 4601/1/4601 
f 4603/1/4603 4593/1/4593 4604/1/4604 
f 4604/1/4604 4601/1/4601 4603/1/4603 
f 4601/1/4601 4604/1/4604 4569/1/4569 
f 4569/1/4569 4568/1/4568 4601/1/4601 
f 4568/1/4568 4567/1/4567 4602/1/4602 
f 4602/1/4602 4601/1/4601 4568/1/4568 
f 4605/1/4605 4602/1/4602 4567/1/4567 
f 4567/1/4567 4578/1/4578 4605/1/4605 
f 4578/1/4578 4577/1/4577 4606/1/4606 
f 4606/1/4606 4605/1/4605 4578/1/4578 
f 4605/1/4605 4606/1/4606 4600/1/4600 
f 4600/1/4600 4599/1/4599 4605/1/4605 
f 4599/1/4599 4598/1/4598 4602/1/4602 
f 4602/1/4602 4605/1/4605 4599/1/4599 
f 4607/1/4607 4606/1/4606 4577/1/4577 
f 4577/1/4577 4589/1/4589 4607/1/4607 
f 4589/1/4589 4564/1/4564 4586/1/4586 
f 4586/1/4586 4607/1/4607 4589/1/4589 
f 4607/1/4607 4586/1/4586 4584/1/4584 
f 4584/1/4584 4596/1/4596 4607/1/4607 
f 4596/1/4596 4600/1/4600 4606/1/4606 
f 4606/1/4606 4607/1/4607 4596/1/4596 
f 4608/1/4608 4609/1/4609 4610/1/4610 
f 4610/1/4610 4611/1/4611 4608/1/4608 
f 4611/1/4611 4612/1/4612 4613/1/4613 
f 4608/1/4608 4613/1/4613 4537/1/4537 
f 4537/1/4537 4536/1/4536 4608/1/4608 
f 4536/1/4536 4530/1/4530 4609/1/4609 
f 4609/1/4609 4608/1/4608 4536/1/4536 
f 4614/1/4614 4615/1/4615 4616/1/4616 
f 4616/1/4616 4617/1/4617 4614/1/4614 
f 4617/1/4617 4616/1/4616 4610/1/4610 
f 4610/1/4610 4609/1/4609 4617/1/4617 
f 4609/1/4609 4530/1/4530 4582/1/4582 
f 4582/1/4582 4617/1/4617 4609/1/4609 
f 4617/1/4617 4582/1/4582 4581/1/4581 
f 4581/1/4581 4614/1/4614 4617/1/4617 
f 4618/1/4618 4619/1/4619 4615/1/4615 
f 4615/1/4615 4614/1/4614 4618/1/4618 
f 4614/1/4614 4581/1/4581 4587/1/4587 
f 4587/1/4587 4618/1/4618 4614/1/4614 
f 4620/1/4620 4618/1/4618 4587/1/4587 
f 4587/1/4587 4574/1/4574 4620/1/4620 
f 4620/1/4620 4621/1/4621 4619/1/4619 
f 4619/1/4619 4618/1/4618 4620/1/4620 
f 4622/1/4622 4623/1/4623 4621/1/4621 
f 4621/1/4621 4620/1/4620 4622/1/4622 
f 4573/1/4573 4622/1/4622 4620/1/4620 
f 4620/1/4620 4574/1/4574 4573/1/4573 
f 4622/1/4622 4573/1/4573 4557/1/4557 
f 4557/1/4557 4624/1/4624 4622/1/4622 
f 4624/1/4624 4625/1/4625 4623/1/4623 
f 4623/1/4623 4622/1/4622 4624/1/4624 
f 4626/1/4626 4627/1/4627 4625/1/4625 
f 4625/1/4625 4624/1/4624 4626/1/4626 
f 4624/1/4624 4557/1/4557 4555/1/4555 
f 4555/1/4555 4626/1/4626 4624/1/4624 
f 4626/1/4626 4555/1/4555 4547/1/4547 
f 4547/1/4547 4628/1/4628 4626/1/4626 
f 4628/1/4628 4629/1/4629 4627/1/4627 
f 4627/1/4627 4626/1/4626 4628/1/4628 
f 4630/1/4630 4631/1/4631 4629/1/4629 
f 4629/1/4629 4628/1/4628 4630/1/4630 
f 4628/1/4628 4547/1/4547 4546/1/4546 
f 4546/1/4546 4630/1/4630 4628/1/4628 
f 4630/1/4630 4546/1/4546 4545/1/4545 
f 4545/1/4545 4632/1/4632 4630/1/4630 
f 4632/1/4632 4633/1/4633 4631/1/4631 
f 4631/1/4631 4630/1/4630 4632/1/4632 
f 4634/1/4634 4635/1/4635 4636/1/4636 
f 4636/1/4636 4637/1/4637 4634/1/4634 
f 4637/1/4637 4636/1/4636 4638/1/4638 
f 4638/1/4638 4639/1/4639 4637/1/4637 
f 4637/1/4637 4639/1/4639 4640/1/4640 
f 4641/1/4641 4642/1/4642 4634/1/4634 
f 4634/1/4634 4637/1/4637 4641/1/4641 
f 4643/1/4643 4644/1/4644 4642/1/4642 
f 4642/1/4642 4641/1/4641 4643/1/4643 
f 4641/1/4641 4640/1/4640 4645/1/4645 
f 4645/1/4645 4643/1/4643 4641/1/4641 
f 4643/1/4643 4645/1/4645 4646/1/4646 
f 4646/1/4646 4647/1/4647 4643/1/4643 
f 4647/1/4647 4648/1/4648 4644/1/4644 
f 4644/1/4644 4643/1/4643 4647/1/4647 
f 4649/1/4649 4650/1/4650 4648/1/4648 
f 4648/1/4648 4647/1/4647 4649/1/4649 
f 4647/1/4647 4646/1/4646 4651/1/4651 
f 4651/1/4651 4649/1/4649 4647/1/4647 
f 4649/1/4649 4651/1/4651 4652/1/4652 
f 4652/1/4652 4653/1/4653 4649/1/4649 
f 4653/1/4653 4654/1/4654 4650/1/4650 
f 4650/1/4650 4649/1/4649 4653/1/4653 
f 4655/1/4655 4656/1/4656 4654/1/4654 
f 4654/1/4654 4653/1/4653 4655/1/4655 
f 4653/1/4653 4652/1/4652 4657/1/4657 
f 4657/1/4657 4655/1/4655 4653/1/4653 
f 4655/1/4655 4657/1/4657 4658/1/4658 
f 4658/1/4658 4659/1/4659 4655/1/4655 
f 4659/1/4659 4660/1/4660 4656/1/4656 
f 4656/1/4656 4655/1/4655 4659/1/4659 
f 4661/1/4661 4662/1/4662 4663/1/4663 
f 4663/1/4663 4664/1/4664 4661/1/4661 
f 4664/1/4664 4654/1/4654 4656/1/4656 
f 4656/1/4656 4661/1/4661 4664/1/4664 
f 4661/1/4661 4656/1/4656 4660/1/4660 
f 4660/1/4660 4665/1/4665 4661/1/4661 
f 4662/1/4662 4661/1/4661 4665/1/4665 
f 4665/1/4665 4666/1/4666 4662/1/4662 
f 4667/1/4667 4668/1/4668 4660/1/4660 
f 4660/1/4660 4659/1/4659 4667/1/4667 
f 4659/1/4659 4658/1/4658 4669/1/4669 
f 4669/1/4669 4667/1/4667 4659/1/4659 
f 4669/1/4669 4670/1/4670 4671/1/4671 
f 4671/1/4671 4667/1/4667 4669/1/4669 
f 4671/1/4671 4672/1/4672 4668/1/4668 
f 4668/1/4668 4667/1/4667 4671/1/4671 
f 4673/1/4673 4674/1/4674 4675/1/4675 
f 4675/1/4675 4676/1/4676 4673/1/4673 
f 4676/1/4676 4672/1/4672 4671/1/4671 
f 4671/1/4671 4673/1/4673 4676/1/4676 
f 4673/1/4673 4671/1/4671 4670/1/4670 
f 4670/1/4670 4677/1/4677 4673/1/4673 
f 4677/1/4677 4678/1/4678 4674/1/4674 
f 4674/1/4674 4673/1/4673 4677/1/4677 
f 4679/1/4679 4680/1/4680 4681/1/4681 
f 4681/1/4681 4682/1/4682 4679/1/4679 
f 4682/1/4682 4675/1/4675 4674/1/4674 
f 4674/1/4674 4679/1/4679 4682/1/4682 
f 4679/1/4679 4674/1/4674 4678/1/4678 
f 4678/1/4678 4683/1/4683 4679/1/4679 
f 4683/1/4683 4684/1/4684 4680/1/4680 
f 4680/1/4680 4679/1/4679 4683/1/4683 
f 4685/1/4685 4686/1/4686 4687/1/4687 
f 4687/1/4687 4688/1/4688 4685/1/4685 
f 4688/1/4688 4648/1/4648 4650/1/4650 
f 4650/1/4650 4685/1/4685 4688/1/4688 
f 4685/1/4685 4650/1/4650 4654/1/4654 
f 4654/1/4654 4664/1/4664 4685/1/4685 
f 4664/1/4664 4663/1/4663 4686/1/4686 
f 4686/1/4686 4685/1/4685 4664/1/4664 
f 4689/1/4689 4690/1/4690 4666/1/4666 
f 4666/1/4666 4665/1/4665 4689/1/4689 
f 4665/1/4665 4660/1/4660 4668/1/4668 
f 4668/1/4668 4689/1/4689 4665/1/4665 
f 4689/1/4689 4668/1/4668 4672/1/4672 
f 4672/1/4672 4691/1/4691 4689/1/4689 
f 4691/1/4691 4692/1/4692 4690/1/4690 
f 4693/1/4693 4694/1/4694 4695/1/4695 
f 4695/1/4695 4696/1/4696 4693/1/4693 
f 4696/1/4696 4642/1/4642 4644/1/4644 
f 4644/1/4644 4693/1/4693 4696/1/4696 
f 4693/1/4693 4644/1/4644 4648/1/4648 
f 4648/1/4648 4688/1/4688 4693/1/4693 
f 4688/1/4688 4687/1/4687 4694/1/4694 
f 4694/1/4694 4693/1/4693 4688/1/4688 
f 4686/1/4686 4663/1/4663 4662/1/4662 
f 4662/1/4662 4697/1/4697 4686/1/4686 
f 4662/1/4662 4666/1/4666 4690/1/4690 
f 4690/1/4690 4697/1/4697 4662/1/4662 
f 4697/1/4697 4690/1/4690 4692/1/4692 
f 4692/1/4692 4698/1/4698 4697/1/4697 
f 4698/1/4698 4687/1/4687 4686/1/4686 
f 4686/1/4686 4697/1/4697 4698/1/4698 
f 4699/1/4699 4694/1/4694 4687/1/4687 
f 4698/1/4698 4692/1/4692 4700/1/4700 
f 4700/1/4700 4699/1/4699 4698/1/4698 
f 4699/1/4699 4700/1/4700 4701/1/4701 
f 4701/1/4701 4702/1/4702 4699/1/4699 
f 4702/1/4702 4695/1/4695 4694/1/4694 
f 4703/1/4703 4704/1/4704 4701/1/4701 
f 4701/1/4701 4700/1/4700 4703/1/4703 
f 4703/1/4703 4700/1/4700 4692/1/4692 
f 4692/1/4692 4691/1/4691 4703/1/4703 
f 4691/1/4691 4672/1/4672 4676/1/4676 
f 4676/1/4676 4703/1/4703 4691/1/4691 
f 4676/1/4676 4675/1/4675 4704/1/4704 
f 4704/1/4704 4703/1/4703 4676/1/4676 
f 4705/1/4705 4706/1/4706 4707/1/4707 
f 4707/1/4707 4708/1/4708 4705/1/4705 
f 4708/1/4708 4707/1/4707 4709/1/4709 
f 4709/1/4709 4710/1/4710 4708/1/4708 
f 4708/1/4708 4710/1/4710 4635/1/4635 
f 4635/1/4635 4705/1/4705 4708/1/4708 
f 4711/1/4711 4712/1/4712 4706/1/4706 
f 4706/1/4706 4705/1/4705 4711/1/4711 
f 4705/1/4705 4635/1/4635 4634/1/4634 
f 4634/1/4634 4711/1/4711 4705/1/4705 
f 4711/1/4711 4634/1/4634 4642/1/4642 
f 4642/1/4642 4696/1/4696 4711/1/4711 
f 4696/1/4696 4695/1/4695 4712/1/4712 
f 4712/1/4712 4711/1/4711 4696/1/4696 
f 4713/1/4713 4714/1/4714 4715/1/4715 
f 4715/1/4715 4716/1/4716 4713/1/4713 
f 4716/1/4716 4638/1/4638 4636/1/4636 
f 4636/1/4636 4713/1/4713 4716/1/4716 
f 4713/1/4713 4636/1/4636 4635/1/4635 
f 4635/1/4635 4710/1/4710 4713/1/4713 
f 4710/1/4710 4709/1/4709 4714/1/4714 
f 4714/1/4714 4713/1/4713 4710/1/4710 
f 4717/1/4717 4718/1/4718 4719/1/4719 
f 4719/1/4719 4720/1/4720 4717/1/4717 
f 4720/1/4720 4681/1/4681 4680/1/4680 
f 4680/1/4680 4717/1/4717 4720/1/4720 
f 4717/1/4717 4680/1/4680 4684/1/4684 
f 4684/1/4684 4721/1/4721 4717/1/4717 
f 4721/1/4721 4722/1/4722 4718/1/4718 
f 4718/1/4718 4717/1/4717 4721/1/4721 
f 4720/1/4720 4719/1/4719 4723/1/4723 
f 4723/1/4723 4724/1/4724 4720/1/4720 
f 4724/1/4724 4723/1/4723 4725/1/4725 
f 4725/1/4725 4726/1/4726 4724/1/4724 
f 4724/1/4724 4726/1/4726 4681/1/4681 
f 4681/1/4681 4720/1/4720 4724/1/4724 
f 4727/1/4727 4718/1/4718 4722/1/4722 
f 4722/1/4722 4728/1/4728 4727/1/4727 
f 4728/1/4728 4715/1/4715 4714/1/4714 
f 4714/1/4714 4727/1/4727 4728/1/4728 
f 4727/1/4727 4714/1/4714 4709/1/4709 
f 4729/1/4729 4719/1/4719 4718/1/4718 
f 4718/1/4718 4727/1/4727 4729/1/4729 
f 4730/1/4730 4723/1/4723 4719/1/4719 
f 4719/1/4719 4729/1/4729 4730/1/4730 
f 4729/1/4729 4709/1/4709 4707/1/4707 
f 4707/1/4707 4730/1/4730 4729/1/4729 
f 4730/1/4730 4707/1/4707 4706/1/4706 
f 4706/1/4706 4731/1/4731 4730/1/4730 
f 4731/1/4731 4725/1/4725 4723/1/4723 
f 4723/1/4723 4730/1/4730 4731/1/4731 
f 4732/1/4732 4726/1/4726 4725/1/4725 
f 4725/1/4725 4733/1/4733 4732/1/4732 
f 4733/1/4733 4701/1/4701 4704/1/4704 
f 4704/1/4704 4732/1/4732 4733/1/4733 
f 4732/1/4732 4704/1/4704 4675/1/4675 
f 4675/1/4675 4682/1/4682 4732/1/4732 
f 4682/1/4682 4681/1/4681 4726/1/4726 
f 4726/1/4726 4732/1/4732 4682/1/4682 
f 4734/1/4734 4712/1/4712 4695/1/4695 
f 4695/1/4695 4702/1/4702 4734/1/4734 
f 4702/1/4702 4701/1/4701 4733/1/4733 
f 4733/1/4733 4734/1/4734 4702/1/4702 
f 4734/1/4734 4733/1/4733 4725/1/4725 
f 4725/1/4725 4731/1/4731 4734/1/4734 
f 4731/1/4731 4706/1/4706 4712/1/4712 
f 4712/1/4712 4734/1/4734 4731/1/4731 
f 4735/1/4735 4736/1/4736 4737/1/4737 
f 4737/1/4737 4738/1/4738 4735/1/4735 
f 4738/1/4738 4629/1/4629 4631/1/4631 
f 4735/1/4735 4631/1/4631 4633/1/4633 
f 4633/1/4633 4739/1/4739 4735/1/4735 
f 4739/1/4739 4740/1/4740 4736/1/4736 
f 4741/1/4741 4742/1/4742 4633/1/4633 
f 4633/1/4633 4632/1/4632 4741/1/4741 
f 4632/1/4632 4545/1/4545 4743/1/4743 
f 4743/1/4743 4741/1/4741 4632/1/4632 
f 4741/1/4741 4743/1/4743 4744/1/4744 
f 4744/1/4744 4745/1/4745 4741/1/4741 
f 4745/1/4745 4746/1/4746 4742/1/4742 
f 4742/1/4742 4741/1/4741 4745/1/4745 
f 4747/1/4747 4744/1/4744 4743/1/4743 
f 4743/1/4743 4748/1/4748 4747/1/4747 
f 4748/1/4748 4743/1/4743 4545/1/4545 
f 4545/1/4545 4544/1/4544 4748/1/4748 
f 4748/1/4748 4544/1/4544 4543/1/4543 
f 4543/1/4543 4749/1/4749 4748/1/4748 
f 4749/1/4749 4750/1/4750 4747/1/4747 
f 4747/1/4747 4748/1/4748 4749/1/4749 
f 4751/1/4751 4752/1/4752 4750/1/4750 
f 4750/1/4750 4749/1/4749 4751/1/4751 
f 4749/1/4749 4543/1/4543 4550/1/4550 
f 4550/1/4550 4751/1/4751 4749/1/4749 
f 4751/1/4751 4550/1/4550 1426/1/1426 
f 1426/1/1426 1641/1/1641 4751/1/4751 
f 1641/1/1641 1640/1/1640 4752/1/4752 
f 4752/1/4752 4751/1/4751 1641/1/1641 
f 4753/1/4753 1645/1/1645 1644/1/1644 
f 1644/1/1644 4754/1/4754 4753/1/4753 
f 4754/1/4754 4755/1/4755 4756/1/4756 
f 4756/1/4756 4753/1/4753 4754/1/4754 
f 4753/1/4753 4756/1/4756 4757/1/4757 
f 4753/1/4753 4758/1/4758 1646/1/1646 
f 4759/1/4759 4760/1/4760 4761/1/4761 
f 4761/1/4761 4762/1/4762 4759/1/4759 
f 4762/1/4762 4750/1/4750 4752/1/4752 
f 4752/1/4752 4759/1/4759 4762/1/4762 
f 4759/1/4759 4752/1/4752 1640/1/1640 
f 1640/1/1640 1656/1/1656 4759/1/4759 
f 1656/1/1656 1655/1/1655 4760/1/4760 
f 4760/1/4760 4759/1/4759 1656/1/1656 
f 4763/1/4763 4764/1/4764 4765/1/4765 
f 4765/1/4765 4766/1/4766 4763/1/4763 
f 4766/1/4766 4761/1/4761 4760/1/4760 
f 4760/1/4760 4763/1/4763 4766/1/4766 
f 4763/1/4763 4760/1/4760 1655/1/1655 
f 1655/1/1655 1662/1/1662 4763/1/4763 
f 1662/1/1662 1661/1/1661 4764/1/4764 
f 4764/1/4764 4763/1/4763 1662/1/1662 
f 4767/1/4767 4768/1/4768 4769/1/4769 
f 4769/1/4769 4770/1/4770 4767/1/4767 
f 4770/1/4770 4765/1/4765 4764/1/4764 
f 4764/1/4764 4767/1/4767 4770/1/4770 
f 4767/1/4767 4764/1/4764 1661/1/1661 
f 1661/1/1661 1668/1/1668 4767/1/4767 
f 1668/1/1668 1667/1/1667 4768/1/4768 
f 4768/1/4768 4767/1/4767 1668/1/1668 
f 4771/1/4771 4772/1/4772 4773/1/4773 
f 4773/1/4773 4774/1/4774 4771/1/4771 
f 4773/1/4773 4769/1/4769 4768/1/4768 
f 4768/1/4768 4774/1/4774 4773/1/4773 
f 4774/1/4774 4768/1/4768 1667/1/1667 
f 1667/1/1667 1674/1/1674 4774/1/4774 
f 4774/1/4774 1674/1/1674 1673/1/1673 
f 1673/1/1673 4771/1/4771 4774/1/4774 
f 4775/1/4775 4776/1/4776 4772/1/4772 
f 4772/1/4772 4771/1/4771 4775/1/4775 
f 4771/1/4771 1673/1/1673 1680/1/1680 
f 1680/1/1680 4775/1/4775 4771/1/4771 
f 4775/1/4775 1680/1/1680 1679/1/1679 
f 1679/1/1679 4777/1/4777 4775/1/4775 
f 4777/1/4777 4778/1/4778 4776/1/4776 
f 4779/1/4779 4780/1/4780 4778/1/4778 
f 4778/1/4778 4777/1/4777 4779/1/4779 
f 4777/1/4777 1679/1/1679 1683/1/1683 
f 1683/1/1683 4779/1/4779 4777/1/4777 
f 4779/1/4779 1683/1/1683 1646/1/1646 
f 1646/1/1646 4758/1/4758 4779/1/4779 
f 4758/1/4758 4757/1/4757 4780/1/4780 
f 4781/1/4781 4782/1/4782 4744/1/4744 
f 4744/1/4744 4747/1/4747 4781/1/4781 
f 4747/1/4747 4750/1/4750 4783/1/4783 
f 4781/1/4781 4783/1/4783 4784/1/4784 
f 4784/1/4784 4785/1/4785 4781/1/4781 
f 4785/1/4785 4786/1/4786 4782/1/4782 
f 4782/1/4782 4781/1/4781 4785/1/4785 
f 4787/1/4787 4788/1/4788 4784/1/4784 
f 4783/1/4783 4750/1/4750 4762/1/4762 
f 4762/1/4762 4787/1/4787 4783/1/4783 
f 4789/1/4789 4787/1/4787 4762/1/4762 
f 4762/1/4762 4761/1/4761 4789/1/4789 
f 4789/1/4789 4790/1/4790 4788/1/4788 
f 4788/1/4788 4787/1/4787 4789/1/4789 
f 4791/1/4791 4792/1/4792 4746/1/4746 
f 4746/1/4746 4745/1/4745 4791/1/4791 
f 4745/1/4745 4744/1/4744 4782/1/4782 
f 4782/1/4782 4791/1/4791 4745/1/4745 
f 4791/1/4791 4782/1/4782 4786/1/4786 
f 4793/1/4793 4794/1/4794 4792/1/4792 
f 4792/1/4792 4791/1/4791 4793/1/4793 
f 4795/1/4795 4796/1/4796 4797/1/4797 
f 4797/1/4797 4798/1/4798 4795/1/4795 
f 4798/1/4798 4746/1/4746 4792/1/4792 
f 4792/1/4792 4795/1/4795 4798/1/4798 
f 4795/1/4795 4792/1/4792 4794/1/4794 
f 4794/1/4794 4799/1/4799 4795/1/4795 
f 4799/1/4799 4800/1/4800 4796/1/4796 
f 4796/1/4796 4795/1/4795 4799/1/4799 
f 4801/1/4801 4802/1/4802 4803/1/4803 
f 4803/1/4803 4804/1/4804 4801/1/4801 
f 4804/1/4804 4797/1/4797 4796/1/4796 
f 4796/1/4796 4801/1/4801 4804/1/4804 
f 4801/1/4801 4796/1/4796 4800/1/4800 
f 4800/1/4800 4805/1/4805 4801/1/4801 
f 4805/1/4805 4806/1/4806 4802/1/4802 
f 4802/1/4802 4801/1/4801 4805/1/4805 
f 4807/1/4807 4808/1/4808 4769/1/4769 
f 4769/1/4769 4773/1/4773 4807/1/4807 
f 4809/1/4809 4807/1/4807 4773/1/4773 
f 4773/1/4773 4772/1/4772 4809/1/4809 
f 4807/1/4807 4809/1/4809 4810/1/4810 
f 4810/1/4810 4811/1/4811 4807/1/4807 
f 4807/1/4807 4811/1/4811 4812/1/4812 
f 4809/1/4809 4813/1/4813 4814/1/4814 
f 4814/1/4814 4810/1/4810 4809/1/4809 
f 4809/1/4809 4772/1/4772 4776/1/4776 
f 4813/1/4813 4776/1/4776 4778/1/4778 
f 4815/1/4815 4816/1/4816 4814/1/4814 
f 4817/1/4817 4818/1/4818 4816/1/4816 
f 4815/1/4815 4778/1/4778 4780/1/4780 
f 4817/1/4817 4780/1/4780 4757/1/4757 
f 4757/1/4757 4819/1/4819 4817/1/4817 
f 4817/1/4817 4819/1/4819 4820/1/4820 
f 4820/1/4820 4818/1/4818 4817/1/4817 
f 4819/1/4819 4757/1/4757 4756/1/4756 
f 4821/1/4821 4756/1/4756 4755/1/4755 
f 4821/1/4821 4822/1/4822 4823/1/4823 
f 4823/1/4823 4824/1/4824 4821/1/4821 
f 4824/1/4824 4820/1/4820 4819/1/4819 
f 4819/1/4819 4821/1/4821 4824/1/4824 
f 4825/1/4825 4826/1/4826 4823/1/4823 
f 4823/1/4823 4822/1/4822 4825/1/4825 
f 4822/1/4822 4755/1/4755 4827/1/4827 
f 4827/1/4827 4825/1/4825 4822/1/4822 
f 4825/1/4825 4827/1/4827 4828/1/4828 
f 4825/1/4825 4829/1/4829 4830/1/4830 
f 4830/1/4830 4826/1/4826 4825/1/4825 
f 4831/1/4831 4832/1/4832 4833/1/4833 
f 4833/1/4833 4834/1/4834 4831/1/4831 
f 4834/1/4834 4835/1/4835 4836/1/4836 
f 4836/1/4836 4831/1/4831 4834/1/4834 
f 4831/1/4831 4836/1/4836 4837/1/4837 
f 4838/1/4838 4839/1/4839 4832/1/4832 
f 4832/1/4832 4831/1/4831 4838/1/4838 
f 4840/1/4840 4841/1/4841 4842/1/4842 
f 4842/1/4842 4843/1/4843 4840/1/4840 
f 4843/1/4843 4844/1/4844 4845/1/4845 
f 4845/1/4845 4840/1/4840 4843/1/4843 
f 4840/1/4840 4845/1/4845 4846/1/4846 
f 4846/1/4846 4847/1/4847 4840/1/4840 
f 4847/1/4847 4848/1/4848 4841/1/4841 
f 4841/1/4841 4840/1/4840 4847/1/4847 
f 4849/1/4849 4850/1/4850 4851/1/4851 
f 4851/1/4851 4852/1/4852 4849/1/4849 
f 4852/1/4852 4853/1/4853 4854/1/4854 
f 4854/1/4854 4849/1/4849 4852/1/4852 
f 4849/1/4849 4854/1/4854 4855/1/4855 
f 4855/1/4855 4856/1/4856 4849/1/4849 
f 4856/1/4856 4857/1/4857 4850/1/4850 
f 4850/1/4850 4849/1/4849 4856/1/4856 
f 4858/1/4858 4859/1/4859 4848/1/4848 
f 4847/1/4847 4846/1/4846 4860/1/4860 
f 4860/1/4860 4858/1/4858 4847/1/4847 
f 4858/1/4858 4860/1/4860 4853/1/4853 
f 4853/1/4853 4852/1/4852 4858/1/4858 
f 4852/1/4852 4851/1/4851 4859/1/4859 
f 4861/1/4861 4862/1/4862 4863/1/4863 
f 4863/1/4863 4864/1/4864 4861/1/4861 
f 4861/1/4861 4864/1/4864 4865/1/4865 
f 4865/1/4865 4866/1/4866 4861/1/4861 
f 4866/1/4866 4867/1/4867 4868/1/4868 
f 4868/1/4868 4861/1/4861 4866/1/4866 
f 4868/1/4868 4869/1/4869 4862/1/4862 
f 4862/1/4862 4861/1/4861 4868/1/4868 
f 4870/1/4870 4862/1/4862 4869/1/4869 
f 4869/1/4869 4871/1/4871 4870/1/4870 
f 4871/1/4871 4842/1/4842 4841/1/4841 
f 4841/1/4841 4870/1/4870 4871/1/4871 
f 4870/1/4870 4841/1/4841 4848/1/4848 
f 4848/1/4848 4872/1/4872 4870/1/4870 
f 4872/1/4872 4863/1/4863 4862/1/4862 
f 4862/1/4862 4870/1/4870 4872/1/4872 
f 4873/1/4873 4874/1/4874 4857/1/4857 
f 4857/1/4857 4856/1/4856 4873/1/4873 
f 4856/1/4856 4855/1/4855 4875/1/4875 
f 4875/1/4875 4873/1/4873 4856/1/4856 
f 4873/1/4873 4875/1/4875 4876/1/4876 
f 4876/1/4876 4877/1/4877 4873/1/4873 
f 4877/1/4877 4878/1/4878 4874/1/4874 
f 4874/1/4874 4873/1/4873 4877/1/4877 
f 4879/1/4879 4877/1/4877 4876/1/4876 
f 4876/1/4876 4880/1/4880 4879/1/4879 
f 4880/1/4880 4881/1/4881 4882/1/4882 
f 4882/1/4882 4879/1/4879 4880/1/4880 
f 4879/1/4879 4882/1/4882 4883/1/4883 
f 4879/1/4879 4884/1/4884 4878/1/4878 
f 4885/1/4885 4886/1/4886 4887/1/4887 
f 4887/1/4887 4888/1/4888 4885/1/4885 
f 4888/1/4888 4887/1/4887 4837/1/4837 
f 4837/1/4837 4836/1/4836 4888/1/4888 
f 4888/1/4888 4836/1/4836 4835/1/4835 
f 4888/1/4888 4889/1/4889 4890/1/4890 
f 4890/1/4890 4885/1/4885 4888/1/4888 
f 4891/1/4891 4892/1/4892 4886/1/4886 
f 4885/1/4885 4890/1/4890 4893/1/4893 
f 4893/1/4893 4891/1/4891 4885/1/4885 
f 4891/1/4891 4893/1/4893 4867/1/4867 
f 4867/1/4867 4866/1/4866 4891/1/4891 
f 4891/1/4891 4866/1/4866 4865/1/4865 
f 4865/1/4865 4892/1/4892 4891/1/4891 
f 4894/1/4894 4895/1/4895 4896/1/4896 
f 4896/1/4896 4897/1/4897 4894/1/4894 
f 4897/1/4897 4851/1/4851 4850/1/4850 
f 4850/1/4850 4894/1/4894 4897/1/4897 
f 4850/1/4850 4857/1/4857 4874/1/4874 
f 4894/1/4894 4874/1/4874 4878/1/4878 
f 4878/1/4878 4895/1/4895 4894/1/4894 
f 4898/1/4898 4895/1/4895 4878/1/4878 
f 4878/1/4878 4884/1/4884 4898/1/4898 
f 4884/1/4884 4883/1/4883 4899/1/4899 
f 4899/1/4899 4898/1/4898 4884/1/4884 
f 4899/1/4899 4839/1/4839 4900/1/4900 
f 4900/1/4900 4898/1/4898 4899/1/4899 
f 4900/1/4900 4896/1/4896 4895/1/4895 
f 4895/1/4895 4898/1/4898 4900/1/4900 
f 4901/1/4901 4899/1/4899 4883/1/4883 
f 4883/1/4883 4882/1/4882 4901/1/4901 
f 4882/1/4882 4881/1/4881 4902/1/4902 
f 4902/1/4902 4901/1/4901 4882/1/4882 
f 4901/1/4901 4902/1/4902 4833/1/4833 
f 4833/1/4833 4832/1/4832 4901/1/4901 
f 4901/1/4901 4832/1/4832 4839/1/4839 
f 4839/1/4839 4899/1/4899 4901/1/4901 
f 4903/1/4903 4900/1/4900 4839/1/4839 
f 4838/1/4838 4837/1/4837 4887/1/4887 
f 4903/1/4903 4887/1/4887 4886/1/4886 
f 4904/1/4904 4896/1/4896 4900/1/4900 
f 4905/1/4905 4906/1/4906 4863/1/4863 
f 4863/1/4863 4872/1/4872 4905/1/4905 
f 4872/1/4872 4848/1/4848 4859/1/4859 
f 4859/1/4859 4905/1/4905 4872/1/4872 
f 4905/1/4905 4859/1/4859 4851/1/4851 
f 4851/1/4851 4897/1/4897 4905/1/4905 
f 4897/1/4897 4896/1/4896 4906/1/4906 
f 4906/1/4906 4905/1/4905 4897/1/4897 
f 4892/1/4892 4865/1/4865 4864/1/4864 
f 4864/1/4864 4863/1/4863 4906/1/4906 
f 4906/1/4906 4907/1/4907 4864/1/4864 
f 4907/1/4907 4906/1/4906 4896/1/4896 
f 4896/1/4896 4904/1/4904 4907/1/4907 
f 4904/1/4904 4886/1/4886 4892/1/4892 
f 4908/1/4908 4875/1/4875 4855/1/4855 
f 4855/1/4855 4909/1/4909 4908/1/4908 
f 4909/1/4909 4910/1/4910 4911/1/4911 
f 4911/1/4911 4908/1/4908 4909/1/4909 
f 4908/1/4908 4911/1/4911 4912/1/4912 
f 4912/1/4912 4913/1/4913 4908/1/4908 
f 4913/1/4913 4876/1/4876 4875/1/4875 
f 4875/1/4875 4908/1/4908 4913/1/4913 
f 4914/1/4914 4880/1/4880 4876/1/4876 
f 4876/1/4876 4913/1/4913 4914/1/4914 
f 4913/1/4913 4912/1/4912 4915/1/4915 
f 4915/1/4915 4914/1/4914 4913/1/4913 
f 4914/1/4914 4915/1/4915 4916/1/4916 
f 4916/1/4916 4917/1/4917 4914/1/4914 
f 4917/1/4917 4881/1/4881 4880/1/4880 
f 4880/1/4880 4914/1/4914 4917/1/4917 
f 4918/1/4918 4919/1/4919 4920/1/4920 
f 4920/1/4920 4921/1/4921 4918/1/4918 
f 4921/1/4921 4833/1/4833 4902/1/4902 
f 4902/1/4902 4918/1/4918 4921/1/4921 
f 4918/1/4918 4902/1/4902 4881/1/4881 
f 4881/1/4881 4917/1/4917 4918/1/4918 
f 4917/1/4917 4916/1/4916 4919/1/4919 
f 4919/1/4919 4918/1/4918 4917/1/4917 
f 4922/1/4922 4923/1/4923 4910/1/4910 
f 4909/1/4909 4855/1/4855 4854/1/4854 
f 4854/1/4854 4922/1/4922 4909/1/4909 
f 4922/1/4922 4854/1/4854 4853/1/4853 
f 4853/1/4853 4924/1/4924 4922/1/4922 
f 4924/1/4924 4925/1/4925 4923/1/4923 
f 4923/1/4923 4922/1/4922 4924/1/4924 
f 4926/1/4926 4927/1/4927 4925/1/4925 
f 4925/1/4925 4924/1/4924 4926/1/4926 
f 4924/1/4924 4853/1/4853 4860/1/4860 
f 4860/1/4860 4926/1/4926 4924/1/4924 
f 4926/1/4926 4860/1/4860 4846/1/4846 
f 4846/1/4846 4928/1/4928 4926/1/4926 
f 4926/1/4926 4928/1/4928 4929/1/4929 
f 4929/1/4929 4927/1/4927 4926/1/4926 
f 4930/1/4930 4931/1/4931 4932/1/4932 
f 4932/1/4932 4933/1/4933 4930/1/4930 
f 4930/1/4930 4933/1/4933 4765/1/4765 
f 4765/1/4765 4770/1/4770 4930/1/4930 
f 4808/1/4808 4930/1/4930 4770/1/4770 
f 4770/1/4770 4769/1/4769 4808/1/4808 
f 4808/1/4808 4812/1/4812 4931/1/4931 
f 4931/1/4931 4930/1/4930 4808/1/4808 
f 4934/1/4934 4935/1/4935 4936/1/4936 
f 4936/1/4936 4937/1/4937 4934/1/4934 
f 4937/1/4937 4929/1/4929 4928/1/4928 
f 4928/1/4928 4934/1/4934 4937/1/4937 
f 4845/1/4845 4934/1/4934 4928/1/4928 
f 4928/1/4928 4846/1/4846 4845/1/4845 
f 4934/1/4934 4845/1/4845 4844/1/4844 
f 4844/1/4844 4935/1/4935 4934/1/4934 
f 4938/1/4938 4789/1/4789 4761/1/4761 
f 4761/1/4761 4766/1/4766 4938/1/4938 
f 4766/1/4766 4765/1/4765 4933/1/4933 
f 4933/1/4933 4938/1/4938 4766/1/4766 
f 4933/1/4933 4932/1/4932 4939/1/4939 
f 4939/1/4939 4938/1/4938 4933/1/4933 
f 4938/1/4938 4939/1/4939 4790/1/4790 
f 4790/1/4790 4789/1/4789 4938/1/4938 
f 4940/1/4940 4834/1/4834 4833/1/4833 
f 4833/1/4833 4921/1/4921 4940/1/4940 
f 4921/1/4921 4920/1/4920 4941/1/4941 
f 4941/1/4941 4940/1/4940 4921/1/4921 
f 4940/1/4940 4941/1/4941 4942/1/4942 
f 4942/1/4942 4943/1/4943 4940/1/4940 
f 4943/1/4943 4835/1/4835 4834/1/4834 
f 4834/1/4834 4940/1/4940 4943/1/4943 
f 4944/1/4944 4889/1/4889 4835/1/4835 
f 4835/1/4835 4943/1/4943 4944/1/4944 
f 4943/1/4943 4942/1/4942 4945/1/4945 
f 4945/1/4945 4944/1/4944 4943/1/4943 
f 4944/1/4944 4945/1/4945 4946/1/4946 
f 4946/1/4946 4947/1/4947 4944/1/4944 
f 4947/1/4947 4890/1/4890 4889/1/4889 
f 4889/1/4889 4944/1/4944 4947/1/4947 
f 4948/1/4948 4893/1/4893 4890/1/4890 
f 4890/1/4890 4947/1/4947 4948/1/4948 
f 4947/1/4947 4946/1/4946 4949/1/4949 
f 4949/1/4949 4948/1/4948 4947/1/4947 
f 4948/1/4948 4949/1/4949 4950/1/4950 
f 4950/1/4950 4951/1/4951 4948/1/4948 
f 4951/1/4951 4867/1/4867 4893/1/4893 
f 4893/1/4893 4948/1/4948 4951/1/4951 
f 4952/1/4952 4868/1/4868 4867/1/4867 
f 4867/1/4867 4951/1/4951 4952/1/4952 
f 4951/1/4951 4950/1/4950 4953/1/4953 
f 4953/1/4953 4952/1/4952 4951/1/4951 
f 4953/1/4953 4954/1/4954 4955/1/4955 
f 4955/1/4955 4952/1/4952 4953/1/4953 
f 4952/1/4952 4955/1/4955 4869/1/4869 
f 4869/1/4869 4868/1/4868 4952/1/4952 
f 4956/1/4956 4957/1/4957 4842/1/4842 
f 4842/1/4842 4871/1/4871 4956/1/4956 
f 4871/1/4871 4869/1/4869 4955/1/4955 
f 4955/1/4955 4956/1/4956 4871/1/4871 
f 4956/1/4956 4955/1/4955 4954/1/4954 
f 4954/1/4954 4958/1/4958 4956/1/4956 
f 4958/1/4958 4959/1/4959 4957/1/4957 
f 4957/1/4957 4956/1/4956 4958/1/4958 
f 4829/1/4829 4828/1/4828 4960/1/4960 
f 4960/1/4960 4961/1/4961 4829/1/4829 
f 4961/1/4961 4960/1/4960 4962/1/4962 
f 4961/1/4961 4963/1/4963 4964/1/4964 
f 4964/1/4964 4965/1/4965 4961/1/4961 
f 4965/1/4965 4830/1/4830 4829/1/4829 
f 4829/1/4829 4961/1/4961 4965/1/4965 
f 4966/1/4966 4967/1/4967 4844/1/4844 
f 4844/1/4844 4843/1/4843 4966/1/4966 
f 4843/1/4843 4842/1/4842 4957/1/4957 
f 4957/1/4957 4966/1/4966 4843/1/4843 
f 4966/1/4966 4957/1/4957 4959/1/4959 
f 4959/1/4959 4968/1/4968 4966/1/4966 
f 4968/1/4968 4969/1/4969 4967/1/4967 
f 4967/1/4967 4966/1/4966 4968/1/4968 
f 4970/1/4970 4967/1/4967 4969/1/4969 
f 4969/1/4969 4971/1/4971 4970/1/4970 
f 4971/1/4971 4972/1/4972 4973/1/4973 
f 4973/1/4973 4970/1/4970 4971/1/4971 
f 4970/1/4970 4973/1/4973 4936/1/4936 
f 4936/1/4936 4935/1/4935 4970/1/4970 
f 4935/1/4935 4844/1/4844 4967/1/4967 
f 4967/1/4967 4970/1/4970 4935/1/4935 
f 4974/1/4974 4963/1/4963 4962/1/4962 
f 4962/1/4962 4975/1/4975 4974/1/4974 
f 4975/1/4975 4803/1/4803 4802/1/4802 
f 4802/1/4802 4974/1/4974 4975/1/4975 
f 4974/1/4974 4802/1/4802 4806/1/4806 
f 4806/1/4806 4976/1/4976 4974/1/4974 
f 4976/1/4976 4964/1/4964 4963/1/4963 
f 4963/1/4963 4974/1/4974 4976/1/4976 
f 4977/1/4977 4978/1/4978 4979/1/4979 
f 4979/1/4979 4980/1/4980 4977/1/4977 
f 4980/1/4980 4981/1/4981 4982/1/4982 
f 4982/1/4982 4977/1/4977 4980/1/4980 
f 4977/1/4977 4982/1/4982 4972/1/4972 
f 4972/1/4972 4971/1/4971 4977/1/4977 
f 4971/1/4971 4969/1/4969 4978/1/4978 
f 4978/1/4978 4977/1/4977 4971/1/4971 
f 4983/1/4983 4984/1/4984 4794/1/4794 
f 4794/1/4794 4793/1/4793 4983/1/4983 
f 4793/1/4793 4786/1/4786 4985/1/4985 
f 4985/1/4985 4983/1/4983 4793/1/4793 
f 4983/1/4983 4985/1/4985 4986/1/4986 
f 4987/1/4987 4988/1/4988 4984/1/4984 
f 4984/1/4984 4983/1/4983 4987/1/4987 
f 4989/1/4989 4985/1/4985 4786/1/4786 
f 4786/1/4786 4785/1/4785 4989/1/4989 
f 4785/1/4785 4784/1/4784 4990/1/4990 
f 4990/1/4990 4989/1/4989 4785/1/4785 
f 4989/1/4989 4990/1/4990 4991/1/4991 
f 4991/1/4991 4992/1/4992 4989/1/4989 
f 4992/1/4992 4986/1/4986 4985/1/4985 
f 4985/1/4985 4989/1/4989 4992/1/4992 
f 4993/1/4993 4994/1/4994 4986/1/4986 
f 4986/1/4986 4992/1/4992 4993/1/4993 
f 4992/1/4992 4991/1/4991 4995/1/4995 
f 4995/1/4995 4993/1/4993 4992/1/4992 
f 4993/1/4993 4995/1/4995 4912/1/4912 
f 4912/1/4912 4911/1/4911 4993/1/4993 
f 4911/1/4911 4910/1/4910 4994/1/4994 
f 4994/1/4994 4993/1/4993 4911/1/4911 
f 4996/1/4996 4994/1/4994 4910/1/4910 
f 4910/1/4910 4923/1/4923 4996/1/4996 
f 4923/1/4923 4925/1/4925 4997/1/4997 
f 4997/1/4997 4996/1/4996 4923/1/4923 
f 4996/1/4996 4997/1/4997 4988/1/4988 
f 4988/1/4988 4987/1/4987 4996/1/4996 
f 4987/1/4987 4986/1/4986 4994/1/4994 
f 4994/1/4994 4996/1/4996 4987/1/4987 
f 4998/1/4998 4999/1/4999 4991/1/4991 
f 4991/1/4991 4990/1/4990 4998/1/4998 
f 4990/1/4990 4784/1/4784 4788/1/4788 
f 4788/1/4788 4998/1/4998 4990/1/4990 
f 4998/1/4998 4788/1/4788 4790/1/4790 
f 4790/1/4790 5000/1/5000 4998/1/4998 
f 5000/1/5000 5001/1/5001 4999/1/4999 
f 5002/1/5002 4999/1/4999 5001/1/5001 
f 5001/1/5001 5003/1/5003 5002/1/5002 
f 5003/1/5003 4916/1/4916 4915/1/4915 
f 5002/1/5002 4915/1/4915 4912/1/4912 
f 4912/1/4912 4995/1/4995 5002/1/5002 
f 4995/1/4995 4991/1/4991 4999/1/4999 
f 4999/1/4999 5002/1/5002 4995/1/4995 
f 5004/1/5004 5005/1/5005 5001/1/5001 
f 5001/1/5001 5000/1/5000 5004/1/5004 
f 5000/1/5000 4790/1/4790 4939/1/4939 
f 4939/1/4939 5004/1/5004 5000/1/5000 
f 5004/1/5004 4939/1/4939 4932/1/4932 
f 4932/1/4932 5006/1/5006 5004/1/5004 
f 5006/1/5006 5007/1/5007 5005/1/5005 
f 5005/1/5005 5004/1/5004 5006/1/5006 
f 5008/1/5008 5005/1/5005 5007/1/5007 
f 5007/1/5007 5009/1/5009 5008/1/5008 
f 5009/1/5009 4920/1/4920 4919/1/4919 
f 4919/1/4919 5008/1/5008 5009/1/5009 
f 5008/1/5008 4919/1/4919 4916/1/4916 
f 4916/1/4916 5003/1/5003 5008/1/5008 
f 5003/1/5003 5001/1/5001 5005/1/5005 
f 5005/1/5005 5008/1/5008 5003/1/5003 
f 5010/1/5010 5011/1/5011 4800/1/4800 
f 4800/1/4800 4799/1/4799 5010/1/5010 
f 4799/1/4799 4794/1/4794 4984/1/4984 
f 4984/1/4984 5010/1/5010 4799/1/4799 
f 5010/1/5010 4984/1/4984 4988/1/4988 
f 4988/1/4988 5012/1/5012 5010/1/5010 
f 5012/1/5012 5013/1/5013 5011/1/5011 
f 5011/1/5011 5010/1/5010 5012/1/5012 
f 5014/1/5014 4997/1/4997 4925/1/4925 
f 4925/1/4925 4927/1/4927 5014/1/5014 
f 4927/1/4927 4929/1/4929 5015/1/5015 
f 5015/1/5015 5014/1/5014 4927/1/4927 
f 5014/1/5014 5015/1/5015 5013/1/5013 
f 5013/1/5013 5012/1/5012 5014/1/5014 
f 5012/1/5012 4988/1/4988 4997/1/4997 
f 4997/1/4997 5014/1/5014 5012/1/5012 
f 5016/1/5016 5017/1/5017 4806/1/4806 
f 4806/1/4806 4805/1/4805 5016/1/5016 
f 4805/1/4805 4800/1/4800 5011/1/5011 
f 5011/1/5011 5016/1/5016 4805/1/4805 
f 5016/1/5016 5011/1/5011 5013/1/5013 
f 5013/1/5013 5018/1/5018 5016/1/5016 
f 5018/1/5018 5019/1/5019 5017/1/5017 
f 5017/1/5017 5016/1/5016 5018/1/5018 
f 5020/1/5020 5015/1/5015 4929/1/4929 
f 4929/1/4929 4937/1/4937 5020/1/5020 
f 4937/1/4937 4936/1/4936 5021/1/5021 
f 5021/1/5021 5020/1/5020 4937/1/4937 
f 5020/1/5020 5021/1/5021 5019/1/5019 
f 5019/1/5019 5018/1/5018 5020/1/5020 
f 5018/1/5018 5013/1/5013 5015/1/5015 
f 5015/1/5015 5020/1/5020 5018/1/5018 
f 5022/1/5022 5023/1/5023 4964/1/4964 
f 4964/1/4964 4976/1/4976 5022/1/5022 
f 4976/1/4976 4806/1/4806 5017/1/5017 
f 5017/1/5017 5022/1/5022 4976/1/4976 
f 5022/1/5022 5017/1/5017 5019/1/5019 
f 5019/1/5019 5024/1/5024 5022/1/5022 
f 5024/1/5024 4981/1/4981 5023/1/5023 
f 5023/1/5023 5022/1/5022 5024/1/5024 
f 5025/1/5025 5021/1/5021 4936/1/4936 
f 4936/1/4936 4973/1/4973 5025/1/5025 
f 4973/1/4973 4972/1/4972 4982/1/4982 
f 4982/1/4982 5025/1/5025 4973/1/4973 
f 5025/1/5025 4982/1/4982 4981/1/4981 
f 4981/1/4981 5024/1/5024 5025/1/5025 
f 5024/1/5024 5019/1/5019 5021/1/5021 
f 5021/1/5021 5025/1/5025 5024/1/5024 
f 5026/1/5026 5027/1/5027 5028/1/5028 
f 5028/1/5028 5029/1/5029 5026/1/5026 
f 5029/1/5029 4942/1/4942 4941/1/4941 
f 4941/1/4941 5026/1/5026 5029/1/5029 
f 5026/1/5026 4941/1/4941 4920/1/4920 
f 4920/1/4920 5009/1/5009 5026/1/5026 
f 5009/1/5009 5007/1/5007 5027/1/5027 
f 5027/1/5027 5026/1/5026 5009/1/5009 
f 5030/1/5030 4931/1/4931 4812/1/4812 
f 5031/1/5031 5028/1/5028 5027/1/5027 
f 5030/1/5030 5027/1/5027 5007/1/5007 
f 5007/1/5007 5006/1/5006 5030/1/5030 
f 5006/1/5006 4932/1/4932 4931/1/4931 
f 4931/1/4931 5030/1/5030 5006/1/5006 
f 5032/1/5032 5033/1/5033 5028/1/5028 
f 5028/1/5028 5031/1/5031 5032/1/5032 
f 5031/1/5031 4812/1/4812 4811/1/4811 
f 5032/1/5032 4811/1/4811 4810/1/4810 
f 5034/1/5034 5035/1/5035 5033/1/5033 
f 5036/1/5036 5033/1/5033 5035/1/5035 
f 5035/1/5035 5037/1/5037 5036/1/5036 
f 5037/1/5037 4946/1/4946 4945/1/4945 
f 5036/1/5036 4945/1/4945 4942/1/4942 
f 4942/1/4942 5029/1/5029 5036/1/5036 
f 5029/1/5029 5028/1/5028 5033/1/5033 
f 4814/1/4814 5038/1/5038 5034/1/5034 
f 5034/1/5034 4810/1/4810 4814/1/4814 
f 4816/1/4816 5039/1/5039 5038/1/5038 
f 5038/1/5038 5039/1/5039 5040/1/5040 
f 5040/1/5040 5041/1/5041 5038/1/5038 
f 5038/1/5038 5041/1/5041 5035/1/5035 
f 5042/1/5042 5041/1/5041 5040/1/5040 
f 5043/1/5043 4950/1/4950 4949/1/4949 
f 5042/1/5042 4949/1/4949 4946/1/4946 
f 4946/1/4946 5037/1/5037 5042/1/5042 
f 5037/1/5037 5035/1/5035 5041/1/5041 
f 5041/1/5041 5042/1/5042 5037/1/5037 
f 5044/1/5044 5039/1/5039 4816/1/4816 
f 4816/1/4816 4818/1/4818 5044/1/5044 
f 4818/1/4818 4820/1/4820 5045/1/5045 
f 5045/1/5045 5044/1/5044 4818/1/4818 
f 5044/1/5044 5045/1/5045 5046/1/5046 
f 5046/1/5046 5047/1/5047 5044/1/5044 
f 5044/1/5044 5047/1/5047 5040/1/5040 
f 5043/1/5043 5040/1/5040 5047/1/5047 
f 5047/1/5047 5048/1/5048 5043/1/5043 
f 5047/1/5047 5046/1/5046 5049/1/5049 
f 5049/1/5049 5048/1/5048 5047/1/5047 
f 5048/1/5048 5049/1/5049 4954/1/4954 
f 4954/1/4954 4953/1/4953 5048/1/5048 
f 5048/1/5048 4953/1/4953 4950/1/4950 
f 4950/1/4950 5043/1/5043 5048/1/5048 
f 5050/1/5050 5045/1/5045 4820/1/4820 
f 4820/1/4820 4824/1/4824 5050/1/5050 
f 4824/1/4824 4823/1/4823 5051/1/5051 
f 5051/1/5051 5050/1/5050 4824/1/4824 
f 5050/1/5050 5051/1/5051 5052/1/5052 
f 5052/1/5052 5053/1/5053 5050/1/5050 
f 5053/1/5053 5046/1/5046 5045/1/5045 
f 5045/1/5045 5050/1/5050 5053/1/5053 
f 5054/1/5054 5049/1/5049 5046/1/5046 
f 5046/1/5046 5053/1/5053 5054/1/5054 
f 5053/1/5053 5052/1/5052 5055/1/5055 
f 5055/1/5055 5054/1/5054 5053/1/5053 
f 5054/1/5054 5055/1/5055 4959/1/4959 
f 4959/1/4959 4958/1/4958 5054/1/5054 
f 4958/1/4958 4954/1/4954 5049/1/5049 
f 5049/1/5049 5054/1/5054 4958/1/4958 
f 5051/1/5051 4823/1/4823 4826/1/4826 
f 4826/1/4826 5056/1/5056 5051/1/5051 
f 4826/1/4826 4830/1/4830 5057/1/5057 
f 5057/1/5057 5056/1/5056 4826/1/4826 
f 5056/1/5056 5057/1/5057 4979/1/4979 
f 4979/1/4979 5058/1/5058 5056/1/5056 
f 5058/1/5058 5052/1/5052 5051/1/5051 
f 5051/1/5051 5056/1/5056 5058/1/5058 
f 5059/1/5059 5055/1/5055 5052/1/5052 
f 5052/1/5052 5058/1/5058 5059/1/5059 
f 5058/1/5058 4979/1/4979 4978/1/4978 
f 4978/1/4978 5059/1/5059 5058/1/5058 
f 5059/1/5059 4978/1/4978 4969/1/4969 
f 4969/1/4969 4968/1/4968 5059/1/5059 
f 4968/1/4968 4959/1/4959 5055/1/5055 
f 5055/1/5055 5059/1/5059 4968/1/4968 
f 5060/1/5060 5057/1/5057 4830/1/4830 
f 4830/1/4830 4965/1/4965 5060/1/5060 
f 4965/1/4965 4964/1/4964 5023/1/5023 
f 5023/1/5023 5060/1/5060 4965/1/4965 
f 5060/1/5060 5023/1/5023 4981/1/4981 
f 4981/1/4981 4980/1/4980 5060/1/5060 
f 4980/1/4980 4979/1/4979 5057/1/5057 
f 5061/1/5061 5062/1/5062 5063/1/5063 
f 5063/1/5063 5064/1/5064 5061/1/5061 
f 5064/1/5064 4828/1/4828 4827/1/4827 
f 4827/1/4827 5061/1/5061 5064/1/5064 
f 5061/1/5061 4827/1/4827 4755/1/4755 
f 4755/1/4755 4754/1/4754 5061/1/5061 
f 4754/1/4754 1644/1/1644 5062/1/5062 
f 5062/1/5062 5061/1/5061 4754/1/4754 
f 5065/1/5065 1971/1/1971 1970/1/1970 
f 1970/1/1970 5066/1/5066 5065/1/5065 
f 5065/1/5065 5066/1/5066 5063/1/5063 
f 5063/1/5063 5062/1/5062 5065/1/5065 
f 5062/1/5062 1644/1/1644 1971/1/1971 
f 1971/1/1971 5065/1/5065 5062/1/5062 
f 5067/1/5067 5068/1/5068 5069/1/5069 
f 5069/1/5069 5070/1/5070 5067/1/5067 
f 5070/1/5070 4962/1/4962 4960/1/4960 
f 4960/1/4960 5067/1/5067 5070/1/5070 
f 5067/1/5067 4960/1/4960 4828/1/4828 
f 4828/1/4828 5064/1/5064 5067/1/5067 
f 5064/1/5064 5063/1/5063 5068/1/5068 
f 5068/1/5068 5067/1/5067 5064/1/5064 
f 5071/1/5071 5068/1/5068 5063/1/5063 
f 5063/1/5063 5066/1/5066 5071/1/5071 
f 5066/1/5066 1970/1/1970 1979/1/1979 
f 1979/1/1979 5071/1/5071 5066/1/5066 
f 5071/1/5071 1979/1/1979 1978/1/1978 
f 1978/1/1978 5072/1/5072 5071/1/5071 
f 5072/1/5072 5069/1/5069 5068/1/5068 
f 5068/1/5068 5071/1/5071 5072/1/5072 
f 5073/1/5073 5074/1/5074 5075/1/5075 
f 5075/1/5075 5076/1/5076 5073/1/5073 
f 5076/1/5076 5075/1/5075 4803/1/4803 
f 4803/1/4803 4975/1/4975 5076/1/5076 
f 5076/1/5076 4975/1/4975 4962/1/4962 
f 4962/1/4962 5070/1/5070 5076/1/5076 
f 5070/1/5070 5069/1/5069 5073/1/5073 
f 5073/1/5073 5076/1/5076 5070/1/5070 
f 5077/1/5077 5078/1/5078 4740/1/4740 
f 4740/1/4740 4739/1/4739 5077/1/5077 
f 4739/1/4739 4633/1/4633 4742/1/4742 
f 4742/1/4742 5077/1/5077 4739/1/4739 
f 5077/1/5077 4742/1/4742 4746/1/4746 
f 4746/1/4746 4798/1/4798 5077/1/5077 
f 4798/1/4798 4797/1/4797 5078/1/5078 
f 5078/1/5078 5077/1/5077 4798/1/4798 
f 5079/1/5079 5078/1/5078 4797/1/4797 
f 4797/1/4797 4804/1/4804 5079/1/5079 
f 4804/1/4804 4803/1/4803 5075/1/5075 
f 5075/1/5075 5079/1/5079 4804/1/4804 
f 5079/1/5079 5075/1/5075 5074/1/5074 
f 5074/1/5074 5080/1/5080 5079/1/5079 
f 5080/1/5080 4740/1/4740 5078/1/5078 
f 5081/1/5081 5073/1/5073 5069/1/5069 
f 5069/1/5069 5072/1/5072 5081/1/5081 
f 5072/1/5072 1978/1/1978 1991/1/1991 
f 1991/1/1991 5081/1/5081 5072/1/5072 
f 5081/1/5081 1991/1/1991 1990/1/1990 
f 1990/1/1990 5082/1/5082 5081/1/5081 
f 5082/1/5082 5074/1/5074 5073/1/5073 
f 5073/1/5073 5081/1/5081 5082/1/5082 
f 5083/1/5083 1995/1/1995 1994/1/1994 
f 1994/1/1994 5084/1/5084 5083/1/5083 
f 5084/1/5084 4740/1/4740 5080/1/5080 
f 5083/1/5083 5080/1/5080 5074/1/5074 
f 5074/1/5074 5082/1/5082 5083/1/5083 
f 5082/1/5082 1990/1/1990 1995/1/1995 
f 1995/1/1995 5083/1/5083 5082/1/5082 
f 5085/1/5085 5086/1/5086 5087/1/5087 
f 5088/1/5088 4737/1/4737 4736/1/4736 
f 5085/1/5085 4736/1/4736 4740/1/4740 
f 5089/1/5089 5090/1/5090 5086/1/5086 
f 5091/1/5091 5092/1/5092 5090/1/5090 
f 5089/1/5089 4740/1/4740 5084/1/5084 
f 5084/1/5084 1994/1/1994 2005/1/2005 
f 2005/1/2005 5091/1/5091 5084/1/5084 
f 2005/1/2005 2004/1/2004 5092/1/5092 
f 5092/1/5092 5091/1/5091 2005/1/2005 
f 5093/1/5093 5094/1/5094 5095/1/5095 
f 5095/1/5095 5096/1/5096 5093/1/5093 
f 5096/1/5096 5097/1/5097 5098/1/5098 
f 5098/1/5098 5093/1/5093 5096/1/5096 
f 5093/1/5093 5098/1/5098 5087/1/5087 
f 5086/1/5086 5090/1/5090 5094/1/5094 
f 5099/1/5099 5095/1/5095 5094/1/5094 
f 5094/1/5094 5100/1/5100 5099/1/5099 
f 5094/1/5094 5090/1/5090 5092/1/5092 
f 5092/1/5092 2004/1/2004 2015/1/2015 
f 2015/1/2015 5100/1/5100 5092/1/5092 
f 5100/1/5100 2015/1/2015 2014/1/2014 
f 2014/1/2014 5099/1/5099 5100/1/5100 
f 5101/1/5101 5102/1/5102 5103/1/5103 
f 5104/1/5104 5105/1/5105 5106/1/5106 
f 5106/1/5106 5101/1/5101 5104/1/5104 
f 5101/1/5101 5106/1/5106 5097/1/5097 
f 5096/1/5096 5095/1/5095 5102/1/5102 
f 5102/1/5102 5101/1/5101 5096/1/5096 
f 5107/1/5107 4613/1/4613 4612/1/4612 
f 5108/1/5108 5105/1/5105 5104/1/5104 
f 5104/1/5104 5103/1/5103 5109/1/5109 
f 5109/1/5109 4537/1/4537 4613/1/4613 
f 5110/1/5110 5102/1/5102 5095/1/5095 
f 5095/1/5095 5099/1/5099 5110/1/5110 
f 5099/1/5099 2014/1/2014 2028/1/2028 
f 2028/1/2028 5110/1/5110 5099/1/5099 
f 5110/1/5110 2028/1/2028 2027/1/2027 
f 2027/1/2027 5111/1/5111 5110/1/5110 
f 5111/1/5111 5103/1/5103 5102/1/5102 
f 5102/1/5102 5110/1/5110 5111/1/5111 
f 5112/1/5112 4000/1/4000 5113/1/5113 
f 5113/1/5113 5114/1/5114 5112/1/5112 
f 5114/1/5114 5113/1/5113 4539/1/4539 
f 4539/1/4539 5115/1/5115 5114/1/5114 
f 5115/1/5115 2034/1/2034 2033/1/2033 
f 2033/1/2033 5114/1/5114 5115/1/5115 
f 5114/1/5114 2033/1/2033 2032/1/2032 
f 2032/1/2032 5112/1/5112 5114/1/5114 
f 5116/1/5116 2038/1/2038 2037/1/2037 
f 2037/1/2037 5117/1/5117 5116/1/5116 
f 5117/1/5117 4537/1/4537 5109/1/5109 
f 5116/1/5116 5109/1/5109 5103/1/5103 
f 5103/1/5103 5111/1/5111 5116/1/5116 
f 5111/1/5111 2027/1/2027 2038/1/2038 
f 2038/1/2038 5116/1/5116 5111/1/5111 
f 5118/1/5118 5119/1/5119 5120/1/5120 
f 5121/1/5121 5120/1/5120 4612/1/4612 
f 4612/1/4612 4611/1/4611 5121/1/5121 
f 4611/1/4611 4610/1/4610 5122/1/5122 
f 5121/1/5121 5122/1/5122 5123/1/5123 
f 5122/1/5122 4610/1/4610 4616/1/4616 
f 4616/1/4616 5124/1/5124 5122/1/5122 
f 5124/1/5124 4616/1/4616 4615/1/4615 
f 4615/1/4615 5125/1/5125 5124/1/5124 
f 5124/1/5124 5125/1/5125 5126/1/5126 
f 5126/1/5126 5127/1/5127 5124/1/5124 
f 5127/1/5127 5123/1/5123 5122/1/5122 
f 5128/1/5128 5129/1/5129 5126/1/5126 
f 5126/1/5126 5125/1/5125 5128/1/5128 
f 5125/1/5125 4615/1/4615 4619/1/4619 
f 4619/1/4619 5128/1/5128 5125/1/5125 
f 5128/1/5128 4619/1/4619 4621/1/4621 
f 4621/1/4621 5130/1/5130 5128/1/5128 
f 5130/1/5130 5131/1/5131 5129/1/5129 
f 5129/1/5129 5128/1/5128 5130/1/5130 
f 5132/1/5132 5133/1/5133 5131/1/5131 
f 5131/1/5131 5130/1/5130 5132/1/5132 
f 5130/1/5130 4621/1/4621 4623/1/4623 
f 4623/1/4623 5132/1/5132 5130/1/5130 
f 5132/1/5132 4623/1/4623 4625/1/4625 
f 5134/1/5134 5135/1/5135 5133/1/5133 
f 5133/1/5133 5132/1/5132 5134/1/5134 
f 5134/1/5134 4625/1/4625 4627/1/4627 
f 4627/1/4627 5136/1/5136 5134/1/5134 
f 4627/1/4627 4629/1/4629 5137/1/5137 
f 5137/1/5137 5136/1/5136 4627/1/4627 
f 5137/1/5137 5138/1/5138 5139/1/5139 
f 5139/1/5139 5136/1/5136 5137/1/5137 
f 5136/1/5136 5139/1/5139 5135/1/5135 
f 5135/1/5135 5134/1/5134 5136/1/5136 
f 5140/1/5140 5141/1/5141 5105/1/5105 
f 5105/1/5105 5108/1/5108 5140/1/5140 
f 5108/1/5108 4612/1/4612 5120/1/5120 
f 5140/1/5140 5120/1/5120 5119/1/5119 
f 5119/1/5119 5142/1/5142 5140/1/5140 
f 5142/1/5142 5143/1/5143 5141/1/5141 
f 5144/1/5144 5145/1/5145 5146/1/5146 
f 5146/1/5146 5147/1/5147 5144/1/5144 
f 5146/1/5146 5097/1/5097 5106/1/5106 
f 5106/1/5106 5147/1/5147 5146/1/5146 
f 5147/1/5147 5106/1/5106 5105/1/5105 
f 5105/1/5105 5141/1/5141 5147/1/5147 
f 5147/1/5147 5141/1/5141 5143/1/5143 
f 5143/1/5143 5144/1/5144 5147/1/5147 
f 5148/1/5148 5149/1/5149 5150/1/5150 
f 5150/1/5150 5151/1/5151 5148/1/5148 
f 5151/1/5151 5087/1/5087 5098/1/5098 
f 5148/1/5148 5098/1/5098 5097/1/5097 
f 5097/1/5097 5146/1/5146 5148/1/5148 
f 5146/1/5146 5145/1/5145 5149/1/5149 
f 5149/1/5149 5148/1/5148 5146/1/5146 
f 5152/1/5152 5153/1/5153 5138/1/5138 
f 5138/1/5138 5137/1/5137 5152/1/5152 
f 5152/1/5152 5137/1/5137 4629/1/4629 
f 4629/1/4629 4738/1/4738 5152/1/5152 
f 4738/1/4738 4737/1/4737 5154/1/5154 
f 5154/1/5154 5152/1/5152 4738/1/4738 
f 5154/1/5154 5155/1/5155 5153/1/5153 
f 5153/1/5153 5152/1/5152 5154/1/5154 
f 5156/1/5156 5154/1/5154 4737/1/4737 
f 4737/1/4737 5088/1/5088 5156/1/5156 
f 5088/1/5088 5087/1/5087 5151/1/5151 
f 5151/1/5151 5156/1/5156 5088/1/5088 
f 5156/1/5156 5151/1/5151 5150/1/5150 
f 5150/1/5150 5157/1/5157 5156/1/5156 
f 5154/1/5154 5156/1/5156 5157/1/5157 
f 5157/1/5157 5155/1/5155 5154/1/5154 
f 5158/1/5158 5159/1/5159 4670/1/4670 
f 4670/1/4670 4669/1/4669 5158/1/5158 
f 4669/1/4669 4658/1/4658 5160/1/5160 
f 5160/1/5160 5158/1/5158 4669/1/4669 
f 5158/1/5158 5160/1/5160 5161/1/5161 
f 5161/1/5161 5162/1/5162 5158/1/5158 
f 5162/1/5162 5163/1/5163 5159/1/5159 
f 5159/1/5159 5158/1/5158 5162/1/5162 
f 5164/1/5164 5165/1/5165 4715/1/4715 
f 4715/1/4715 4728/1/4728 5164/1/5164 
f 4728/1/4728 4722/1/4722 5166/1/5166 
f 5166/1/5166 5164/1/5164 4728/1/4728 
f 5164/1/5164 5166/1/5166 5167/1/5167 
f 5167/1/5167 5168/1/5168 5164/1/5164 
f 5168/1/5168 5169/1/5169 5165/1/5165 
f 5165/1/5165 5164/1/5164 5168/1/5168 
f 5170/1/5170 5166/1/5166 4722/1/4722 
f 4722/1/4722 4721/1/4721 5170/1/5170 
f 4721/1/4721 4684/1/4684 5171/1/5171 
f 5171/1/5171 5170/1/5170 4721/1/4721 
f 5170/1/5170 5171/1/5171 5172/1/5172 
f 5172/1/5172 5173/1/5173 5170/1/5170 
f 5173/1/5173 5167/1/5167 5166/1/5166 
f 5166/1/5166 5170/1/5170 5173/1/5173 
f 5174/1/5174 5175/1/5175 5167/1/5167 
f 5167/1/5167 5173/1/5173 5174/1/5174 
f 5173/1/5173 5172/1/5172 5176/1/5176 
f 5176/1/5176 5174/1/5174 5173/1/5173 
f 5174/1/5174 5176/1/5176 5143/1/5143 
f 5143/1/5143 5142/1/5142 5174/1/5174 
f 5142/1/5142 5119/1/5119 5175/1/5175 
f 5175/1/5175 5174/1/5174 5142/1/5142 
f 5177/1/5177 5175/1/5175 5119/1/5119 
f 5119/1/5119 5118/1/5118 5177/1/5177 
f 5118/1/5118 5123/1/5123 5178/1/5178 
f 5178/1/5178 5177/1/5177 5118/1/5118 
f 5177/1/5177 5178/1/5178 5169/1/5169 
f 5169/1/5169 5168/1/5168 5177/1/5177 
f 5168/1/5168 5167/1/5167 5175/1/5175 
f 5175/1/5175 5177/1/5177 5168/1/5168 
f 5179/1/5179 5180/1/5180 4638/1/4638 
f 4638/1/4638 4716/1/4716 5179/1/5179 
f 4716/1/4716 4715/1/4715 5165/1/5165 
f 5165/1/5165 5179/1/5179 4716/1/4716 
f 5179/1/5179 5165/1/5165 5169/1/5169 
f 5169/1/5169 5181/1/5181 5179/1/5179 
f 5181/1/5181 5182/1/5182 5180/1/5180 
f 5180/1/5180 5179/1/5179 5181/1/5181 
f 5183/1/5183 5178/1/5178 5123/1/5123 
f 5127/1/5127 5126/1/5126 5184/1/5184 
f 5183/1/5183 5184/1/5184 5182/1/5182 
f 5181/1/5181 5169/1/5169 5178/1/5178 
f 5178/1/5178 5183/1/5183 5181/1/5181 
f 5185/1/5185 5186/1/5186 5187/1/5187 
f 5187/1/5187 5188/1/5188 5185/1/5185 
f 5188/1/5188 4640/1/4640 4639/1/4639 
f 4639/1/4639 5185/1/5185 5188/1/5188 
f 4639/1/4639 4638/1/4638 5180/1/5180 
f 5180/1/5180 5185/1/5185 4639/1/4639 
f 5185/1/5185 5180/1/5180 5182/1/5182 
f 5189/1/5189 5129/1/5129 5131/1/5131 
f 5131/1/5131 5190/1/5190 5189/1/5189 
f 5190/1/5190 5187/1/5187 5186/1/5186 
f 5186/1/5186 5189/1/5189 5190/1/5190 
f 5186/1/5186 5182/1/5182 5184/1/5184 
f 5189/1/5189 5184/1/5184 5126/1/5126 
f 5126/1/5126 5129/1/5129 5189/1/5189 
f 5191/1/5191 5192/1/5192 5193/1/5193 
f 5193/1/5193 5194/1/5194 5191/1/5191 
f 5194/1/5194 4646/1/4646 4645/1/4645 
f 4645/1/4645 5191/1/5191 5194/1/5194 
f 5191/1/5191 4645/1/4645 4640/1/4640 
f 4640/1/4640 5188/1/5188 5191/1/5191 
f 5188/1/5188 5187/1/5187 5192/1/5192 
f 5192/1/5192 5191/1/5191 5188/1/5188 
f 5195/1/5195 5133/1/5133 5135/1/5135 
f 5135/1/5135 5196/1/5196 5195/1/5195 
f 5196/1/5196 5193/1/5193 5192/1/5192 
f 5192/1/5192 5195/1/5195 5196/1/5196 
f 5195/1/5195 5192/1/5192 5187/1/5187 
f 5187/1/5187 5190/1/5190 5195/1/5195 
f 5190/1/5190 5131/1/5131 5133/1/5133 
f 5133/1/5133 5195/1/5195 5190/1/5190 
f 5197/1/5197 5198/1/5198 5199/1/5199 
f 5199/1/5199 5200/1/5200 5197/1/5197 
f 5200/1/5200 4652/1/4652 4651/1/4651 
f 4651/1/4651 5197/1/5197 5200/1/5200 
f 5197/1/5197 4651/1/4651 4646/1/4646 
f 4646/1/4646 5194/1/5194 5197/1/5197 
f 5194/1/5194 5193/1/5193 5198/1/5198 
f 5198/1/5198 5197/1/5197 5194/1/5194 
f 5201/1/5201 5139/1/5139 5138/1/5138 
f 5138/1/5138 5202/1/5202 5201/1/5201 
f 5202/1/5202 5199/1/5199 5198/1/5198 
f 5198/1/5198 5201/1/5201 5202/1/5202 
f 5201/1/5201 5198/1/5198 5193/1/5193 
f 5193/1/5193 5196/1/5196 5201/1/5201 
f 5196/1/5196 5135/1/5135 5139/1/5139 
f 5139/1/5139 5201/1/5201 5196/1/5196 
f 5203/1/5203 5204/1/5204 5161/1/5161 
f 5161/1/5161 5160/1/5160 5203/1/5203 
f 5160/1/5160 4658/1/4658 4657/1/4657 
f 4657/1/4657 5203/1/5203 5160/1/5160 
f 5203/1/5203 4657/1/4657 4652/1/4652 
f 4652/1/4652 5200/1/5200 5203/1/5203 
f 5200/1/5200 5199/1/5199 5204/1/5204 
f 5204/1/5204 5203/1/5203 5200/1/5200 
f 5205/1/5205 5153/1/5153 5155/1/5155 
f 5155/1/5155 5206/1/5206 5205/1/5205 
f 5206/1/5206 5161/1/5161 5204/1/5204 
f 5204/1/5204 5205/1/5205 5206/1/5206 
f 5205/1/5205 5204/1/5204 5199/1/5199 
f 5199/1/5199 5202/1/5202 5205/1/5205 
f 5202/1/5202 5138/1/5138 5153/1/5153 
f 5153/1/5153 5205/1/5205 5202/1/5202 
f 5207/1/5207 5172/1/5172 5171/1/5171 
f 5171/1/5171 5208/1/5208 5207/1/5207 
f 5208/1/5208 5171/1/5171 4684/1/4684 
f 4684/1/4684 4683/1/4683 5208/1/5208 
f 4683/1/4683 4678/1/4678 5209/1/5209 
f 5209/1/5209 5208/1/5208 4683/1/4683 
f 5209/1/5209 5210/1/5210 5207/1/5207 
f 5207/1/5207 5208/1/5208 5209/1/5209 
f 5207/1/5207 5210/1/5210 5211/1/5211 
f 5211/1/5211 5212/1/5212 5207/1/5207 
f 5212/1/5212 5211/1/5211 5145/1/5145 
f 5145/1/5145 5144/1/5144 5212/1/5212 
f 5144/1/5144 5143/1/5143 5176/1/5176 
f 5176/1/5176 5212/1/5212 5144/1/5144 
f 5212/1/5212 5176/1/5176 5172/1/5172 
f 5172/1/5172 5207/1/5207 5212/1/5212 
f 5213/1/5213 5209/1/5209 4678/1/4678 
f 4678/1/4678 4677/1/4677 5213/1/5213 
f 4677/1/4677 4670/1/4670 5159/1/5159 
f 5159/1/5159 5213/1/5213 4677/1/4677 
f 5213/1/5213 5159/1/5159 5163/1/5163 
f 5163/1/5163 5214/1/5214 5213/1/5213 
f 5214/1/5214 5210/1/5210 5209/1/5209 
f 5209/1/5209 5213/1/5213 5214/1/5214 
f 5214/1/5214 5215/1/5215 5211/1/5211 
f 5211/1/5211 5210/1/5210 5214/1/5214 
f 5214/1/5214 5163/1/5163 5216/1/5216 
f 5216/1/5216 5215/1/5215 5214/1/5214 
f 5149/1/5149 5215/1/5215 5216/1/5216 
f 5216/1/5216 5150/1/5150 5149/1/5149 
f 5215/1/5215 5149/1/5149 5145/1/5145 
f 5145/1/5145 5211/1/5211 5215/1/5215 
f 5217/1/5217 5216/1/5216 5163/1/5163 
f 5163/1/5163 5162/1/5162 5217/1/5217 
f 5162/1/5162 5161/1/5161 5206/1/5206 
f 5206/1/5206 5217/1/5217 5162/1/5162 
f 5217/1/5217 5206/1/5206 5155/1/5155 
f 5155/1/5155 5157/1/5157 5217/1/5217 
f 5157/1/5157 5150/1/5150 5216/1/5216 
f 5216/1/5216 5217/1/5217 5157/1/5157 
f 5218/1/5218 5219/1/5219 5220/1/5220 
f 5220/1/5220 5221/1/5221 5218/1/5218 
f 5220/1/5220 5222/1/5222 5223/1/5223 
f 5223/1/5223 5221/1/5221 5220/1/5220 
f 5221/1/5221 5223/1/5223 5224/1/5224 
f 5224/1/5224 5225/1/5225 5221/1/5221 
f 5221/1/5221 5225/1/5225 5226/1/5226 
f 5226/1/5226 5218/1/5218 5221/1/5221 
f 5227/1/5227 5220/1/5220 5219/1/5219 
f 5228/1/5228 5229/1/5229 5230/1/5230 
f 5227/1/5227 5230/1/5230 5231/1/5231 
f 5231/1/5231 5232/1/5232 5227/1/5227 
f 5227/1/5227 5232/1/5232 5222/1/5222 
f 5222/1/5222 5220/1/5220 5227/1/5227 
f 5233/1/5233 5230/1/5230 5229/1/5229 
f 5234/1/5234 5235/1/5235 5236/1/5236 
f 5236/1/5236 5233/1/5233 5234/1/5234 
f 5233/1/5233 5236/1/5236 5237/1/5237 
f 5238/1/5238 5231/1/5231 5230/1/5230 
f 5230/1/5230 5233/1/5233 5238/1/5238 
f 5239/1/5239 5240/1/5240 5241/1/5241 
f 5241/1/5241 5242/1/5242 5239/1/5239 
f 5242/1/5242 4406/1/4406 4405/1/4405 
f 4405/1/4405 5239/1/5239 5242/1/5242 
f 5239/1/5239 4405/1/4405 4333/1/4333 
f 4333/1/4333 5243/1/5243 5239/1/5239 
f 5239/1/5239 5243/1/5243 5244/1/5244 
f 5244/1/5244 5240/1/5240 5239/1/5239 
f 5245/1/5245 5246/1/5246 5237/1/5237 
f 5237/1/5237 5247/1/5247 5245/1/5245 
f 5247/1/5247 5241/1/5241 5240/1/5240 
f 5240/1/5240 5245/1/5245 5247/1/5247 
f 5240/1/5240 5244/1/5244 5248/1/5248 
f 5248/1/5248 5245/1/5245 5240/1/5240 
f 5245/1/5245 5248/1/5248 5249/1/5249 
f 5249/1/5249 5246/1/5246 5245/1/5245 
f 5250/1/5250 5243/1/5243 4333/1/4333 
f 4331/1/4331 4326/1/4326 5251/1/5251 
f 5251/1/5251 5250/1/5250 4331/1/4331 
f 5250/1/5250 5251/1/5251 5252/1/5252 
f 5252/1/5252 5253/1/5253 5250/1/5250 
f 5253/1/5253 5244/1/5244 5243/1/5243 
f 5243/1/5243 5250/1/5250 5253/1/5253 
f 5254/1/5254 5255/1/5255 5256/1/5256 
f 5256/1/5256 5257/1/5257 5254/1/5254 
f 5257/1/5257 5249/1/5249 5248/1/5248 
f 5248/1/5248 5254/1/5254 5257/1/5257 
f 5254/1/5254 5248/1/5248 5244/1/5244 
f 5244/1/5244 5253/1/5253 5254/1/5254 
f 5253/1/5253 5252/1/5252 5255/1/5255 
f 5255/1/5255 5254/1/5254 5253/1/5253 
f 5258/1/5258 5259/1/5259 5231/1/5231 
f 5231/1/5231 5238/1/5238 5258/1/5258 
f 5238/1/5238 5237/1/5237 5246/1/5246 
f 5246/1/5246 5258/1/5258 5238/1/5238 
f 5258/1/5258 5246/1/5246 5249/1/5249 
f 5249/1/5249 5260/1/5260 5258/1/5258 
f 5260/1/5260 5261/1/5261 5259/1/5259 
f 5259/1/5259 5258/1/5258 5260/1/5260 
f 5262/1/5262 5263/1/5263 5261/1/5261 
f 5261/1/5261 5260/1/5260 5262/1/5262 
f 5262/1/5262 5260/1/5260 5249/1/5249 
f 5249/1/5249 5257/1/5257 5262/1/5262 
f 5257/1/5257 5256/1/5256 5264/1/5264 
f 5264/1/5264 5262/1/5262 5257/1/5257 
f 5262/1/5262 5264/1/5264 5265/1/5265 
f 5265/1/5265 5263/1/5263 5262/1/5262 
f 5266/1/5266 5264/1/5264 5256/1/5256 
f 5256/1/5256 5255/1/5255 5266/1/5266 
f 5255/1/5255 5252/1/5252 5267/1/5267 
f 5267/1/5267 5266/1/5266 5255/1/5255 
f 5266/1/5266 5267/1/5267 5268/1/5268 
f 5268/1/5268 5269/1/5269 5266/1/5266 
f 5269/1/5269 5265/1/5265 5264/1/5264 
f 5264/1/5264 5266/1/5266 5269/1/5269 
f 5270/1/5270 5271/1/5271 5272/1/5272 
f 5272/1/5272 5273/1/5273 5270/1/5270 
f 5273/1/5273 5222/1/5222 5232/1/5232 
f 5232/1/5232 5270/1/5270 5273/1/5273 
f 5270/1/5270 5232/1/5232 5231/1/5231 
f 5231/1/5231 5259/1/5259 5270/1/5270 
f 5259/1/5259 5261/1/5261 5271/1/5271 
f 5271/1/5271 5270/1/5270 5259/1/5259 
f 5274/1/5274 5275/1/5275 5276/1/5276 
f 5277/1/5277 5272/1/5272 5271/1/5271 
f 5271/1/5271 5274/1/5274 5277/1/5277 
f 5263/1/5263 5274/1/5274 5271/1/5271 
f 5271/1/5271 5261/1/5261 5263/1/5263 
f 5263/1/5263 5265/1/5265 5275/1/5275 
f 5275/1/5275 5274/1/5274 5263/1/5263 
f 5278/1/5278 5223/1/5223 5222/1/5222 
f 5222/1/5222 5273/1/5273 5278/1/5278 
f 5273/1/5273 5272/1/5272 5279/1/5279 
f 5279/1/5279 5278/1/5278 5273/1/5273 
f 5278/1/5278 5279/1/5279 5280/1/5280 
f 5280/1/5280 5281/1/5281 5278/1/5278 
f 5281/1/5281 5224/1/5224 5223/1/5223 
f 5223/1/5223 5278/1/5278 5281/1/5281 
f 5282/1/5282 5283/1/5283 5284/1/5284 
f 5284/1/5284 5285/1/5285 5282/1/5282 
f 5285/1/5285 5280/1/5280 5279/1/5279 
f 5279/1/5279 5282/1/5282 5285/1/5285 
f 5282/1/5282 5279/1/5279 5272/1/5272 
f 5272/1/5272 5277/1/5277 5282/1/5282 
f 5277/1/5277 5276/1/5276 5283/1/5283 
f 5283/1/5283 5282/1/5282 5277/1/5277 
f 5286/1/5286 5275/1/5275 5265/1/5265 
f 5269/1/5269 5268/1/5268 5287/1/5287 
f 5287/1/5287 5286/1/5286 5269/1/5269 
f 5286/1/5286 5287/1/5287 5288/1/5288 
f 5288/1/5288 5289/1/5289 5286/1/5286 
f 5289/1/5289 5276/1/5276 5275/1/5275 
f 5275/1/5275 5286/1/5286 5289/1/5289 
f 5290/1/5290 5291/1/5291 5292/1/5292 
f 5292/1/5292 5293/1/5293 5290/1/5290 
f 5293/1/5293 5294/1/5294 5295/1/5295 
f 5295/1/5295 5290/1/5290 5293/1/5293 
f 5290/1/5290 5295/1/5295 5219/1/5219 
f 5219/1/5219 5218/1/5218 5290/1/5290 
f 5218/1/5218 5226/1/5226 5291/1/5291 
f 5291/1/5291 5290/1/5290 5218/1/5218 
f 5296/1/5296 5297/1/5297 5298/1/5298 
f 5299/1/5299 5292/1/5292 5291/1/5291 
f 5296/1/5296 5291/1/5291 5226/1/5226 
f 5297/1/5297 5296/1/5296 5300/1/5300 
f 5300/1/5300 5301/1/5301 5297/1/5297 
f 5300/1/5300 5226/1/5226 5225/1/5225 
f 5225/1/5225 5302/1/5302 5300/1/5300 
f 5225/1/5225 5224/1/5224 5303/1/5303 
f 5303/1/5303 5302/1/5302 5225/1/5225 
f 5303/1/5303 5304/1/5304 5305/1/5305 
f 5305/1/5305 5302/1/5302 5303/1/5303 
f 5305/1/5305 5301/1/5301 5300/1/5300 
f 5300/1/5300 5302/1/5302 5305/1/5305 
f 5306/1/5306 5303/1/5303 5224/1/5224 
f 5224/1/5224 5281/1/5281 5306/1/5306 
f 5281/1/5281 5280/1/5280 5307/1/5307 
f 5307/1/5307 5306/1/5306 5281/1/5281 
f 5306/1/5306 5307/1/5307 5308/1/5308 
f 5308/1/5308 5309/1/5309 5306/1/5306 
f 5306/1/5306 5309/1/5309 5304/1/5304 
f 5304/1/5304 5303/1/5303 5306/1/5306 
f 5310/1/5310 5311/1/5311 5312/1/5312 
f 5312/1/5312 5313/1/5313 5310/1/5310 
f 5313/1/5313 5308/1/5308 5307/1/5307 
f 5307/1/5307 5310/1/5310 5313/1/5313 
f 5310/1/5310 5307/1/5307 5280/1/5280 
f 5280/1/5280 5285/1/5285 5310/1/5310 
f 5285/1/5285 5284/1/5284 5311/1/5311 
f 5311/1/5311 5310/1/5310 5285/1/5285 
f 5311/1/5311 5314/1/5314 5315/1/5315 
f 5315/1/5315 5312/1/5312 5311/1/5311 
f 5311/1/5311 5284/1/5284 5316/1/5316 
f 5316/1/5316 5314/1/5314 5311/1/5311 
f 5314/1/5314 5316/1/5316 5317/1/5317 
f 5317/1/5317 5318/1/5318 5314/1/5314 
f 5314/1/5314 5318/1/5318 5319/1/5319 
f 5319/1/5319 5315/1/5315 5314/1/5314 
f 5320/1/5320 5321/1/5321 5229/1/5229 
f 5228/1/5228 5219/1/5219 5295/1/5295 
f 5320/1/5320 5295/1/5295 5294/1/5294 
f 5294/1/5294 5322/1/5322 5320/1/5320 
f 5322/1/5322 5323/1/5323 5321/1/5321 
f 5321/1/5321 5320/1/5320 5322/1/5322 
f 5324/1/5324 5325/1/5325 5326/1/5326 
f 5326/1/5326 5327/1/5327 5324/1/5324 
f 5327/1/5327 4459/1/4459 4462/1/4462 
f 4462/1/4462 5324/1/5324 5327/1/5327 
f 5324/1/5324 4462/1/4462 4406/1/4406 
f 4406/1/4406 5242/1/5242 5324/1/5324 
f 5242/1/5242 5241/1/5241 5325/1/5325 
f 5325/1/5325 5324/1/5324 5242/1/5242 
f 5328/1/5328 5325/1/5325 5241/1/5241 
f 5241/1/5241 5247/1/5247 5328/1/5328 
f 5247/1/5247 5237/1/5237 5236/1/5236 
f 5236/1/5236 5328/1/5328 5247/1/5247 
f 5328/1/5328 5236/1/5236 5235/1/5235 
f 5235/1/5235 5329/1/5329 5328/1/5328 
f 5329/1/5329 5326/1/5326 5325/1/5325 
f 5325/1/5325 5328/1/5328 5329/1/5329 
f 5330/1/5330 5329/1/5329 5235/1/5235 
f 5235/1/5235 5234/1/5234 5330/1/5330 
f 5234/1/5234 5229/1/5229 5321/1/5321 
f 5321/1/5321 5330/1/5330 5234/1/5234 
f 5330/1/5330 5321/1/5321 5323/1/5323 
f 5323/1/5323 5331/1/5331 5330/1/5330 
f 5331/1/5331 5326/1/5326 5329/1/5329 
f 5329/1/5329 5330/1/5330 5331/1/5331 
f 5332/1/5332 5333/1/5333 5334/1/5334 
f 5335/1/5335 4465/1/4465 4463/1/4463 
f 4463/1/4463 5332/1/5332 5335/1/5335 
f 5332/1/5332 4463/1/4463 4459/1/4459 
f 4459/1/4459 5327/1/5327 5332/1/5332 
f 5327/1/5327 5326/1/5326 5333/1/5333 
f 5333/1/5333 5332/1/5332 5327/1/5327 
f 5336/1/5336 5337/1/5337 5338/1/5338 
f 5338/1/5338 5339/1/5339 5336/1/5336 
f 5339/1/5339 5334/1/5334 5333/1/5333 
f 5333/1/5333 5336/1/5336 5339/1/5339 
f 5336/1/5336 5333/1/5333 5326/1/5326 
f 5326/1/5326 5340/1/5340 5336/1/5336 
f 5340/1/5340 5341/1/5341 5337/1/5337 
f 5337/1/5337 5336/1/5336 5340/1/5340 
f 5342/1/5342 5340/1/5340 5326/1/5326 
f 5331/1/5331 5323/1/5323 5343/1/5343 
f 5342/1/5342 5343/1/5343 5344/1/5344 
f 5341/1/5341 5340/1/5340 5342/1/5342 
f 5345/1/5345 5346/1/5346 5347/1/5347 
f 5347/1/5347 5348/1/5348 5345/1/5345 
f 5348/1/5348 5349/1/5349 5350/1/5350 
f 5350/1/5350 5345/1/5345 5348/1/5348 
f 5345/1/5345 5350/1/5350 5338/1/5338 
f 5338/1/5338 5337/1/5337 5345/1/5345 
f 5337/1/5337 5341/1/5341 5346/1/5346 
f 5346/1/5346 5345/1/5345 5337/1/5337 
f 5351/1/5351 5346/1/5346 5341/1/5341 
f 5341/1/5341 5352/1/5352 5351/1/5351 
f 5352/1/5352 5344/1/5344 5353/1/5353 
f 5353/1/5353 5351/1/5351 5352/1/5352 
f 5351/1/5351 5353/1/5353 5354/1/5354 
f 5354/1/5354 5355/1/5355 5351/1/5351 
f 5355/1/5355 5347/1/5347 5346/1/5346 
f 5356/1/5356 5357/1/5357 5347/1/5347 
f 5347/1/5347 5355/1/5355 5356/1/5356 
f 5355/1/5355 5354/1/5354 5358/1/5358 
f 5358/1/5358 5359/1/5359 5360/1/5360 
f 5356/1/5356 5360/1/5360 5361/1/5361 
f 5361/1/5361 5357/1/5357 5356/1/5356 
f 5362/1/5362 5363/1/5363 5349/1/5349 
f 5349/1/5349 5348/1/5348 5362/1/5362 
f 5348/1/5348 5347/1/5347 5357/1/5357 
f 5357/1/5357 5362/1/5362 5348/1/5348 
f 5362/1/5362 5357/1/5357 5361/1/5361 
f 5361/1/5361 5364/1/5364 5362/1/5362 
f 5364/1/5364 5365/1/5365 5363/1/5363 
f 5363/1/5363 5362/1/5362 5364/1/5364 
f 5366/1/5366 5367/1/5367 5368/1/5368 
f 5368/1/5368 5369/1/5369 5366/1/5366 
f 5369/1/5369 5312/1/5312 5315/1/5315 
f 5315/1/5315 5366/1/5366 5369/1/5369 
f 5315/1/5315 5319/1/5319 5370/1/5370 
f 5370/1/5370 5366/1/5366 5315/1/5315 
f 5370/1/5370 5371/1/5371 5367/1/5367 
f 5367/1/5367 5366/1/5366 5370/1/5370 
f 5372/1/5372 5373/1/5373 5308/1/5308 
f 5313/1/5313 5312/1/5312 5369/1/5369 
f 5372/1/5372 5369/1/5369 5368/1/5368 
f 5368/1/5368 5374/1/5374 5372/1/5372 
f 5372/1/5372 5374/1/5374 5375/1/5375 
f 5376/1/5376 5304/1/5304 5309/1/5309 
f 5309/1/5309 5377/1/5377 5376/1/5376 
f 5309/1/5309 5308/1/5308 5373/1/5373 
f 5373/1/5373 5377/1/5377 5309/1/5309 
f 5373/1/5373 5375/1/5375 5378/1/5378 
f 5378/1/5378 5377/1/5377 5373/1/5373 
f 5378/1/5378 5379/1/5379 5376/1/5376 
f 5376/1/5376 5377/1/5377 5378/1/5378 
f 5380/1/5380 5381/1/5381 5301/1/5301 
f 5301/1/5301 5305/1/5305 5380/1/5380 
f 5380/1/5380 5305/1/5305 5304/1/5304 
f 5304/1/5304 5376/1/5376 5380/1/5380 
f 5380/1/5380 5376/1/5376 5379/1/5379 
f 5379/1/5379 5382/1/5382 5380/1/5380 
f 5380/1/5380 5382/1/5382 5383/1/5383 
f 5383/1/5383 5381/1/5381 5380/1/5380 
f 5381/1/5381 5383/1/5383 5384/1/5384 
f 5384/1/5384 5385/1/5385 5381/1/5381 
f 5384/1/5384 5386/1/5386 5387/1/5387 
f 5387/1/5387 5385/1/5385 5384/1/5384 
f 5387/1/5387 5298/1/5298 5297/1/5297 
f 5297/1/5297 5301/1/5301 5381/1/5381 
f 5381/1/5381 5385/1/5385 5297/1/5297 
f 5388/1/5388 5389/1/5389 5292/1/5292 
f 5292/1/5292 5299/1/5299 5388/1/5388 
f 5388/1/5388 5299/1/5299 5298/1/5298 
f 5298/1/5298 5387/1/5387 5388/1/5388 
f 5388/1/5388 5387/1/5387 5386/1/5386 
f 5386/1/5386 5390/1/5390 5388/1/5388 
f 5390/1/5390 5391/1/5391 5389/1/5389 
f 5389/1/5389 5388/1/5388 5390/1/5390 
f 5392/1/5392 5390/1/5390 5386/1/5386 
f 5386/1/5386 5384/1/5384 5392/1/5392 
f 5392/1/5392 5384/1/5384 5383/1/5383 
f 5383/1/5383 5393/1/5393 5392/1/5392 
f 5393/1/5393 5394/1/5394 5395/1/5395 
f 5395/1/5395 5392/1/5392 5393/1/5393 
f 5392/1/5392 5395/1/5395 5391/1/5391 
f 5391/1/5391 5390/1/5390 5392/1/5392 
f 5396/1/5396 5397/1/5397 5294/1/5294 
f 5294/1/5294 5293/1/5293 5396/1/5396 
f 5293/1/5293 5292/1/5292 5389/1/5389 
f 5389/1/5389 5396/1/5396 5293/1/5293 
f 5396/1/5396 5389/1/5389 5391/1/5391 
f 5391/1/5391 5398/1/5398 5396/1/5396 
f 5398/1/5398 5399/1/5399 5397/1/5397 
f 5397/1/5397 5396/1/5396 5398/1/5398 
f 5400/1/5400 5401/1/5401 5323/1/5323 
f 5323/1/5323 5322/1/5322 5400/1/5400 
f 5322/1/5322 5294/1/5294 5397/1/5397 
f 5397/1/5397 5400/1/5400 5322/1/5322 
f 5400/1/5400 5397/1/5397 5399/1/5399 
f 5399/1/5399 5402/1/5402 5400/1/5400 
f 5402/1/5402 5403/1/5403 5401/1/5401 
f 5401/1/5401 5400/1/5400 5402/1/5402 
f 5404/1/5404 5405/1/5405 5317/1/5317 
f 5317/1/5317 5316/1/5316 5404/1/5404 
f 5316/1/5316 5284/1/5284 5283/1/5283 
f 5283/1/5283 5404/1/5404 5316/1/5316 
f 5404/1/5404 5283/1/5283 5276/1/5276 
f 5276/1/5276 5289/1/5289 5404/1/5404 
f 5289/1/5289 5288/1/5288 5405/1/5405 
f 5405/1/5405 5404/1/5404 5289/1/5289 
f 5406/1/5406 5407/1/5407 5408/1/5408 
f 5408/1/5408 5409/1/5409 5406/1/5406 
f 5406/1/5406 5409/1/5409 5371/1/5371 
f 5371/1/5371 5370/1/5370 5406/1/5406 
f 5406/1/5406 5370/1/5370 5319/1/5319 
f 5319/1/5319 5318/1/5318 5406/1/5406 
f 5318/1/5318 5317/1/5317 5407/1/5407 
f 5407/1/5407 5406/1/5406 5318/1/5318 
f 5410/1/5410 5411/1/5411 5412/1/5412 
f 5412/1/5412 5413/1/5413 5410/1/5410 
f 5413/1/5413 5408/1/5408 5407/1/5407 
f 5407/1/5407 5410/1/5410 5413/1/5413 
f 5410/1/5410 5407/1/5407 5317/1/5317 
f 5317/1/5317 5405/1/5405 5410/1/5410 
f 5405/1/5405 5288/1/5288 5411/1/5411 
f 5411/1/5411 5410/1/5410 5405/1/5405 
f 5414/1/5414 5415/1/5415 5416/1/5416 
f 5416/1/5416 5417/1/5417 5414/1/5414 
f 5417/1/5417 5416/1/5416 5412/1/5412 
f 5412/1/5412 5411/1/5411 5417/1/5417 
f 5417/1/5417 5411/1/5411 5288/1/5288 
f 5288/1/5288 5414/1/5414 5417/1/5417 
f 5418/1/5418 5367/1/5367 5371/1/5371 
f 5371/1/5371 5409/1/5409 5418/1/5418 
f 5409/1/5409 5408/1/5408 5419/1/5419 
f 5419/1/5419 5418/1/5418 5409/1/5409 
f 5418/1/5418 5419/1/5419 5420/1/5420 
f 5420/1/5420 5421/1/5421 5418/1/5418 
f 5421/1/5421 5368/1/5368 5367/1/5367 
f 5367/1/5367 5418/1/5418 5421/1/5421 
f 5422/1/5422 5423/1/5423 5424/1/5424 
f 5424/1/5424 5425/1/5425 5422/1/5422 
f 5425/1/5425 5420/1/5420 5419/1/5419 
f 5419/1/5419 5422/1/5422 5425/1/5425 
f 5422/1/5422 5419/1/5419 5408/1/5408 
f 5408/1/5408 5413/1/5413 5422/1/5422 
f 5413/1/5413 5412/1/5412 5423/1/5423 
f 5423/1/5423 5422/1/5422 5413/1/5413 
f 5426/1/5426 5374/1/5374 5368/1/5368 
f 5368/1/5368 5421/1/5421 5426/1/5426 
f 5421/1/5421 5420/1/5420 5427/1/5427 
f 5427/1/5427 5426/1/5426 5421/1/5421 
f 5426/1/5426 5427/1/5427 5428/1/5428 
f 5428/1/5428 5429/1/5429 5426/1/5426 
f 5429/1/5429 5375/1/5375 5374/1/5374 
f 5374/1/5374 5426/1/5426 5429/1/5429 
f 5430/1/5430 5378/1/5378 5375/1/5375 
f 5375/1/5375 5429/1/5429 5430/1/5430 
f 5429/1/5429 5428/1/5428 5431/1/5431 
f 5431/1/5431 5430/1/5430 5429/1/5429 
f 5430/1/5430 5431/1/5431 5432/1/5432 
f 5432/1/5432 5433/1/5433 5430/1/5430 
f 5430/1/5430 5433/1/5433 5379/1/5379 
f 5379/1/5379 5378/1/5378 5430/1/5430 
f 5434/1/5434 5435/1/5435 5394/1/5394 
f 5394/1/5394 5393/1/5393 5434/1/5434 
f 5393/1/5393 5383/1/5383 5382/1/5382 
f 5382/1/5382 5434/1/5434 5393/1/5393 
f 5434/1/5434 5382/1/5382 5379/1/5379 
f 5379/1/5379 5433/1/5433 5434/1/5434 
f 5433/1/5433 5432/1/5432 5435/1/5435 
f 5435/1/5435 5434/1/5434 5433/1/5433 
f 5398/1/5398 5391/1/5391 5395/1/5395 
f 5395/1/5395 5436/1/5436 5398/1/5398 
f 5395/1/5395 5394/1/5394 5437/1/5437 
f 5437/1/5437 5436/1/5436 5395/1/5395 
f 5436/1/5436 5437/1/5437 5438/1/5438 
f 5438/1/5438 5439/1/5439 5436/1/5436 
f 5436/1/5436 5439/1/5439 5399/1/5399 
f 5440/1/5440 5428/1/5428 5427/1/5427 
f 5427/1/5427 5441/1/5441 5440/1/5440 
f 5441/1/5441 5427/1/5427 5420/1/5420 
f 5420/1/5420 5425/1/5425 5441/1/5441 
f 5425/1/5425 5424/1/5424 5442/1/5442 
f 5442/1/5442 5441/1/5441 5425/1/5425 
f 5440/1/5440 5441/1/5441 5442/1/5442 
f 5442/1/5442 5443/1/5443 5440/1/5440 
f 5444/1/5444 5431/1/5431 5428/1/5428 
f 5428/1/5428 5440/1/5440 5444/1/5444 
f 5445/1/5445 5444/1/5444 5440/1/5440 
f 5440/1/5440 5443/1/5443 5445/1/5445 
f 5445/1/5445 5446/1/5446 5447/1/5447 
f 5447/1/5447 5444/1/5444 5445/1/5445 
f 5444/1/5444 5447/1/5447 5432/1/5432 
f 5432/1/5432 5431/1/5431 5444/1/5444 
f 5448/1/5448 5437/1/5437 5394/1/5394 
f 5435/1/5435 5432/1/5432 5447/1/5447 
f 5447/1/5447 5448/1/5448 5435/1/5435 
f 5448/1/5448 5447/1/5447 5446/1/5446 
f 5446/1/5446 5449/1/5449 5448/1/5448 
f 5449/1/5449 5438/1/5438 5437/1/5437 
f 5437/1/5437 5448/1/5448 5449/1/5449 
f 5450/1/5450 5451/1/5451 5438/1/5438 
f 5449/1/5449 5446/1/5446 5452/1/5452 
f 5452/1/5452 5450/1/5450 5449/1/5449 
f 5450/1/5450 5452/1/5452 5453/1/5453 
f 5453/1/5453 5454/1/5454 5450/1/5450 
f 5454/1/5454 5455/1/5455 5451/1/5451 
f 5451/1/5451 5450/1/5450 5454/1/5454 
f 5402/1/5402 5399/1/5399 5439/1/5439 
f 5439/1/5439 5456/1/5456 5402/1/5402 
f 5439/1/5439 5438/1/5438 5451/1/5451 
f 5456/1/5456 5451/1/5451 5455/1/5455 
f 5456/1/5456 5457/1/5457 5403/1/5403 
f 5403/1/5403 5402/1/5402 5456/1/5456 
f 5458/1/5458 5459/1/5459 5344/1/5344 
f 5343/1/5343 5323/1/5323 5401/1/5401 
f 5401/1/5401 5458/1/5458 5343/1/5343 
f 5458/1/5458 5401/1/5401 5403/1/5403 
f 5460/1/5460 5461/1/5461 5459/1/5459 
f 5462/1/5462 5358/1/5358 5354/1/5354 
f 5353/1/5353 5344/1/5344 5459/1/5459 
f 5462/1/5462 5459/1/5459 5461/1/5461 
f 5462/1/5462 5463/1/5463 5359/1/5359 
f 5359/1/5359 5358/1/5358 5462/1/5462 
f 5460/1/5460 5403/1/5403 5457/1/5457 
f 5457/1/5457 5464/1/5464 5460/1/5460 
f 5457/1/5457 5455/1/5455 5465/1/5465 
f 5465/1/5465 5464/1/5464 5457/1/5457 
f 5464/1/5464 5465/1/5465 5466/1/5466 
f 5466/1/5466 5467/1/5467 5464/1/5464 
f 5467/1/5467 5461/1/5461 5460/1/5460 
f 5468/1/5468 5452/1/5452 5446/1/5446 
f 5445/1/5445 5443/1/5443 5469/1/5469 
f 5469/1/5469 5468/1/5468 5445/1/5445 
f 5468/1/5468 5469/1/5469 5470/1/5470 
f 5470/1/5470 5471/1/5471 5468/1/5468 
f 5471/1/5471 5453/1/5453 5452/1/5452 
f 5452/1/5452 5468/1/5468 5471/1/5471 
f 5472/1/5472 5473/1/5473 5474/1/5474 
f 5474/1/5474 5475/1/5475 5472/1/5472 
f 5475/1/5475 5466/1/5466 5465/1/5465 
f 5465/1/5465 5472/1/5472 5475/1/5475 
f 5472/1/5472 5465/1/5465 5455/1/5455 
f 5454/1/5454 5453/1/5453 5473/1/5473 
f 5473/1/5473 5472/1/5472 5454/1/5454 
f 5476/1/5476 5477/1/5477 5478/1/5478 
f 5478/1/5478 5479/1/5479 5476/1/5476 
f 5479/1/5479 5478/1/5478 5338/1/5338 
f 5338/1/5338 5350/1/5350 5479/1/5479 
f 5479/1/5479 5350/1/5350 5349/1/5349 
f 5349/1/5349 5363/1/5363 5479/1/5479 
f 5479/1/5479 5363/1/5363 5365/1/5365 
f 5365/1/5365 5476/1/5476 5479/1/5479 
f 5480/1/5480 5360/1/5360 5359/1/5359 
f 5359/1/5359 5463/1/5463 5480/1/5480 
f 5463/1/5463 5461/1/5461 5481/1/5481 
f 5480/1/5480 5481/1/5481 5482/1/5482 
f 5482/1/5482 5483/1/5483 5480/1/5480 
f 5483/1/5483 5361/1/5361 5360/1/5360 
f 5360/1/5360 5480/1/5480 5483/1/5483 
f 5484/1/5484 5485/1/5485 5482/1/5482 
f 5481/1/5481 5461/1/5461 5467/1/5467 
f 5484/1/5484 5467/1/5467 5466/1/5466 
f 5466/1/5466 5475/1/5475 5484/1/5484 
f 5475/1/5475 5474/1/5474 5485/1/5485 
f 5485/1/5485 5484/1/5484 5475/1/5475 
f 5486/1/5486 5476/1/5476 5365/1/5365 
f 5365/1/5365 5364/1/5364 5486/1/5486 
f 5364/1/5364 5361/1/5361 5483/1/5483 
f 5483/1/5483 5486/1/5486 5364/1/5364 
f 5483/1/5483 5482/1/5482 5487/1/5487 
f 5487/1/5487 5486/1/5486 5483/1/5483 
f 5487/1/5487 5477/1/5477 5476/1/5476 
f 5476/1/5476 5486/1/5486 5487/1/5487 
f 5488/1/5488 5251/1/5251 4326/1/4326 
f 4326/1/4326 4325/1/4325 5488/1/5488 
f 4325/1/4325 4329/1/4329 5489/1/5489 
f 5489/1/5489 5488/1/5488 4325/1/4325 
f 5488/1/5488 5489/1/5489 5490/1/5490 
f 5490/1/5490 5491/1/5491 5488/1/5488 
f 5491/1/5491 5252/1/5252 5251/1/5251 
f 5251/1/5251 5488/1/5488 5491/1/5491 
f 5492/1/5492 5489/1/5489 4329/1/4329 
f 4329/1/4329 4411/1/4411 5492/1/5492 
f 4411/1/4411 4410/1/4410 4469/1/4469 
f 4469/1/4469 5492/1/5492 4411/1/4411 
f 5492/1/5492 4469/1/4469 4468/1/4468 
f 4468/1/4468 5493/1/5493 5492/1/5492 
f 5493/1/5493 5490/1/5490 5489/1/5489 
f 5489/1/5489 5492/1/5492 5493/1/5493 
f 5494/1/5494 5495/1/5495 5496/1/5496 
f 5496/1/5496 5497/1/5497 5494/1/5494 
f 5497/1/5497 4468/1/4468 4467/1/4467 
f 4467/1/4467 5494/1/5494 5497/1/5497 
f 5494/1/5494 4467/1/4467 4465/1/4465 
f 4465/1/4465 5335/1/5335 5494/1/5494 
f 5335/1/5335 5334/1/5334 5495/1/5495 
f 5495/1/5495 5494/1/5494 5335/1/5335 
f 5498/1/5498 5495/1/5495 5334/1/5334 
f 5334/1/5334 5339/1/5339 5498/1/5498 
f 5339/1/5339 5338/1/5338 5478/1/5478 
f 5478/1/5478 5498/1/5498 5339/1/5339 
f 5478/1/5478 5477/1/5477 5499/1/5499 
f 5499/1/5499 5498/1/5498 5478/1/5478 
f 5499/1/5499 5496/1/5496 5495/1/5495 
f 5495/1/5495 5498/1/5498 5499/1/5499 
f 5500/1/5500 5490/1/5490 5493/1/5493 
f 4468/1/4468 5497/1/5497 5501/1/5501 
f 5497/1/5497 5496/1/5496 5502/1/5502 
f 5502/1/5502 5503/1/5503 5500/1/5500 
f 5504/1/5504 5487/1/5487 5482/1/5482 
f 5505/1/5505 5506/1/5506 5507/1/5507 
f 5504/1/5504 5507/1/5507 5477/1/5477 
f 5477/1/5477 5487/1/5487 5504/1/5504 
f 5508/1/5508 5509/1/5509 5510/1/5510 
f 5510/1/5510 5511/1/5511 5508/1/5508 
f 5511/1/5511 5268/1/5268 5267/1/5267 
f 5267/1/5267 5508/1/5508 5511/1/5511 
f 5508/1/5508 5267/1/5267 5252/1/5252 
f 5252/1/5252 5491/1/5491 5508/1/5508 
f 5491/1/5491 5490/1/5490 5509/1/5509 
f 5509/1/5509 5508/1/5508 5491/1/5491 
f 5512/1/5512 5513/1/5513 5415/1/5415 
f 5415/1/5415 5414/1/5414 5512/1/5512 
f 5414/1/5414 5288/1/5288 5287/1/5287 
f 5287/1/5287 5512/1/5512 5414/1/5414 
f 5512/1/5512 5287/1/5287 5268/1/5268 
f 5268/1/5268 5511/1/5511 5512/1/5512 
f 5511/1/5511 5510/1/5510 5513/1/5513 
f 5513/1/5513 5512/1/5512 5511/1/5511 
f 5514/1/5514 5507/1/5507 5506/1/5506 
f 5506/1/5506 5515/1/5515 5514/1/5514 
f 5515/1/5515 5496/1/5496 5499/1/5499 
f 5499/1/5499 5514/1/5514 5515/1/5515 
f 5514/1/5514 5499/1/5499 5477/1/5477 
f 5477/1/5477 5507/1/5507 5514/1/5514 
f 5516/1/5516 5517/1/5517 5470/1/5470 
f 5470/1/5470 5469/1/5469 5516/1/5516 
f 5469/1/5469 5443/1/5443 5442/1/5442 
f 5442/1/5442 5516/1/5516 5469/1/5469 
f 5516/1/5516 5442/1/5442 5424/1/5424 
f 5424/1/5424 5518/1/5518 5516/1/5516 
f 5518/1/5518 5519/1/5519 5517/1/5517 
f 5519/1/5519 5520/1/5520 5521/1/5521 
f 5520/1/5520 5415/1/5415 5513/1/5513 
f 5513/1/5513 5521/1/5521 5520/1/5520 
f 5521/1/5521 5513/1/5513 5510/1/5510 
f 5510/1/5510 5522/1/5522 5521/1/5521 
f 5523/1/5523 5521/1/5521 5522/1/5522 
f 5522/1/5522 5524/1/5524 5523/1/5523 
f 5518/1/5518 5424/1/5424 5423/1/5423 
f 5423/1/5423 5525/1/5525 5518/1/5518 
f 5423/1/5423 5412/1/5412 5416/1/5416 
f 5525/1/5525 5416/1/5416 5415/1/5415 
f 5415/1/5415 5520/1/5520 5525/1/5525 
f 5520/1/5520 5519/1/5519 5518/1/5518 
f 5526/1/5526 5527/1/5527 5528/1/5528 
f 5528/1/5528 5529/1/5529 5526/1/5526 
f 5529/1/5529 5470/1/5470 5517/1/5517 
f 5526/1/5526 5517/1/5517 5519/1/5519 
f 5523/1/5523 5524/1/5524 5527/1/5527 
f 5530/1/5530 5473/1/5473 5453/1/5453 
f 5471/1/5471 5470/1/5470 5529/1/5529 
f 5529/1/5529 5530/1/5530 5471/1/5471 
f 5529/1/5529 5528/1/5528 5531/1/5531 
f 5531/1/5531 5530/1/5530 5529/1/5529 
f 5531/1/5531 5474/1/5474 5473/1/5473 
f 5473/1/5473 5530/1/5530 5531/1/5531 
f 5532/1/5532 5533/1/5533 5506/1/5506 
f 5505/1/5505 5482/1/5482 5485/1/5485 
f 5485/1/5485 5532/1/5532 5505/1/5505 
f 5532/1/5532 5485/1/5485 5474/1/5474 
f 5474/1/5474 5531/1/5531 5532/1/5532 
f 5531/1/5531 5528/1/5528 5533/1/5533 
f 5533/1/5533 5532/1/5532 5531/1/5531 
f 5534/1/5534 5533/1/5533 5528/1/5528 
f 5534/1/5534 5527/1/5527 5524/1/5524 
f 5524/1/5524 5535/1/5535 5534/1/5534 
f 5535/1/5535 5506/1/5506 5533/1/5533 
f 5533/1/5533 5534/1/5534 5535/1/5535 
f 5522/1/5522 5510/1/5510 5509/1/5509 
f 5509/1/5509 5536/1/5536 5522/1/5522 
f 5509/1/5509 5490/1/5490 5500/1/5500 
f 5500/1/5500 5536/1/5536 5509/1/5509 
f 5536/1/5536 5500/1/5500 5503/1/5503 
f 5503/1/5503 5537/1/5537 5536/1/5536 
f 5537/1/5537 5524/1/5524 5522/1/5522 
f 5522/1/5522 5536/1/5536 5537/1/5537 
f 5538/1/5538 5537/1/5537 5503/1/5503 
f 5503/1/5503 5502/1/5502 5538/1/5538 
f 5502/1/5502 5496/1/5496 5515/1/5515 
f 5515/1/5515 5538/1/5538 5502/1/5502 
f 5515/1/5515 5506/1/5506 5535/1/5535 
f 5535/1/5535 5538/1/5538 5515/1/5515 
f 5535/1/5535 5524/1/5524 5537/1/5537 
f 5537/1/5537 5538/1/5538 5535/1/5535 
f 5539/1/5539 5540/1/5540 5541/1/5541 
f 5542/1/5542 3214/1/3214 3221/1/3221 
f 3221/1/3221 5539/1/5539 5542/1/5542 
f 5539/1/5539 3221/1/3221 98/1/98 
f 2466/1/2466 2465/1/2465 5540/1/5540 
f 5540/1/5540 5539/1/5539 2466/1/2466 
f 5543/1/5543 3342/1/3342 3341/1/3341 
f 3341/1/3341 5544/1/5544 5543/1/5543 
f 3341/1/3341 3236/1/3236 3235/1/3235 
f 3235/1/3235 5544/1/5544 3341/1/3341 
f 5544/1/5544 3235/1/3235 3229/1/3229 
f 3229/1/3229 5545/1/5545 5544/1/5544 
f 5545/1/5545 5541/1/5541 5543/1/5543 
f 5543/1/5543 5544/1/5544 5545/1/5545 
f 5545/1/5545 3229/1/3229 3228/1/3228 
f 3228/1/3228 5546/1/5546 5545/1/5545 
f 3228/1/3228 3217/1/3217 3215/1/3215 
f 3215/1/3215 5546/1/5546 3228/1/3228 
f 5546/1/5546 3215/1/3215 3214/1/3214 
f 3214/1/3214 5542/1/5542 5546/1/5546 
f 5542/1/5542 5541/1/5541 5545/1/5545 
f 5545/1/5545 5546/1/5546 5542/1/5542 
f 5547/1/5547 5540/1/5540 2465/1/2465 
f 2472/1/2472 2476/1/2476 5548/1/5548 
f 5548/1/5548 5547/1/5547 2472/1/2472 
f 5548/1/5548 5549/1/5549 5550/1/5550 
f 5550/1/5550 5547/1/5547 5548/1/5548 
f 5547/1/5547 5550/1/5550 5541/1/5541 
f 5551/1/5551 3344/1/3344 3342/1/3342 
f 3342/1/3342 5543/1/5543 5551/1/5551 
f 5543/1/5543 5541/1/5541 5552/1/5552 
f 5551/1/5551 5552/1/5552 5553/1/5553 
f 5553/1/5553 5554/1/5554 5551/1/5551 
f 5554/1/5554 3345/1/3345 3344/1/3344 
f 5555/1/5555 5556/1/5556 5549/1/5549 
f 5549/1/5549 5548/1/5548 5555/1/5555 
f 5555/1/5555 5548/1/5548 2476/1/2476 
f 2476/1/2476 2486/1/2486 5555/1/5555 
f 5555/1/5555 2486/1/2486 2485/1/2485 
f 2485/1/2485 5557/1/5557 5555/1/5555 
f 5555/1/5555 5557/1/5557 5558/1/5558 
f 5559/1/5559 5553/1/5553 5552/1/5552 
f 5552/1/5552 5560/1/5560 5559/1/5559 
f 5552/1/5552 5541/1/5541 5550/1/5550 
f 5560/1/5560 5550/1/5550 5549/1/5549 
f 5549/1/5549 5556/1/5556 5560/1/5560 
f 5556/1/5556 5558/1/5558 5559/1/5559 
f 5561/1/5561 5562/1/5562 5558/1/5558 
f 5557/1/5557 2485/1/2485 2494/1/2494 
f 2494/1/2494 5561/1/5561 5557/1/5557 
f 5561/1/5561 2494/1/2494 2493/1/2493 
f 2493/1/2493 5563/1/5563 5561/1/5561 
f 5563/1/5563 5564/1/5564 5562/1/5562 
f 5562/1/5562 5561/1/5561 5563/1/5563 
f 5565/1/5565 5566/1/5566 5567/1/5567 
f 5568/1/5568 5567/1/5567 5553/1/5553 
f 5553/1/5553 5559/1/5559 5568/1/5568 
f 5568/1/5568 5559/1/5559 5558/1/5558 
f 5568/1/5568 5562/1/5562 5564/1/5564 
f 5564/1/5564 5565/1/5565 5568/1/5568 
f 5569/1/5569 5570/1/5570 3345/1/3345 
f 3345/1/3345 5554/1/5554 5569/1/5569 
f 5554/1/5554 5553/1/5553 5567/1/5567 
f 5567/1/5567 5569/1/5569 5554/1/5554 
f 5569/1/5569 5567/1/5567 5566/1/5566 
f 5571/1/5571 5572/1/5572 5570/1/5570 
f 5570/1/5570 5569/1/5569 5571/1/5571 
f 5573/1/5573 5570/1/5570 5572/1/5572 
f 5572/1/5572 5574/1/5574 5573/1/5573 
f 5574/1/5574 5575/1/5575 5576/1/5576 
f 5573/1/5573 5576/1/5576 3347/1/3347 
f 3346/1/3346 3345/1/3345 5570/1/5570 
f 5570/1/5570 5573/1/5573 3346/1/3346 
f 5577/1/5577 5578/1/5578 5579/1/5579 
f 5579/1/5579 5580/1/5580 5577/1/5577 
f 5580/1/5580 5579/1/5579 5581/1/5581 
f 5581/1/5581 5582/1/5582 5580/1/5580 
f 5582/1/5582 5575/1/5575 5574/1/5574 
f 5574/1/5574 5580/1/5580 5582/1/5582 
f 5574/1/5574 5572/1/5572 5577/1/5577 
f 5577/1/5577 5580/1/5580 5574/1/5574 
f 5583/1/5583 5584/1/5584 5585/1/5585 
f 5586/1/5586 5585/1/5585 5587/1/5587 
f 5587/1/5587 5588/1/5588 5586/1/5586 
f 5588/1/5588 5581/1/5581 5579/1/5579 
f 5579/1/5579 5586/1/5586 5588/1/5588 
f 5586/1/5586 5579/1/5579 5578/1/5578 
f 5589/1/5589 5590/1/5590 5591/1/5591 
f 5591/1/5591 5592/1/5592 5589/1/5589 
f 5592/1/5592 5587/1/5587 5585/1/5585 
f 5585/1/5585 5589/1/5589 5592/1/5592 
f 5589/1/5589 5585/1/5585 5584/1/5584 
f 5593/1/5593 5594/1/5594 5590/1/5590 
f 5590/1/5590 5589/1/5589 5593/1/5593 
f 5595/1/5595 5596/1/5596 5597/1/5597 
f 5597/1/5597 5598/1/5598 5595/1/5595 
f 5598/1/5598 5599/1/5599 5600/1/5600 
f 5600/1/5600 5595/1/5595 5598/1/5598 
f 5600/1/5600 5601/1/5601 5602/1/5602 
f 5602/1/5602 5595/1/5595 5600/1/5600 
f 5602/1/5602 5603/1/5603 5596/1/5596 
f 5596/1/5596 5595/1/5595 5602/1/5602 
f 5604/1/5604 5605/1/5605 2512/1/2512 
f 2512/1/2512 2511/1/2511 5604/1/5604 
f 5604/1/5604 2511/1/2511 2515/1/2515 
f 2515/1/2515 5606/1/5606 5604/1/5604 
f 5604/1/5604 5606/1/5606 5603/1/5603 
f 5603/1/5603 5602/1/5602 5604/1/5604 
f 5602/1/5602 5601/1/5601 5605/1/5605 
f 5607/1/5607 5608/1/5608 5609/1/5609 
f 5609/1/5609 5610/1/5610 5607/1/5607 
f 5610/1/5610 5611/1/5611 5612/1/5612 
f 5612/1/5612 5607/1/5607 5610/1/5610 
f 5607/1/5607 5612/1/5612 5613/1/5613 
f 5613/1/5613 5614/1/5614 5607/1/5607 
f 5614/1/5614 5601/1/5601 5608/1/5608 
f 5608/1/5608 5607/1/5607 5614/1/5614 
f 5605/1/5605 5615/1/5615 2524/1/2524 
f 2524/1/2524 2512/1/2512 5605/1/5605 
f 5615/1/5615 5605/1/5605 5601/1/5601 
f 5601/1/5601 5614/1/5614 5615/1/5615 
f 5614/1/5614 5613/1/5613 5616/1/5616 
f 5616/1/5616 5615/1/5615 5614/1/5614 
f 2524/1/2524 5615/1/5615 5616/1/5616 
f 5616/1/5616 2526/1/2526 2524/1/2524 
f 5617/1/5617 5612/1/5612 5611/1/5611 
f 5611/1/5611 5618/1/5618 5617/1/5617 
f 5618/1/5618 5619/1/5619 5620/1/5620 
f 5620/1/5620 5617/1/5617 5618/1/5618 
f 5617/1/5617 5620/1/5620 5621/1/5621 
f 5621/1/5621 5622/1/5622 5617/1/5617 
f 5622/1/5622 5613/1/5613 5612/1/5612 
f 5612/1/5612 5617/1/5617 5622/1/5622 
f 5623/1/5623 2534/1/2534 2526/1/2526 
f 2526/1/2526 5616/1/5616 5623/1/5623 
f 5623/1/5623 5616/1/5616 5613/1/5613 
f 5613/1/5613 5622/1/5622 5623/1/5623 
f 5624/1/5624 5623/1/5623 5622/1/5622 
f 5622/1/5622 5621/1/5621 5624/1/5624 
f 5624/1/5624 2536/1/2536 2534/1/2534 
f 2534/1/2534 5623/1/5623 5624/1/5624 
f 5625/1/5625 5626/1/5626 5627/1/5627 
f 5627/1/5627 5628/1/5628 5625/1/5625 
f 5628/1/5628 5629/1/5629 5630/1/5630 
f 5630/1/5630 2544/1/2544 2543/1/2543 
f 5625/1/5625 2543/1/2543 2542/1/2542 
f 5631/1/5631 5632/1/5632 5633/1/5633 
f 5633/1/5633 5634/1/5634 5631/1/5631 
f 5634/1/5634 5633/1/5633 5627/1/5627 
f 5627/1/5627 5626/1/5626 5634/1/5634 
f 5626/1/5626 2542/1/2542 2552/1/2552 
f 2552/1/2552 5634/1/5634 5626/1/5626 
f 5634/1/5634 2552/1/2552 2551/1/2551 
f 2551/1/2551 5631/1/5631 5634/1/5634 
f 5635/1/5635 5636/1/5636 5637/1/5637 
f 5637/1/5637 5638/1/5638 5635/1/5635 
f 5638/1/5638 5637/1/5637 5632/1/5632 
f 5632/1/5632 5631/1/5631 5638/1/5638 
f 5631/1/5631 2551/1/2551 2558/1/2558 
f 2558/1/2558 5638/1/5638 5631/1/5631 
f 5638/1/5638 2558/1/2558 2557/1/2557 
f 2557/1/2557 5635/1/5635 5638/1/5638 
f 5639/1/5639 5620/1/5620 5619/1/5619 
f 5619/1/5619 5640/1/5640 5639/1/5639 
f 5640/1/5640 5641/1/5641 5642/1/5642 
f 5642/1/5642 5639/1/5639 5640/1/5640 
f 5639/1/5639 5642/1/5642 5643/1/5643 
f 5643/1/5643 5644/1/5644 5639/1/5639 
f 5644/1/5644 5621/1/5621 5620/1/5620 
f 5620/1/5620 5639/1/5639 5644/1/5644 
f 5645/1/5645 5646/1/5646 5647/1/5647 
f 5648/1/5648 5647/1/5647 5643/1/5643 
f 5643/1/5643 5642/1/5642 5648/1/5648 
f 5648/1/5648 5642/1/5642 5641/1/5641 
f 5641/1/5641 5645/1/5645 5648/1/5648 
f 5649/1/5649 2569/1/2569 2536/1/2536 
f 2536/1/2536 5624/1/5624 5649/1/5649 
f 5624/1/5624 5621/1/5621 5644/1/5644 
f 5644/1/5644 5649/1/5649 5624/1/5624 
f 5649/1/5649 5644/1/5644 5643/1/5643 
f 5643/1/5643 5650/1/5650 5649/1/5649 
f 5650/1/5650 2571/1/2571 2569/1/2569 
f 2569/1/2569 5649/1/5649 5650/1/5650 
f 5651/1/5651 5652/1/5652 2575/1/2575 
f 2575/1/2575 2574/1/2574 5651/1/5651 
f 2574/1/2574 2571/1/2571 5650/1/5650 
f 5650/1/5650 5651/1/5651 2574/1/2574 
f 5651/1/5651 5650/1/5650 5643/1/5643 
f 5643/1/5643 5647/1/5647 5651/1/5651 
f 5647/1/5647 5646/1/5646 5652/1/5652 
f 5652/1/5652 5651/1/5651 5647/1/5647 
f 5652/1/5652 5646/1/5646 5653/1/5653 
f 5653/1/5653 5654/1/5654 5652/1/5652 
f 5654/1/5654 5653/1/5653 5636/1/5636 
f 5636/1/5636 5635/1/5635 5654/1/5654 
f 5635/1/5635 2557/1/2557 2579/1/2579 
f 2579/1/2579 5654/1/5654 5635/1/5635 
f 5654/1/5654 2579/1/2579 2575/1/2575 
f 2575/1/2575 5652/1/5652 5654/1/5654 
f 5655/1/5655 5656/1/5656 5657/1/5657 
f 5657/1/5657 5658/1/5658 5655/1/5655 
f 5658/1/5658 5659/1/5659 5660/1/5660 
f 5655/1/5655 5660/1/5660 5661/1/5661 
f 5662/1/5662 5663/1/5663 5656/1/5656 
f 5656/1/5656 5655/1/5655 5662/1/5662 
f 5664/1/5664 5665/1/5665 5666/1/5666 
f 5666/1/5666 5667/1/5667 5664/1/5664 
f 5667/1/5667 5657/1/5657 5656/1/5656 
f 5656/1/5656 5664/1/5664 5667/1/5667 
f 5664/1/5664 5656/1/5656 5663/1/5663 
f 5663/1/5663 5665/1/5665 5664/1/5664 
f 5668/1/5668 5665/1/5665 5663/1/5663 
f 5663/1/5663 5669/1/5669 5668/1/5668 
f 5669/1/5669 5670/1/5670 5671/1/5671 
f 5668/1/5668 5671/1/5671 5672/1/5672 
f 5673/1/5673 5666/1/5666 5665/1/5665 
f 5665/1/5665 5668/1/5668 5673/1/5673 
f 5674/1/5674 5666/1/5666 5673/1/5673 
f 5673/1/5673 5672/1/5672 5675/1/5675 
f 5675/1/5675 5676/1/5676 5677/1/5677 
f 5677/1/5677 5678/1/5678 5675/1/5675 
f 5677/1/5677 5679/1/5679 5674/1/5674 
f 5680/1/5680 5677/1/5677 5676/1/5676 
f 5681/1/5681 5682/1/5682 5683/1/5683 
f 5680/1/5680 5683/1/5683 5679/1/5679 
f 5679/1/5679 5677/1/5677 5680/1/5680 
f 5684/1/5684 2611/1/2611 2610/1/2610 
f 2610/1/2610 5685/1/5685 5684/1/5684 
f 5685/1/5685 2610/1/2610 2544/1/2544 
f 2544/1/2544 5630/1/5630 5685/1/5685 
f 5685/1/5685 5630/1/5630 5629/1/5629 
f 5685/1/5685 5686/1/5686 5687/1/5687 
f 5687/1/5687 5684/1/5684 5685/1/5685 
f 5688/1/5688 5689/1/5689 5690/1/5690 
f 5690/1/5690 5691/1/5691 5688/1/5688 
f 5691/1/5691 5676/1/5676 5675/1/5675 
f 5675/1/5675 5688/1/5688 5691/1/5691 
f 5688/1/5688 5675/1/5675 5672/1/5672 
f 5688/1/5688 5692/1/5692 5693/1/5693 
f 5693/1/5693 5689/1/5689 5688/1/5688 
f 5694/1/5694 5681/1/5681 5676/1/5676 
f 5676/1/5676 5691/1/5691 5694/1/5694 
f 5691/1/5691 5690/1/5690 5695/1/5695 
f 5695/1/5695 5694/1/5694 5691/1/5691 
f 5694/1/5694 5695/1/5695 5696/1/5696 
f 5696/1/5696 5697/1/5697 5694/1/5694 
f 5697/1/5697 5682/1/5682 5681/1/5681 
f 5698/1/5698 5699/1/5699 5687/1/5687 
f 5687/1/5687 5700/1/5700 5698/1/5698 
f 5700/1/5700 5701/1/5701 5702/1/5702 
f 5702/1/5702 5698/1/5698 5700/1/5700 
f 5698/1/5698 5702/1/5702 5703/1/5703 
f 5703/1/5703 5704/1/5704 5698/1/5698 
f 5704/1/5704 5705/1/5705 5699/1/5699 
f 5699/1/5699 5698/1/5698 5704/1/5704 
f 5684/1/5684 5687/1/5687 5699/1/5699 
f 5699/1/5699 5706/1/5706 5684/1/5684 
f 5706/1/5706 5699/1/5699 5705/1/5705 
f 5705/1/5705 5707/1/5707 5706/1/5706 
f 5707/1/5707 2635/1/2635 2634/1/2634 
f 2634/1/2634 5706/1/5706 5707/1/5707 
f 5706/1/5706 2634/1/2634 2611/1/2611 
f 2611/1/2611 5684/1/5684 5706/1/5706 
f 5708/1/5708 5709/1/5709 5682/1/5682 
f 5682/1/5682 5697/1/5697 5708/1/5708 
f 5697/1/5697 5696/1/5696 5710/1/5710 
f 5710/1/5710 5708/1/5708 5697/1/5697 
f 5708/1/5708 5710/1/5710 5711/1/5711 
f 5711/1/5711 5712/1/5712 5708/1/5708 
f 5712/1/5712 5713/1/5713 5709/1/5709 
f 5714/1/5714 5703/1/5703 5702/1/5702 
f 5702/1/5702 5715/1/5715 5714/1/5714 
f 5715/1/5715 5702/1/5702 5701/1/5701 
f 5701/1/5701 5716/1/5716 5715/1/5715 
f 5715/1/5715 5716/1/5716 5713/1/5713 
f 5713/1/5713 5712/1/5712 5715/1/5715 
f 5712/1/5712 5711/1/5711 5714/1/5714 
f 5714/1/5714 5715/1/5715 5712/1/5712 
f 3383/1/3383 5717/1/5717 5718/1/5718 
f 5718/1/5718 3384/1/3384 3383/1/3383 
f 3383/1/3383 3382/1/3382 5719/1/5719 
f 5719/1/5719 5717/1/5717 3383/1/3383 
f 5717/1/5717 5719/1/5719 5720/1/5720 
f 5720/1/5720 5721/1/5721 5717/1/5717 
f 5721/1/5721 3394/1/3394 5718/1/5718 
f 5718/1/5718 5717/1/5717 5721/1/5721 
f 5722/1/5722 5723/1/5723 3357/1/3357 
f 3357/1/3357 3356/1/3356 5722/1/5722 
f 3356/1/3356 3363/1/3363 3391/1/3391 
f 3391/1/3391 5722/1/5722 3356/1/3356 
f 5722/1/5722 3391/1/3391 3394/1/3394 
f 3394/1/3394 5721/1/5721 5722/1/5722 
f 5721/1/5721 5720/1/5720 5723/1/5723 
f 5724/1/5724 5725/1/5725 5726/1/5726 
f 5726/1/5726 5720/1/5720 5719/1/5719 
f 5719/1/5719 5727/1/5727 5726/1/5726 
f 5727/1/5727 5719/1/5719 3382/1/3382 
f 3382/1/3382 5724/1/5724 5727/1/5727 
f 5728/1/5728 3365/1/3365 3357/1/3357 
f 3357/1/3357 5723/1/5723 5728/1/5728 
f 5728/1/5728 5723/1/5723 5720/1/5720 
f 5720/1/5720 5729/1/5729 5728/1/5728 
f 5729/1/5729 5730/1/5730 5731/1/5731 
f 5731/1/5731 5728/1/5728 5729/1/5729 
f 5731/1/5731 3366/1/3366 3365/1/3365 
f 3365/1/3365 5728/1/5728 5731/1/5731 
f 5732/1/5732 5733/1/5733 5734/1/5734 
f 5734/1/5734 5735/1/5735 5732/1/5732 
f 5735/1/5735 5736/1/5736 5737/1/5737 
f 5737/1/5737 5732/1/5732 5735/1/5735 
f 5737/1/5737 5738/1/5738 5739/1/5739 
f 5739/1/5739 5732/1/5732 5737/1/5737 
f 5739/1/5739 5730/1/5730 5733/1/5733 
f 5733/1/5733 5732/1/5732 5739/1/5739 
f 5740/1/5740 5733/1/5733 5730/1/5730 
f 5730/1/5730 5729/1/5729 5740/1/5740 
f 5729/1/5729 5720/1/5720 5726/1/5726 
f 5740/1/5740 5726/1/5726 5725/1/5725 
f 5725/1/5725 5741/1/5741 5740/1/5740 
f 5741/1/5741 5734/1/5734 5733/1/5733 
f 5733/1/5733 5740/1/5740 5741/1/5741 
f 5742/1/5742 5743/1/5743 5725/1/5725 
f 5725/1/5725 5724/1/5724 5742/1/5742 
f 5724/1/5724 3382/1/3382 3381/1/3381 
f 5742/1/5742 3381/1/3381 3380/1/3380 
f 3380/1/3380 5744/1/5744 5742/1/5742 
f 5744/1/5744 5745/1/5745 5743/1/5743 
f 5746/1/5746 5747/1/5747 5748/1/5748 
f 5748/1/5748 5749/1/5749 5746/1/5746 
f 5749/1/5749 5661/1/5661 5660/1/5660 
f 5746/1/5746 5660/1/5660 5659/1/5659 
f 5750/1/5750 5736/1/5736 5747/1/5747 
f 5747/1/5747 5746/1/5746 5750/1/5750 
f 5751/1/5751 5752/1/5752 5734/1/5734 
f 5734/1/5734 5741/1/5741 5751/1/5751 
f 5741/1/5741 5725/1/5725 5743/1/5743 
f 5743/1/5743 5751/1/5751 5741/1/5741 
f 5751/1/5751 5743/1/5743 5745/1/5745 
f 5745/1/5745 5753/1/5753 5751/1/5751 
f 5753/1/5753 5754/1/5754 5752/1/5752 
f 5752/1/5752 5751/1/5751 5753/1/5753 
f 5755/1/5755 5756/1/5756 5748/1/5748 
f 5748/1/5748 5747/1/5747 5755/1/5755 
f 5747/1/5747 5736/1/5736 5735/1/5735 
f 5735/1/5735 5755/1/5755 5747/1/5747 
f 5735/1/5735 5734/1/5734 5752/1/5752 
f 5752/1/5752 5755/1/5755 5735/1/5735 
f 5755/1/5755 5752/1/5752 5754/1/5754 
f 5754/1/5754 5756/1/5756 5755/1/5755 
f 5757/1/5757 5758/1/5758 5738/1/5738 
f 5737/1/5737 5736/1/5736 5759/1/5759 
f 5759/1/5759 5757/1/5757 5737/1/5737 
f 5757/1/5757 5759/1/5759 5760/1/5760 
f 5761/1/5761 5762/1/5762 5758/1/5758 
f 5763/1/5763 5764/1/5764 5659/1/5659 
f 5658/1/5658 5657/1/5657 5765/1/5765 
f 5763/1/5763 5765/1/5765 5766/1/5766 
f 5766/1/5766 5767/1/5767 5763/1/5763 
f 5767/1/5767 5768/1/5768 5764/1/5764 
f 5764/1/5764 5763/1/5763 5767/1/5767 
f 5769/1/5769 5759/1/5759 5736/1/5736 
f 5736/1/5736 5750/1/5750 5769/1/5769 
f 5750/1/5750 5659/1/5659 5764/1/5764 
f 5764/1/5764 5769/1/5769 5750/1/5750 
f 5769/1/5769 5764/1/5764 5768/1/5768 
f 5768/1/5768 5770/1/5770 5769/1/5769 
f 5770/1/5770 5760/1/5760 5759/1/5759 
f 5759/1/5759 5769/1/5769 5770/1/5770 
f 5771/1/5771 5772/1/5772 5773/1/5773 
f 5773/1/5773 5774/1/5774 5771/1/5771 
f 5774/1/5774 5775/1/5775 5776/1/5776 
f 5776/1/5776 5771/1/5771 5774/1/5774 
f 5771/1/5771 5776/1/5776 5777/1/5777 
f 5777/1/5777 5778/1/5778 5771/1/5771 
f 5778/1/5778 5779/1/5779 5772/1/5772 
f 5772/1/5772 5771/1/5771 5778/1/5778 
f 5780/1/5780 5781/1/5781 3366/1/3366 
f 3366/1/3366 5731/1/5731 5780/1/5780 
f 5731/1/5731 5730/1/5730 5739/1/5739 
f 5739/1/5739 5780/1/5780 5731/1/5731 
f 5780/1/5780 5739/1/5739 5738/1/5738 
f 5738/1/5738 5782/1/5782 5780/1/5780 
f 5782/1/5782 5779/1/5779 5781/1/5781 
f 5781/1/5781 5780/1/5780 5782/1/5782 
f 5783/1/5783 5772/1/5772 5779/1/5779 
f 5779/1/5779 5782/1/5782 5783/1/5783 
f 5782/1/5782 5738/1/5738 5758/1/5758 
f 5758/1/5758 5783/1/5783 5782/1/5782 
f 5783/1/5783 5758/1/5758 5762/1/5762 
f 5762/1/5762 5784/1/5784 5783/1/5783 
f 5784/1/5784 5773/1/5773 5772/1/5772 
f 5772/1/5772 5783/1/5783 5784/1/5784 
f 5785/1/5785 5786/1/5786 3368/1/3368 
f 3368/1/3368 3367/1/3367 5785/1/5785 
f 3367/1/3367 3366/1/3366 5781/1/5781 
f 5781/1/5781 5785/1/5785 3367/1/3367 
f 5785/1/5785 5781/1/5781 5779/1/5779 
f 5779/1/5779 5778/1/5778 5785/1/5785 
f 5778/1/5778 5777/1/5777 5786/1/5786 
f 5786/1/5786 5785/1/5785 5778/1/5778 
f 5787/1/5787 5788/1/5788 5789/1/5789 
f 5789/1/5789 5657/1/5657 5667/1/5667 
f 5790/1/5790 5667/1/5667 5666/1/5666 
f 5674/1/5674 5679/1/5679 5787/1/5787 
f 5791/1/5791 5792/1/5792 5766/1/5766 
f 5765/1/5765 5657/1/5657 5789/1/5789 
f 5789/1/5789 5791/1/5791 5765/1/5765 
f 5791/1/5791 5789/1/5789 5788/1/5788 
f 5793/1/5793 5794/1/5794 5792/1/5792 
f 5792/1/5792 5791/1/5791 5793/1/5793 
f 5795/1/5795 5796/1/5796 5788/1/5788 
f 5787/1/5787 5679/1/5679 5683/1/5683 
f 5683/1/5683 5795/1/5795 5787/1/5787 
f 5683/1/5683 5682/1/5682 5797/1/5797 
f 5797/1/5797 5795/1/5795 5683/1/5683 
f 5797/1/5797 5798/1/5798 5796/1/5796 
f 5799/1/5799 5800/1/5800 5794/1/5794 
f 5794/1/5794 5793/1/5793 5799/1/5799 
f 5793/1/5793 5788/1/5788 5796/1/5796 
f 5799/1/5799 5796/1/5796 5798/1/5798 
f 5798/1/5798 5801/1/5801 5799/1/5799 
f 5801/1/5801 5802/1/5802 5800/1/5800 
f 5800/1/5800 5799/1/5799 5801/1/5801 
f 5803/1/5803 5804/1/5804 5798/1/5798 
f 5798/1/5798 5797/1/5797 5803/1/5803 
f 5797/1/5797 5682/1/5682 5709/1/5709 
f 5709/1/5709 5803/1/5803 5797/1/5797 
f 5803/1/5803 5709/1/5709 5713/1/5713 
f 5805/1/5805 5806/1/5806 5804/1/5804 
f 5804/1/5804 5803/1/5803 5805/1/5805 
f 5807/1/5807 5808/1/5808 5802/1/5802 
f 5802/1/5802 5801/1/5801 5807/1/5807 
f 5801/1/5801 5798/1/5798 5804/1/5804 
f 5804/1/5804 5807/1/5807 5801/1/5801 
f 5804/1/5804 5806/1/5806 5809/1/5809 
f 5809/1/5809 5807/1/5807 5804/1/5804 
f 5808/1/5808 5807/1/5807 5809/1/5809 
f 5809/1/5809 5810/1/5810 5808/1/5808 
f 5700/1/5700 5687/1/5687 5686/1/5686 
f 5811/1/5811 5686/1/5686 5629/1/5629 
f 5812/1/5812 5813/1/5813 5814/1/5814 
f 5811/1/5811 5814/1/5814 5701/1/5701 
f 5815/1/5815 5816/1/5816 5806/1/5806 
f 5806/1/5806 5805/1/5805 5815/1/5815 
f 5805/1/5805 5713/1/5713 5716/1/5716 
f 5716/1/5716 5815/1/5815 5805/1/5805 
f 5716/1/5716 5701/1/5701 5814/1/5814 
f 5814/1/5814 5815/1/5815 5716/1/5716 
f 5815/1/5815 5814/1/5814 5813/1/5813 
f 5813/1/5813 5816/1/5816 5815/1/5815 
f 5817/1/5817 5818/1/5818 5810/1/5810 
f 5810/1/5810 5809/1/5809 5817/1/5817 
f 5809/1/5809 5806/1/5806 5816/1/5816 
f 5816/1/5816 5817/1/5817 5809/1/5809 
f 5816/1/5816 5813/1/5813 5819/1/5819 
f 5819/1/5819 5817/1/5817 5816/1/5816 
f 5817/1/5817 5819/1/5819 5820/1/5820 
f 5820/1/5820 5818/1/5818 5817/1/5817 
f 5821/1/5821 5822/1/5822 5823/1/5823 
f 5823/1/5823 5824/1/5824 5821/1/5821 
f 5824/1/5824 5813/1/5813 5812/1/5812 
f 5812/1/5812 5821/1/5821 5824/1/5824 
f 5821/1/5821 5812/1/5812 5629/1/5629 
f 5629/1/5629 5628/1/5628 5821/1/5821 
f 5628/1/5628 5627/1/5627 5822/1/5822 
f 5822/1/5822 5821/1/5821 5628/1/5628 
f 5825/1/5825 5826/1/5826 5827/1/5827 
f 5827/1/5827 5828/1/5828 5825/1/5825 
f 5828/1/5828 5820/1/5820 5819/1/5819 
f 5819/1/5819 5825/1/5825 5828/1/5828 
f 5825/1/5825 5819/1/5819 5813/1/5813 
f 5824/1/5824 5823/1/5823 5826/1/5826 
f 5826/1/5826 5825/1/5825 5824/1/5824 
f 5829/1/5829 5830/1/5830 5831/1/5831 
f 5831/1/5831 5832/1/5832 5829/1/5829 
f 5832/1/5832 5823/1/5823 5822/1/5822 
f 5829/1/5829 5822/1/5822 5627/1/5627 
f 5627/1/5627 5633/1/5633 5829/1/5829 
f 5633/1/5633 5632/1/5632 5830/1/5830 
f 5830/1/5830 5829/1/5829 5633/1/5633 
f 5833/1/5833 5834/1/5834 5835/1/5835 
f 5835/1/5835 5836/1/5836 5833/1/5833 
f 5836/1/5836 5827/1/5827 5826/1/5826 
f 5826/1/5826 5833/1/5833 5836/1/5836 
f 5833/1/5833 5826/1/5826 5823/1/5823 
f 5823/1/5823 5832/1/5832 5833/1/5833 
f 5832/1/5832 5831/1/5831 5834/1/5834 
f 5837/1/5837 5838/1/5838 5839/1/5839 
f 5840/1/5840 5831/1/5831 5830/1/5830 
f 5830/1/5830 5837/1/5837 5840/1/5840 
f 5837/1/5837 5830/1/5830 5632/1/5632 
f 5632/1/5632 5637/1/5637 5837/1/5837 
f 5837/1/5837 5637/1/5637 5636/1/5636 
f 5636/1/5636 5838/1/5838 5837/1/5837 
f 5841/1/5841 5842/1/5842 5843/1/5843 
f 5843/1/5843 5844/1/5844 5841/1/5841 
f 5844/1/5844 5835/1/5835 5834/1/5834 
f 5841/1/5841 5834/1/5834 5831/1/5831 
f 5840/1/5840 5839/1/5839 5842/1/5842 
f 5842/1/5842 5841/1/5841 5840/1/5840 
f 5845/1/5845 5846/1/5846 5839/1/5839 
f 5839/1/5839 5838/1/5838 5845/1/5845 
f 5845/1/5845 5838/1/5838 5636/1/5636 
f 5845/1/5845 5653/1/5653 5646/1/5646 
f 5646/1/5646 5847/1/5847 5845/1/5845 
f 5847/1/5847 5848/1/5848 5846/1/5846 
f 5846/1/5846 5845/1/5845 5847/1/5847 
f 5849/1/5849 5850/1/5850 5851/1/5851 
f 5851/1/5851 5852/1/5852 5849/1/5849 
f 5852/1/5852 5843/1/5843 5842/1/5842 
f 5842/1/5842 5849/1/5849 5852/1/5852 
f 5849/1/5849 5842/1/5842 5839/1/5839 
f 5839/1/5839 5846/1/5846 5849/1/5849 
f 5849/1/5849 5846/1/5846 5848/1/5848 
f 5848/1/5848 5850/1/5850 5849/1/5849 
f 5853/1/5853 5854/1/5854 5848/1/5848 
f 5848/1/5848 5847/1/5847 5853/1/5853 
f 5847/1/5847 5646/1/5646 5645/1/5645 
f 5645/1/5645 5853/1/5853 5847/1/5847 
f 5853/1/5853 5645/1/5645 5641/1/5641 
f 5641/1/5641 5855/1/5855 5853/1/5853 
f 5855/1/5855 5856/1/5856 5854/1/5854 
f 5854/1/5854 5853/1/5853 5855/1/5855 
f 5857/1/5857 5851/1/5851 5850/1/5850 
f 5850/1/5850 5848/1/5848 5854/1/5854 
f 5854/1/5854 5858/1/5858 5850/1/5850 
f 5858/1/5858 5854/1/5854 5856/1/5856 
f 5858/1/5858 5859/1/5859 5860/1/5860 
f 5860/1/5860 5857/1/5857 5858/1/5858 
f 5861/1/5861 5862/1/5862 5863/1/5863 
f 5863/1/5863 5864/1/5864 5861/1/5861 
f 5864/1/5864 5856/1/5856 5855/1/5855 
f 5855/1/5855 5861/1/5861 5864/1/5864 
f 5861/1/5861 5855/1/5855 5641/1/5641 
f 5641/1/5641 5640/1/5640 5861/1/5861 
f 5640/1/5640 5619/1/5619 5862/1/5862 
f 5862/1/5862 5861/1/5861 5640/1/5640 
f 5865/1/5865 5866/1/5866 5867/1/5867 
f 5867/1/5867 5868/1/5868 5865/1/5865 
f 5868/1/5868 5860/1/5860 5859/1/5859 
f 5859/1/5859 5865/1/5865 5868/1/5868 
f 5865/1/5865 5859/1/5859 5856/1/5856 
f 5856/1/5856 5864/1/5864 5865/1/5865 
f 5864/1/5864 5863/1/5863 5866/1/5866 
f 5866/1/5866 5865/1/5865 5864/1/5864 
f 5869/1/5869 5870/1/5870 5871/1/5871 
f 5871/1/5871 5872/1/5872 5869/1/5869 
f 5872/1/5872 5863/1/5863 5862/1/5862 
f 5862/1/5862 5869/1/5869 5872/1/5872 
f 5869/1/5869 5862/1/5862 5619/1/5619 
f 5619/1/5619 5618/1/5618 5869/1/5869 
f 5618/1/5618 5611/1/5611 5870/1/5870 
f 5870/1/5870 5869/1/5869 5618/1/5618 
f 5873/1/5873 5874/1/5874 5875/1/5875 
f 5875/1/5875 5876/1/5876 5873/1/5873 
f 5876/1/5876 5867/1/5867 5866/1/5866 
f 5866/1/5866 5873/1/5873 5876/1/5876 
f 5873/1/5873 5866/1/5866 5863/1/5863 
f 5863/1/5863 5872/1/5872 5873/1/5873 
f 5872/1/5872 5871/1/5871 5874/1/5874 
f 5874/1/5874 5873/1/5873 5872/1/5872 
f 5877/1/5877 5878/1/5878 5879/1/5879 
f 5879/1/5879 5880/1/5880 5877/1/5877 
f 5880/1/5880 5871/1/5871 5870/1/5870 
f 5870/1/5870 5877/1/5877 5880/1/5880 
f 5877/1/5877 5870/1/5870 5611/1/5611 
f 5611/1/5611 5610/1/5610 5877/1/5877 
f 5610/1/5610 5609/1/5609 5878/1/5878 
f 5881/1/5881 5882/1/5882 5883/1/5883 
f 5883/1/5883 5884/1/5884 5881/1/5881 
f 5884/1/5884 5875/1/5875 5874/1/5874 
f 5874/1/5874 5881/1/5881 5884/1/5884 
f 5881/1/5881 5874/1/5874 5871/1/5871 
f 5871/1/5871 5880/1/5880 5881/1/5881 
f 5880/1/5880 5879/1/5879 5882/1/5882 
f 5882/1/5882 5881/1/5881 5880/1/5880 
f 5885/1/5885 5886/1/5886 5883/1/5883 
f 5883/1/5883 5882/1/5882 5885/1/5885 
f 5885/1/5885 5882/1/5882 5879/1/5879 
f 5879/1/5879 5887/1/5887 5885/1/5885 
f 5885/1/5885 5887/1/5887 5888/1/5888 
f 5888/1/5888 5889/1/5889 5885/1/5885 
f 5889/1/5889 5890/1/5890 5886/1/5886 
f 5886/1/5886 5885/1/5885 5889/1/5889 
f 5891/1/5891 5892/1/5892 5893/1/5893 
f 5894/1/5894 5609/1/5609 5608/1/5608 
f 5891/1/5891 5608/1/5608 5601/1/5601 
f 5600/1/5600 5599/1/5599 5892/1/5892 
f 5892/1/5892 5891/1/5891 5600/1/5600 
f 5895/1/5895 5888/1/5888 5887/1/5887 
f 5887/1/5887 5896/1/5896 5895/1/5895 
f 5887/1/5887 5879/1/5879 5878/1/5878 
f 5878/1/5878 5896/1/5896 5887/1/5887 
f 5896/1/5896 5878/1/5878 5609/1/5609 
f 5609/1/5609 5894/1/5894 5896/1/5896 
f 5894/1/5894 5893/1/5893 5895/1/5895 
f 5599/1/5599 5598/1/5598 5897/1/5897 
f 5598/1/5598 5597/1/5597 5898/1/5898 
f 5899/1/5899 5900/1/5900 5901/1/5901 
f 5901/1/5901 5893/1/5893 5892/1/5892 
f 5892/1/5892 5902/1/5902 5901/1/5901 
f 5902/1/5902 5892/1/5892 5599/1/5599 
f 5903/1/5903 5904/1/5904 5900/1/5900 
f 5900/1/5900 5899/1/5899 5903/1/5903 
f 5903/1/5903 5905/1/5905 5906/1/5906 
f 5907/1/5907 5908/1/5908 5909/1/5909 
f 5909/1/5909 5910/1/5910 5907/1/5907 
f 5910/1/5910 5906/1/5906 5905/1/5905 
f 5905/1/5905 5907/1/5907 5910/1/5910 
f 5911/1/5911 5912/1/5912 5888/1/5888 
f 5895/1/5895 5893/1/5893 5901/1/5901 
f 5901/1/5901 5911/1/5911 5895/1/5895 
f 5911/1/5911 5901/1/5901 5900/1/5900 
f 5900/1/5900 5904/1/5904 5911/1/5911 
f 5904/1/5904 5906/1/5906 5912/1/5912 
f 5912/1/5912 5911/1/5911 5904/1/5904 
f 5913/1/5913 5914/1/5914 5890/1/5890 
f 5890/1/5890 5889/1/5889 5913/1/5913 
f 5889/1/5889 5888/1/5888 5912/1/5912 
f 5912/1/5912 5913/1/5913 5889/1/5889 
f 5913/1/5913 5912/1/5912 5906/1/5906 
f 5906/1/5906 5910/1/5910 5913/1/5913 
f 5910/1/5910 5909/1/5909 5914/1/5914 
f 5914/1/5914 5913/1/5913 5910/1/5910 
f 5915/1/5915 5916/1/5916 5917/1/5917 
f 5917/1/5917 5918/1/5918 5915/1/5915 
f 5917/1/5917 5919/1/5919 5920/1/5920 
f 5920/1/5920 3359/1/3359 3369/1/3369 
f 5918/1/5918 3369/1/3369 3368/1/3368 
f 3368/1/3368 5915/1/5915 5918/1/5918 
f 5921/1/5921 5922/1/5922 5923/1/5923 
f 5923/1/5923 5924/1/5924 5921/1/5921 
f 5923/1/5923 5919/1/5919 5917/1/5917 
f 5924/1/5924 5917/1/5917 5916/1/5916 
f 5916/1/5916 5925/1/5925 5924/1/5924 
f 5925/1/5925 5926/1/5926 5921/1/5921 
f 5927/1/5927 5928/1/5928 5916/1/5916 
f 5916/1/5916 5915/1/5915 5927/1/5927 
f 5915/1/5915 3368/1/3368 5786/1/5786 
f 5786/1/5786 5927/1/5927 5915/1/5915 
f 5927/1/5927 5786/1/5786 5777/1/5777 
f 5777/1/5777 5929/1/5929 5927/1/5927 
f 5929/1/5929 5930/1/5930 5928/1/5928 
f 5928/1/5928 5927/1/5927 5929/1/5929 
f 5931/1/5931 5932/1/5932 5930/1/5930 
f 5930/1/5930 5929/1/5929 5931/1/5931 
f 5929/1/5929 5777/1/5777 5776/1/5776 
f 5776/1/5776 5931/1/5931 5929/1/5929 
f 5931/1/5931 5776/1/5776 5775/1/5775 
f 5775/1/5775 5933/1/5933 5931/1/5931 
f 5933/1/5933 5934/1/5934 5932/1/5932 
f 5932/1/5932 5931/1/5931 5933/1/5933 
f 5935/1/5935 5936/1/5936 5926/1/5926 
f 5926/1/5926 5925/1/5925 5935/1/5935 
f 5925/1/5925 5916/1/5916 5928/1/5928 
f 5928/1/5928 5935/1/5935 5925/1/5925 
f 5935/1/5935 5928/1/5928 5930/1/5930 
f 5930/1/5930 5937/1/5937 5935/1/5935 
f 5937/1/5937 5938/1/5938 5936/1/5936 
f 5936/1/5936 5935/1/5935 5937/1/5937 
f 5939/1/5939 5937/1/5937 5930/1/5930 
f 5930/1/5930 5932/1/5932 5939/1/5939 
f 5932/1/5932 5934/1/5934 5940/1/5940 
f 5940/1/5940 5939/1/5939 5932/1/5932 
f 5939/1/5939 5940/1/5940 5941/1/5941 
f 5941/1/5941 5942/1/5942 5939/1/5939 
f 5942/1/5942 5938/1/5938 5937/1/5937 
f 5937/1/5937 5939/1/5939 5942/1/5942 
f 5943/1/5943 5944/1/5944 5945/1/5945 
f 5945/1/5945 5946/1/5946 5943/1/5943 
f 5946/1/5946 3378/1/3378 3377/1/3377 
f 3377/1/3377 5943/1/5943 5946/1/5946 
f 5943/1/5943 3377/1/3377 3384/1/3384 
f 3384/1/3384 5944/1/5944 5943/1/5943 
f 5947/1/5947 5948/1/5948 3496/1/3496 
f 3496/1/3496 3495/1/3495 5947/1/5947 
f 3495/1/3495 3487/1/3487 3486/1/3486 
f 3486/1/3486 5947/1/5947 3495/1/3495 
f 5947/1/5947 3486/1/3486 3324/1/3324 
f 3324/1/3324 5949/1/5949 5947/1/5947 
f 5949/1/5949 5950/1/5950 5948/1/5948 
f 5948/1/5948 5947/1/5947 5949/1/5949 
f 5951/1/5951 5952/1/5952 5953/1/5953 
f 5953/1/5953 5954/1/5954 5951/1/5951 
f 5954/1/5954 5945/1/5945 5944/1/5944 
f 5944/1/5944 5951/1/5951 5954/1/5954 
f 5951/1/5951 5944/1/5944 3384/1/3384 
f 3384/1/3384 5718/1/5718 5951/1/5951 
f 5718/1/5718 3394/1/3394 5952/1/5952 
f 5952/1/5952 5951/1/5951 5718/1/5718 
f 5955/1/5955 5956/1/5956 5953/1/5953 
f 5953/1/5953 5952/1/5952 5955/1/5955 
f 5952/1/5952 3394/1/3394 3393/1/3393 
f 3393/1/3393 5955/1/5955 5952/1/5952 
f 5955/1/5955 3393/1/3393 3396/1/3396 
f 3396/1/3396 5957/1/5957 5955/1/5955 
f 5955/1/5955 5957/1/5957 5958/1/5958 
f 5958/1/5958 5956/1/5956 5955/1/5955 
f 5959/1/5959 5949/1/5949 3324/1/3324 
f 3324/1/3324 3321/1/3321 5959/1/5959 
f 3321/1/3321 3306/1/3306 3352/1/3352 
f 3352/1/3352 5959/1/5959 3321/1/3321 
f 3352/1/3352 3351/1/3351 5960/1/5960 
f 5960/1/5960 5959/1/5959 3352/1/3352 
f 5960/1/5960 5950/1/5950 5949/1/5949 
f 5949/1/5949 5959/1/5959 5960/1/5960 
f 5961/1/5961 5962/1/5962 5950/1/5950 
f 5950/1/5950 5960/1/5960 5961/1/5961 
f 5960/1/5960 3351/1/3351 5963/1/5963 
f 5963/1/5963 5961/1/5961 5960/1/5960 
f 5961/1/5961 5963/1/5963 5964/1/5964 
f 5964/1/5964 5965/1/5965 5961/1/5961 
f 5965/1/5965 5966/1/5966 5962/1/5962 
f 5962/1/5962 5961/1/5961 5965/1/5965 
f 5967/1/5967 5968/1/5968 5953/1/5953 
f 5956/1/5956 5958/1/5958 5969/1/5969 
f 5969/1/5969 5967/1/5967 5956/1/5956 
f 5967/1/5967 5969/1/5969 5966/1/5966 
f 5966/1/5966 5965/1/5965 5967/1/5967 
f 5965/1/5965 5964/1/5964 5968/1/5968 
f 5968/1/5968 5967/1/5967 5965/1/5965 
f 5970/1/5970 5971/1/5971 5972/1/5972 
f 5972/1/5972 5973/1/5973 5970/1/5970 
f 5973/1/5973 5591/1/5591 5590/1/5590 
f 5590/1/5590 5970/1/5970 5973/1/5973 
f 5970/1/5970 5590/1/5590 5594/1/5594 
f 5594/1/5594 5974/1/5974 5970/1/5970 
f 5974/1/5974 5975/1/5975 5971/1/5971 
f 5971/1/5971 5970/1/5970 5974/1/5974 
f 5976/1/5976 5977/1/5977 5978/1/5978 
f 5978/1/5978 5979/1/5979 5976/1/5976 
f 5979/1/5979 5972/1/5972 5971/1/5971 
f 5971/1/5971 5976/1/5976 5979/1/5979 
f 5976/1/5976 5971/1/5971 5975/1/5975 
f 5975/1/5975 5980/1/5980 5976/1/5976 
f 5980/1/5980 5981/1/5981 5977/1/5977 
f 5977/1/5977 5976/1/5976 5980/1/5980 
f 5982/1/5982 5983/1/5983 5984/1/5984 
f 5984/1/5984 5985/1/5985 5982/1/5982 
f 5982/1/5982 5985/1/5985 5986/1/5986 
f 5987/1/5987 5978/1/5978 5977/1/5977 
f 5977/1/5977 5982/1/5982 5987/1/5987 
f 5982/1/5982 5977/1/5977 5981/1/5981 
f 5981/1/5981 5983/1/5983 5982/1/5982 
f 5988/1/5988 5984/1/5984 5983/1/5983 
f 5983/1/5983 5989/1/5989 5988/1/5988 
f 5983/1/5983 5981/1/5981 5990/1/5990 
f 5990/1/5990 5989/1/5989 5983/1/5983 
f 5989/1/5989 5990/1/5990 5991/1/5991 
f 5991/1/5991 5992/1/5992 5989/1/5989 
f 5992/1/5992 5993/1/5993 5988/1/5988 
f 5988/1/5988 5989/1/5989 5992/1/5992 
f 5992/1/5992 5991/1/5991 5994/1/5994 
f 5994/1/5994 5995/1/5995 5992/1/5992 
f 5995/1/5995 5994/1/5994 5663/1/5663 
f 5663/1/5663 5662/1/5662 5995/1/5995 
f 5662/1/5662 5661/1/5661 5996/1/5996 
f 5996/1/5996 5995/1/5995 5662/1/5662 
f 5996/1/5996 5993/1/5993 5992/1/5992 
f 5992/1/5992 5995/1/5995 5996/1/5996 
f 5997/1/5997 5998/1/5998 5999/1/5999 
f 6000/1/6000 6001/1/6001 6002/1/6002 
f 6002/1/6002 5997/1/5997 6000/1/6000 
f 5997/1/5997 6002/1/6002 5986/1/5986 
f 5985/1/5985 5984/1/5984 5998/1/5998 
f 6003/1/6003 5998/1/5998 5984/1/5984 
f 5984/1/5984 5988/1/5988 6003/1/6003 
f 5988/1/5988 5993/1/5993 6004/1/6004 
f 6004/1/6004 6003/1/6003 5988/1/5988 
f 6003/1/6003 6004/1/6004 6005/1/6005 
f 6006/1/6006 5999/1/5999 5998/1/5998 
f 6007/1/6007 6004/1/6004 5993/1/5993 
f 5993/1/5993 5996/1/5996 6007/1/6007 
f 5996/1/5996 5661/1/5661 5749/1/5749 
f 5749/1/5749 6007/1/6007 5996/1/5996 
f 6007/1/6007 5749/1/5749 5748/1/5748 
f 6008/1/6008 6005/1/6005 6004/1/6004 
f 6009/1/6009 6010/1/6010 6011/1/6011 
f 6011/1/6011 6012/1/6012 6009/1/6009 
f 6012/1/6012 5745/1/5745 5744/1/5744 
f 5744/1/5744 6009/1/6009 6012/1/6012 
f 5744/1/5744 3380/1/3380 6013/1/6013 
f 6013/1/6013 6014/1/6014 6010/1/6010 
f 6010/1/6010 6009/1/6009 6013/1/6013 
f 6015/1/6015 6016/1/6016 6017/1/6017 
f 6017/1/6017 6018/1/6018 6015/1/6015 
f 6018/1/6018 6017/1/6017 6019/1/6019 
f 6019/1/6019 6020/1/6020 6018/1/6018 
f 6020/1/6020 6021/1/6021 6022/1/6022 
f 6022/1/6022 6018/1/6018 6020/1/6020 
f 6018/1/6018 6022/1/6022 6023/1/6023 
f 6023/1/6023 6015/1/6015 6018/1/6018 
f 6022/1/6022 6021/1/6021 6024/1/6024 
f 6025/1/6025 6024/1/6024 6011/1/6011 
f 6011/1/6011 6010/1/6010 6025/1/6025 
f 6025/1/6025 6010/1/6010 6014/1/6014 
f 6014/1/6014 6026/1/6026 6025/1/6025 
f 6026/1/6026 6023/1/6023 6022/1/6022 
f 6022/1/6022 6025/1/6025 6026/1/6026 
f 6027/1/6027 3371/1/3371 3375/1/3375 
f 3375/1/3375 6028/1/6028 6027/1/6027 
f 6028/1/6028 6029/1/6029 6030/1/6030 
f 6030/1/6030 6027/1/6027 6028/1/6028 
f 6027/1/6027 6030/1/6030 6031/1/6031 
f 6031/1/6031 6032/1/6032 6027/1/6027 
f 6032/1/6032 3372/1/3372 3371/1/3371 
f 3371/1/3371 6027/1/6027 6032/1/6032 
f 6033/1/6033 6034/1/6034 6031/1/6031 
f 6031/1/6031 6030/1/6030 6033/1/6033 
f 6030/1/6030 6029/1/6029 6035/1/6035 
f 6035/1/6035 6033/1/6033 6030/1/6030 
f 6033/1/6033 6035/1/6035 6016/1/6016 
f 6016/1/6016 6015/1/6015 6033/1/6033 
f 6015/1/6015 6023/1/6023 6034/1/6034 
f 6034/1/6034 6033/1/6033 6015/1/6015 
f 6036/1/6036 6037/1/6037 6038/1/6038 
f 6038/1/6038 6039/1/6039 6036/1/6036 
f 6039/1/6039 5958/1/5958 5957/1/5957 
f 5957/1/5957 3396/1/3396 3412/1/3412 
f 6036/1/6036 3412/1/3412 3411/1/3411 
f 6040/1/6040 6041/1/6041 6042/1/6042 
f 6042/1/6042 6043/1/6043 6040/1/6040 
f 6043/1/6043 5966/1/5966 5969/1/5969 
f 5969/1/5969 6040/1/6040 6043/1/6043 
f 6040/1/6040 5969/1/5969 5958/1/5958 
f 6039/1/6039 6038/1/6038 6041/1/6041 
f 6041/1/6041 6040/1/6040 6039/1/6039 
f 6044/1/6044 6045/1/6045 3496/1/3496 
f 3496/1/3496 5948/1/5948 6044/1/6044 
f 5948/1/5948 5950/1/5950 5962/1/5962 
f 6044/1/6044 5962/1/5962 5966/1/5966 
f 6043/1/6043 6042/1/6042 6045/1/6045 
f 6045/1/6045 6044/1/6044 6043/1/6043 
f 6046/1/6046 6047/1/6047 3852/1/3852 
f 6046/1/6046 6048/1/6048 6049/1/6049 
f 6050/1/6050 6048/1/6048 3852/1/3852 
f 3852/1/3852 3851/1/3851 6050/1/6050 
f 3851/1/3851 3650/1/3650 3648/1/3648 
f 3648/1/3648 6050/1/6050 3851/1/3851 
f 6050/1/6050 3648/1/3648 3647/1/3647 
f 3647/1/3647 6051/1/6051 6050/1/6050 
f 6051/1/6051 6049/1/6049 6048/1/6048 
f 6048/1/6048 6050/1/6050 6051/1/6051 
f 6052/1/6052 6053/1/6053 6054/1/6054 
f 6052/1/6052 6055/1/6055 3470/1/3470 
f 6052/1/6052 3474/1/3474 3473/1/3473 
f 6056/1/6056 6057/1/6057 6053/1/6053 
f 6053/1/6053 6052/1/6052 6056/1/6056 
f 6058/1/6058 6059/1/6059 3803/1/3803 
f 3803/1/3803 3802/1/3802 6058/1/6058 
f 3802/1/3802 3785/1/3785 6060/1/6060 
f 6060/1/6060 6058/1/6058 3802/1/3802 
f 6058/1/6058 6060/1/6060 6061/1/6061 
f 6062/1/6062 6063/1/6063 6059/1/6059 
f 6059/1/6059 6058/1/6058 6062/1/6062 
f 6051/1/6051 3647/1/3647 6064/1/6064 
f 6064/1/6064 6065/1/6065 6051/1/6051 
f 6064/1/6064 6063/1/6063 6066/1/6066 
f 6066/1/6066 6065/1/6065 6064/1/6064 
f 6066/1/6066 6049/1/6049 6051/1/6051 
f 6051/1/6051 6065/1/6065 6066/1/6066 
f 6067/1/6067 6068/1/6068 6069/1/6069 
f 6069/1/6069 6070/1/6070 6067/1/6067 
f 6068/1/6068 6049/1/6049 6066/1/6066 
f 6066/1/6066 6069/1/6069 6068/1/6068 
f 6069/1/6069 6066/1/6066 6063/1/6063 
f 6063/1/6063 6071/1/6071 6069/1/6069 
f 6071/1/6071 6072/1/6072 6070/1/6070 
f 6070/1/6070 6069/1/6069 6071/1/6071 
f 6073/1/6073 6064/1/6064 3647/1/3647 
f 3646/1/3646 3645/1/3645 3818/1/3818 
f 3818/1/3818 3803/1/3803 6059/1/6059 
f 6059/1/6059 6073/1/6073 3818/1/3818 
f 6059/1/6059 6063/1/6063 6064/1/6064 
f 6064/1/6064 6073/1/6073 6059/1/6059 
f 6074/1/6074 3465/1/3465 3399/1/3399 
f 3399/1/3399 3406/1/3406 6074/1/6074 
f 3406/1/3406 3409/1/3409 6075/1/6075 
f 6075/1/6075 6074/1/6074 3406/1/3406 
f 6074/1/6074 6075/1/6075 6076/1/6076 
f 6076/1/6076 6077/1/6077 6074/1/6074 
f 6077/1/6077 3466/1/3466 3465/1/3465 
f 3465/1/3465 6074/1/6074 6077/1/6077 
f 6078/1/6078 3409/1/3409 3408/1/3408 
f 3408/1/3408 6079/1/6079 6078/1/6078 
f 3408/1/3408 3405/1/3405 6080/1/6080 
f 6080/1/6080 6079/1/6079 3408/1/3408 
f 6079/1/6079 6080/1/6080 6067/1/6067 
f 6067/1/6067 6070/1/6070 6079/1/6079 
f 6079/1/6079 6070/1/6070 6072/1/6072 
f 6072/1/6072 6078/1/6078 6079/1/6079 
f 6081/1/6081 6075/1/6075 3409/1/3409 
f 3409/1/3409 6078/1/6078 6081/1/6081 
f 6078/1/6078 6072/1/6072 6082/1/6082 
f 6081/1/6081 6082/1/6082 6083/1/6083 
f 6083/1/6083 6084/1/6084 6081/1/6081 
f 6084/1/6084 6076/1/6076 6075/1/6075 
f 6085/1/6085 6086/1/6086 6057/1/6057 
f 6056/1/6056 3473/1/3473 3476/1/3476 
f 3476/1/3476 6085/1/6085 6056/1/6056 
f 6085/1/6085 3476/1/3476 3466/1/3466 
f 3466/1/3466 6077/1/6077 6085/1/6085 
f 6077/1/6077 6076/1/6076 6086/1/6086 
f 6086/1/6086 6085/1/6085 6077/1/6077 
f 6087/1/6087 6088/1/6088 6089/1/6089 
f 6089/1/6089 6090/1/6090 6087/1/6087 
f 6090/1/6090 6054/1/6054 6091/1/6091 
f 6091/1/6091 6092/1/6092 6093/1/6093 
f 6093/1/6093 6087/1/6087 6091/1/6091 
f 6087/1/6087 6093/1/6093 6094/1/6094 
f 6094/1/6094 6088/1/6088 6087/1/6087 
f 6095/1/6095 6082/1/6082 6072/1/6072 
f 6071/1/6071 6063/1/6063 6062/1/6062 
f 6062/1/6062 6095/1/6095 6071/1/6071 
f 6095/1/6095 6062/1/6062 6061/1/6061 
f 6061/1/6061 6096/1/6096 6095/1/6095 
f 6096/1/6096 6083/1/6083 6082/1/6082 
f 6082/1/6082 6095/1/6095 6096/1/6096 
f 6097/1/6097 6093/1/6093 6092/1/6092 
f 6092/1/6092 6098/1/6098 6097/1/6097 
f 6098/1/6098 3508/1/3508 3507/1/3507 
f 3507/1/3507 6097/1/6097 6098/1/6098 
f 6097/1/6097 3507/1/3507 3498/1/3498 
f 6099/1/6099 6094/1/6094 6093/1/6093 
f 6100/1/6100 6101/1/6101 6089/1/6089 
f 6089/1/6089 6102/1/6102 6100/1/6100 
f 6102/1/6102 6038/1/6038 6037/1/6037 
f 6100/1/6100 6037/1/6037 3411/1/3411 
f 3411/1/3411 3421/1/3421 6100/1/6100 
f 3421/1/3421 3420/1/3420 6101/1/6101 
f 6101/1/6101 6100/1/6100 3421/1/3421 
f 6103/1/6103 6088/1/6088 6094/1/6094 
f 6094/1/6094 6104/1/6104 6103/1/6103 
f 6104/1/6104 6042/1/6042 6041/1/6041 
f 6041/1/6041 6103/1/6103 6104/1/6104 
f 6103/1/6103 6041/1/6041 6038/1/6038 
f 6038/1/6038 6102/1/6102 6103/1/6103 
f 6102/1/6102 6089/1/6089 6088/1/6088 
f 6105/1/6105 6101/1/6101 3420/1/3420 
f 3420/1/3420 3468/1/3468 6105/1/6105 
f 6105/1/6105 3468/1/3468 3470/1/3470 
f 3470/1/3470 6055/1/6055 6105/1/6105 
f 6105/1/6105 6055/1/6055 6054/1/6054 
f 6090/1/6090 6089/1/6089 6101/1/6101 
f 6101/1/6101 6105/1/6105 6090/1/6090 
f 6106/1/6106 6107/1/6107 6083/1/6083 
f 6083/1/6083 6096/1/6096 6106/1/6106 
f 6096/1/6096 6061/1/6061 6108/1/6108 
f 6106/1/6106 6108/1/6108 6109/1/6109 
f 6109/1/6109 6110/1/6110 6106/1/6106 
f 6110/1/6110 6111/1/6111 6107/1/6107 
f 6107/1/6107 6106/1/6106 6110/1/6110 
f 6099/1/6099 3498/1/3498 3497/1/3497 
f 6112/1/6112 3497/1/3497 3496/1/3496 
f 6112/1/6112 6045/1/6045 6042/1/6042 
f 6042/1/6042 6104/1/6104 6112/1/6112 
f 6104/1/6104 6094/1/6094 6099/1/6099 
f 6099/1/6099 6112/1/6112 6104/1/6104 
f 6113/1/6113 6107/1/6107 6111/1/6111 
f 6114/1/6114 6057/1/6057 6086/1/6086 
f 6086/1/6086 6113/1/6113 6114/1/6114 
f 6113/1/6113 6086/1/6086 6076/1/6076 
f 6076/1/6076 6084/1/6084 6113/1/6113 
f 6084/1/6084 6083/1/6083 6107/1/6107 
f 6115/1/6115 3525/1/3525 3510/1/3510 
f 3510/1/3510 3509/1/3509 6115/1/6115 
f 3509/1/3509 3508/1/3508 6116/1/6116 
f 6116/1/6116 6115/1/6115 3509/1/3509 
f 6115/1/6115 6116/1/6116 6109/1/6109 
f 6109/1/6109 6117/1/6117 6115/1/6115 
f 6117/1/6117 3526/1/3526 3525/1/3525 
f 3525/1/3525 6115/1/6115 6117/1/6117 
f 6118/1/6118 6116/1/6116 3508/1/3508 
f 3508/1/3508 6098/1/6098 6118/1/6118 
f 6098/1/6098 6092/1/6092 6119/1/6119 
f 6119/1/6119 6118/1/6118 6098/1/6098 
f 6118/1/6118 6119/1/6119 6111/1/6111 
f 6111/1/6111 6110/1/6110 6118/1/6118 
f 6110/1/6110 6109/1/6109 6116/1/6116 
f 6116/1/6116 6118/1/6118 6110/1/6110 
f 6061/1/6061 6060/1/6060 6120/1/6120 
f 6120/1/6120 6108/1/6108 6061/1/6061 
f 6120/1/6120 6060/1/6060 3785/1/3785 
f 3785/1/3785 3784/1/3784 6120/1/6120 
f 6120/1/6120 3784/1/3784 3526/1/3526 
f 3526/1/3526 6117/1/6117 6120/1/6120 
f 6117/1/6117 6109/1/6109 6108/1/6108 
f 6108/1/6108 6120/1/6120 6117/1/6117 
f 6121/1/6121 6119/1/6119 6092/1/6092 
f 6091/1/6091 6054/1/6054 6053/1/6053 
f 6053/1/6053 6121/1/6121 6091/1/6091 
f 6121/1/6121 6053/1/6053 6057/1/6057 
f 6114/1/6114 6111/1/6111 6119/1/6119 
f 6119/1/6119 6121/1/6121 6114/1/6114 
f 6122/1/6122 5898/1/5898 5597/1/5597 
f 6123/1/6123 6124/1/6124 6125/1/6125 
f 6126/1/6126 6125/1/6125 6124/1/6124 
f 6124/1/6124 6127/1/6127 6126/1/6126 
f 6127/1/6127 6128/1/6128 6129/1/6129 
f 6130/1/6130 6131/1/6131 3878/1/3878 
f 6130/1/6130 6129/1/6129 6128/1/6128 
f 6132/1/6132 6133/1/6133 3010/1/3010 
f 3010/1/3010 3009/1/3009 6132/1/6132 
f 6132/1/6132 3009/1/3009 701/1/701 
f 701/1/701 3870/1/3870 6132/1/6132 
f 3870/1/3870 3872/1/3872 3882/1/3882 
f 3882/1/3882 6132/1/6132 3870/1/3870 
f 6132/1/6132 3882/1/3882 3884/1/3884 
f 3884/1/3884 6133/1/6133 6132/1/6132 
f 6134/1/6134 6135/1/6135 6128/1/6128 
f 6127/1/6127 6124/1/6124 6136/1/6136 
f 6136/1/6136 6134/1/6134 6127/1/6127 
f 6134/1/6134 6136/1/6136 6137/1/6137 
f 6137/1/6137 6138/1/6138 6134/1/6134 
f 6138/1/6138 6139/1/6139 6135/1/6135 
f 6135/1/6135 6134/1/6134 6138/1/6138 
f 6140/1/6140 6141/1/6141 3884/1/3884 
f 3883/1/3883 3878/1/3878 6131/1/6131 
f 6131/1/6131 6140/1/6140 3883/1/3883 
f 6140/1/6140 6131/1/6131 6128/1/6128 
f 6128/1/6128 6135/1/6135 6140/1/6140 
f 6140/1/6140 6135/1/6135 6139/1/6139 
f 6139/1/6139 6141/1/6141 6140/1/6140 
f 6142/1/6142 6136/1/6136 6124/1/6124 
f 6124/1/6124 6123/1/6123 6142/1/6142 
f 6123/1/6123 5597/1/5597 5596/1/5596 
f 5596/1/5596 6142/1/6142 6123/1/6123 
f 6142/1/6142 5596/1/5596 5603/1/5603 
f 5603/1/5603 6143/1/6143 6142/1/6142 
f 6143/1/6143 6137/1/6137 6136/1/6136 
f 6136/1/6136 6142/1/6142 6143/1/6143 
f 6144/1/6144 5606/1/5606 2515/1/2515 
f 2515/1/2515 3028/1/3028 6144/1/6144 
f 3028/1/3028 3030/1/3030 6145/1/6145 
f 6145/1/6145 6144/1/6144 3028/1/3028 
f 6144/1/6144 6145/1/6145 6137/1/6137 
f 6137/1/6137 6143/1/6143 6144/1/6144 
f 6143/1/6143 5603/1/5603 5606/1/5606 
f 5606/1/5606 6144/1/6144 6143/1/6143 
f 6146/1/6146 6145/1/6145 3030/1/3030 
f 3030/1/3030 3032/1/3032 6146/1/6146 
f 3032/1/3032 3034/1/3034 6147/1/6147 
f 6147/1/6147 6146/1/6146 3032/1/3032 
f 6146/1/6146 6147/1/6147 6139/1/6139 
f 6138/1/6138 6137/1/6137 6145/1/6145 
f 6145/1/6145 6146/1/6146 6138/1/6138 
f 6148/1/6148 6147/1/6147 3034/1/3034 
f 3034/1/3034 3036/1/3036 6148/1/6148 
f 3036/1/3036 3010/1/3010 6133/1/6133 
f 6133/1/6133 6148/1/6148 3036/1/3036 
f 6148/1/6148 6133/1/6133 3884/1/3884 
f 3884/1/3884 6141/1/6141 6148/1/6148 
f 6141/1/6141 6139/1/6139 6147/1/6147 
f 6147/1/6147 6148/1/6148 6141/1/6141 
f 6149/1/6149 6150/1/6150 5572/1/5572 
f 5572/1/5572 5571/1/5571 6149/1/6149 
f 5571/1/5571 5566/1/5566 6151/1/6151 
f 6151/1/6151 6149/1/6149 5571/1/5571 
f 6149/1/6149 6151/1/6151 6152/1/6152 
f 6152/1/6152 6153/1/6153 6149/1/6149 
f 6153/1/6153 6154/1/6154 6150/1/6150 
f 6155/1/6155 6156/1/6156 6154/1/6154 
f 6153/1/6153 6152/1/6152 6157/1/6157 
f 6155/1/6155 6157/1/6157 6158/1/6158 
f 6159/1/6159 6160/1/6160 6156/1/6156 
f 6156/1/6156 6155/1/6155 6159/1/6159 
f 6161/1/6161 6162/1/6162 6163/1/6163 
f 6163/1/6163 6164/1/6164 6161/1/6161 
f 6164/1/6164 6163/1/6163 5564/1/5564 
f 5564/1/5564 5563/1/5563 6164/1/6164 
f 6164/1/6164 5563/1/5563 2493/1/2493 
f 2493/1/2493 3055/1/3055 6164/1/6164 
f 3055/1/3055 3054/1/3054 6161/1/6161 
f 6161/1/6161 6164/1/6164 3055/1/3055 
f 6165/1/6165 6161/1/6161 3054/1/3054 
f 3054/1/3054 3056/1/3056 6165/1/6165 
f 6165/1/6165 3056/1/3056 3061/1/3061 
f 3061/1/3061 6166/1/6166 6165/1/6165 
f 6166/1/6166 6167/1/6167 6168/1/6168 
f 6168/1/6168 6165/1/6165 6166/1/6166 
f 6165/1/6165 6168/1/6168 6162/1/6162 
f 6162/1/6162 6161/1/6161 6165/1/6165 
f 6168/1/6168 6167/1/6167 6169/1/6169 
f 6169/1/6169 6170/1/6170 6168/1/6168 
f 6169/1/6169 6158/1/6158 6157/1/6157 
f 6170/1/6170 6157/1/6157 6152/1/6152 
f 6170/1/6170 6171/1/6171 6162/1/6162 
f 6162/1/6162 6168/1/6168 6170/1/6170 
f 6172/1/6172 6151/1/6151 5566/1/5566 
f 5565/1/5565 5564/1/5564 6163/1/6163 
f 6163/1/6163 6162/1/6162 6171/1/6171 
f 6171/1/6171 6172/1/6172 6163/1/6163 
f 6171/1/6171 6152/1/6152 6151/1/6151 
f 6173/1/6173 6174/1/6174 6175/1/6175 
f 6175/1/6175 6176/1/6176 6173/1/6173 
f 6176/1/6176 6154/1/6154 6156/1/6156 
f 6173/1/6173 6156/1/6156 6160/1/6160 
f 6177/1/6177 6178/1/6178 6174/1/6174 
f 6179/1/6179 6180/1/6180 5584/1/5584 
f 5584/1/5584 5583/1/5583 6179/1/6179 
f 5583/1/5583 5578/1/5578 6181/1/6181 
f 6181/1/6181 6179/1/6179 5583/1/5583 
f 6179/1/6179 6181/1/6181 6175/1/6175 
f 6182/1/6182 6183/1/6183 6180/1/6180 
f 6180/1/6180 6179/1/6179 6182/1/6182 
f 6184/1/6184 6181/1/6181 5578/1/5578 
f 5577/1/5577 5572/1/5572 6150/1/6150 
f 6184/1/6184 6150/1/6150 6154/1/6154 
f 6176/1/6176 6175/1/6175 6181/1/6181 
f 6185/1/6185 6186/1/6186 6183/1/6183 
f 6183/1/6183 6182/1/6182 6185/1/6185 
f 6182/1/6182 6175/1/6175 6174/1/6174 
f 6174/1/6174 6185/1/6185 6182/1/6182 
f 6185/1/6185 6174/1/6174 6178/1/6178 
f 6178/1/6178 6187/1/6187 6185/1/6185 
f 6187/1/6187 6188/1/6188 6186/1/6186 
f 6186/1/6186 6185/1/6185 6187/1/6187 
f 6189/1/6189 6190/1/6190 5693/1/5693 
f 5693/1/5693 5692/1/5692 6189/1/6189 
f 5692/1/5692 5672/1/5672 5671/1/5671 
f 5671/1/5671 6189/1/6189 5692/1/5692 
f 6189/1/6189 5671/1/5671 5670/1/5670 
f 5670/1/5670 6191/1/6191 6189/1/6189 
f 6191/1/6191 6192/1/6192 6190/1/6190 
f 6190/1/6190 6189/1/6189 6191/1/6191 
f 6193/1/6193 6194/1/6194 6195/1/6195 
f 6195/1/6195 6196/1/6196 6193/1/6193 
f 6196/1/6196 6011/1/6011 6024/1/6024 
f 6024/1/6024 6193/1/6193 6196/1/6196 
f 6193/1/6193 6024/1/6024 6021/1/6021 
f 6021/1/6021 6197/1/6197 6193/1/6193 
f 6197/1/6197 6198/1/6198 6194/1/6194 
f 6194/1/6194 6193/1/6193 6197/1/6197 
f 6199/1/6199 6008/1/6008 5748/1/5748 
f 5748/1/5748 5756/1/5756 6199/1/6199 
f 5756/1/5756 5754/1/5754 6200/1/6200 
f 6200/1/6200 6199/1/6199 5756/1/5756 
f 6199/1/6199 6200/1/6200 6195/1/6195 
f 6195/1/6195 6201/1/6201 6199/1/6199 
f 6201/1/6201 6005/1/6005 6008/1/6008 
f 6202/1/6202 6203/1/6203 6019/1/6019 
f 6019/1/6019 6204/1/6204 6202/1/6202 
f 6204/1/6204 6001/1/6001 6000/1/6000 
f 6000/1/6000 6202/1/6202 6204/1/6204 
f 6202/1/6202 6000/1/6000 5999/1/5999 
f 5999/1/5999 6205/1/6205 6202/1/6202 
f 6205/1/6205 6198/1/6198 6203/1/6203 
f 6203/1/6203 6202/1/6202 6205/1/6205 
f 6206/1/6206 6194/1/6194 6198/1/6198 
f 6198/1/6198 6205/1/6205 6206/1/6206 
f 6205/1/6205 5999/1/5999 6006/1/6006 
f 6006/1/6006 6206/1/6206 6205/1/6205 
f 6206/1/6206 6006/1/6006 6005/1/6005 
f 6005/1/6005 6201/1/6201 6206/1/6206 
f 6201/1/6201 6195/1/6195 6194/1/6194 
f 6194/1/6194 6206/1/6206 6201/1/6201 
f 6020/1/6020 6019/1/6019 6203/1/6203 
f 6203/1/6203 6207/1/6207 6020/1/6020 
f 6207/1/6207 6203/1/6203 6198/1/6198 
f 6198/1/6198 6197/1/6197 6207/1/6207 
f 6207/1/6207 6197/1/6197 6021/1/6021 
f 6021/1/6021 6020/1/6020 6207/1/6207 
f 6208/1/6208 6200/1/6200 5754/1/5754 
f 5754/1/5754 5753/1/5753 6208/1/6208 
f 5753/1/5753 5745/1/5745 6012/1/6012 
f 6208/1/6208 6012/1/6012 6011/1/6011 
f 6011/1/6011 6196/1/6196 6208/1/6208 
f 6196/1/6196 6195/1/6195 6200/1/6200 
f 6200/1/6200 6208/1/6208 6196/1/6196 
f 6209/1/6209 6210/1/6210 5945/1/5945 
f 5945/1/5945 5954/1/5954 6209/1/6209 
f 5954/1/5954 5953/1/5953 5968/1/5968 
f 5968/1/5968 6209/1/6209 5954/1/5954 
f 6209/1/6209 5968/1/5968 5964/1/5964 
f 5964/1/5964 6211/1/6211 6209/1/6209 
f 6211/1/6211 6212/1/6212 6210/1/6210 
f 6210/1/6210 6209/1/6209 6211/1/6211 
f 6213/1/6213 6034/1/6034 6023/1/6023 
f 6023/1/6023 6026/1/6026 6213/1/6213 
f 6026/1/6026 6014/1/6014 6214/1/6214 
f 6214/1/6214 6213/1/6213 6026/1/6026 
f 6214/1/6214 6215/1/6215 6216/1/6216 
f 6216/1/6216 6213/1/6213 6214/1/6214 
f 6216/1/6216 6031/1/6031 6034/1/6034 
f 6034/1/6034 6213/1/6213 6216/1/6216 
f 6217/1/6217 5963/1/5963 3351/1/3351 
f 3351/1/3351 3373/1/3373 6217/1/6217 
f 3373/1/3373 3372/1/3372 6218/1/6218 
f 6218/1/6218 6217/1/6217 3373/1/3373 
f 6217/1/6217 6218/1/6218 6212/1/6212 
f 6212/1/6212 6211/1/6211 6217/1/6217 
f 6211/1/6211 5964/1/5964 5963/1/5963 
f 5963/1/5963 6217/1/6217 6211/1/6211 
f 6219/1/6219 6218/1/6218 3372/1/3372 
f 6032/1/6032 6031/1/6031 6216/1/6216 
f 6216/1/6216 6219/1/6219 6032/1/6032 
f 6219/1/6219 6216/1/6216 6215/1/6215 
f 6220/1/6220 6212/1/6212 6218/1/6218 
f 6218/1/6218 6219/1/6219 6220/1/6220 
f 6221/1/6221 6222/1/6222 3378/1/3378 
f 5946/1/5946 5945/1/5945 6210/1/6210 
f 6210/1/6210 6221/1/6221 5946/1/5946 
f 6221/1/6221 6210/1/6210 6212/1/6212 
f 6212/1/6212 6220/1/6220 6221/1/6221 
f 6220/1/6220 6215/1/6215 6222/1/6222 
f 6222/1/6222 6221/1/6221 6220/1/6220 
f 6223/1/6223 6013/1/6013 3380/1/3380 
f 3380/1/3380 3379/1/3379 6223/1/6223 
f 3379/1/3379 3378/1/3378 6222/1/6222 
f 6222/1/6222 6223/1/6223 3379/1/3379 
f 6223/1/6223 6222/1/6222 6215/1/6215 
f 6215/1/6215 6214/1/6214 6223/1/6223 
f 6223/1/6223 6214/1/6214 6014/1/6014 
f 6014/1/6014 6013/1/6013 6223/1/6223 
f 6224/1/6224 5991/1/5991 5990/1/5990 
f 5990/1/5990 6225/1/6225 6224/1/6224 
f 6225/1/6225 5990/1/5990 5981/1/5981 
f 5981/1/5981 5980/1/5980 6225/1/6225 
f 5980/1/5980 5975/1/5975 6226/1/6226 
f 6226/1/6226 6225/1/6225 5980/1/5980 
f 6226/1/6226 6227/1/6227 6224/1/6224 
f 6224/1/6224 6225/1/6225 6226/1/6226 
f 6228/1/6228 6183/1/6183 6186/1/6186 
f 6186/1/6186 6229/1/6229 6228/1/6228 
f 6229/1/6229 6186/1/6186 6188/1/6188 
f 6188/1/6188 6230/1/6230 6229/1/6229 
f 6230/1/6230 6192/1/6192 6231/1/6231 
f 6231/1/6231 6229/1/6229 6230/1/6230 
f 6229/1/6229 6231/1/6231 6232/1/6232 
f 6232/1/6232 6228/1/6228 6229/1/6229 
f 6233/1/6233 6232/1/6232 6231/1/6231 
f 6231/1/6231 6234/1/6234 6233/1/6233 
f 6234/1/6234 6231/1/6231 6192/1/6192 
f 6192/1/6192 6191/1/6191 6234/1/6234 
f 6191/1/6191 5670/1/5670 6235/1/6235 
f 6234/1/6234 6235/1/6235 6227/1/6227 
f 6236/1/6236 6224/1/6224 6227/1/6227 
f 6227/1/6227 6235/1/6235 6236/1/6236 
f 6236/1/6236 6235/1/6235 5670/1/5670 
f 5669/1/5669 5663/1/5663 5994/1/5994 
f 5994/1/5994 6236/1/6236 5669/1/5669 
f 6236/1/6236 5994/1/5994 5991/1/5991 
f 5991/1/5991 6224/1/6224 6236/1/6236 
f 6237/1/6237 6226/1/6226 5975/1/5975 
f 5975/1/5975 5974/1/5974 6237/1/6237 
f 5974/1/5974 5594/1/5594 6238/1/6238 
f 6238/1/6238 6237/1/6237 5974/1/5974 
f 6237/1/6237 6238/1/6238 6232/1/6232 
f 6233/1/6233 6227/1/6227 6226/1/6226 
f 6228/1/6228 6232/1/6232 6238/1/6238 
f 6238/1/6238 6239/1/6239 6228/1/6228 
f 6239/1/6239 6238/1/6238 5594/1/5594 
f 5593/1/5593 5584/1/5584 6180/1/6180 
f 6239/1/6239 6180/1/6180 6183/1/6183 
f 6183/1/6183 6228/1/6228 6239/1/6239 
f 6240/1/6240 873/1/873 872/1/872 
f 872/1/872 6241/1/6241 6240/1/6240 
f 6241/1/6241 857/1/857 6242/1/6242 
f 6242/1/6242 6240/1/6240 6241/1/6241 
f 6240/1/6240 6242/1/6242 786/1/786 
f 786/1/786 6243/1/6243 6240/1/6240 
f 6243/1/6243 874/1/874 873/1/873 
f 873/1/873 6240/1/6240 6243/1/6243 
f 6243/1/6243 786/1/786 784/1/784 
f 784/1/784 6244/1/6244 6243/1/6243 
f 6244/1/6244 784/1/784 783/1/783 
f 783/1/783 6245/1/6245 6244/1/6244 
f 6245/1/6245 892/1/892 891/1/891 
f 891/1/891 6244/1/6244 6245/1/6245 
f 6244/1/6244 891/1/891 874/1/874 
f 874/1/874 6243/1/6243 6244/1/6244 
f 802/1/802 6246/1/6246 6245/1/6245 
f 6245/1/6245 783/1/783 802/1/802 
f 6246/1/6246 802/1/802 801/1/801 
f 801/1/801 6247/1/6247 6246/1/6246 
f 6247/1/6247 902/1/902 901/1/901 
f 901/1/901 6246/1/6246 6247/1/6247 
f 901/1/901 892/1/892 6245/1/6245 
f 6245/1/6245 6246/1/6246 901/1/901 
f 6248/1/6248 944/1/944 943/1/943 
f 943/1/943 949/1/949 6248/1/6248 
f 949/1/949 852/1/852 851/1/851 
f 851/1/851 6248/1/6248 949/1/949 
f 6248/1/6248 851/1/851 857/1/857 
f 857/1/857 6241/1/6241 6248/1/6248 
f 6241/1/6241 872/1/872 944/1/944 
f 944/1/944 6248/1/6248 6241/1/6241 
f 6249/1/6249 942/1/942 941/1/941 
f 941/1/941 1004/1/1004 6249/1/6249 
f 1004/1/1004 1003/1/1003 1011/1/1011 
f 1011/1/1011 6249/1/6249 1004/1/1004 
f 6249/1/6249 1011/1/1011 951/1/951 
f 951/1/951 950/1/950 6249/1/6249 
f 950/1/950 943/1/943 942/1/942 
f 942/1/942 6249/1/6249 950/1/950 
f 6250/1/6250 6251/1/6251 6252/1/6252 
f 6252/1/6252 6253/1/6253 6250/1/6250 
f 6253/1/6253 947/1/947 946/1/946 
f 946/1/946 6250/1/6250 6253/1/6253 
f 6250/1/6250 946/1/946 951/1/951 
f 951/1/951 1010/1/1010 6250/1/6250 
f 1010/1/1010 1009/1/1009 6251/1/6251 
f 6251/1/6251 6250/1/6250 1010/1/1010 
f 6254/1/6254 3952/1/3952 6255/1/6255 
f 6255/1/6255 6256/1/6256 6254/1/6254 
f 6255/1/6255 4007/1/4007 6257/1/6257 
f 6257/1/6257 6256/1/6256 6255/1/6255 
f 6256/1/6256 6257/1/6257 4027/1/4027 
f 4027/1/4027 4026/1/4026 6256/1/6256 
f 6254/1/6254 6256/1/6256 4026/1/4026 
f 4026/1/4026 4025/1/4025 6254/1/6254 
f 6258/1/6258 4043/1/4043 4042/1/4042 
f 4042/1/4042 6259/1/6259 6258/1/6258 
f 6259/1/6259 3946/1/3946 3945/1/3945 
f 3945/1/3945 6258/1/6258 6259/1/6259 
f 6258/1/6258 3945/1/3945 3952/1/3952 
f 3952/1/3952 6254/1/6254 6258/1/6258 
f 6254/1/6254 4025/1/4025 4043/1/4043 
f 4043/1/4043 6258/1/6258 6254/1/6254 
f 6260/1/6260 4048/1/4048 902/1/902 
f 902/1/902 6247/1/6247 6260/1/6260 
f 6247/1/6247 801/1/801 3963/1/3963 
f 3963/1/3963 6260/1/6260 6247/1/6247 
f 6260/1/6260 3963/1/3963 3946/1/3946 
f 3946/1/3946 6259/1/6259 6260/1/6260 
f 6259/1/6259 4042/1/4042 4048/1/4048 
f 4048/1/4048 6260/1/6260 6259/1/6259 
f 6261/1/6261 6257/1/6257 4007/1/4007 
f 4007/1/4007 4006/1/4006 6261/1/6261 
f 4006/1/4006 4005/1/4005 4095/1/4095 
f 4095/1/4095 6261/1/6261 4006/1/4006 
f 6261/1/6261 4095/1/4095 4088/1/4088 
f 4088/1/4088 4087/1/4087 6261/1/6261 
f 4087/1/4087 4027/1/4027 6257/1/6257 
f 6257/1/6257 6261/1/6261 4087/1/4087 
f 6262/1/6262 4094/1/4094 4093/1/4093 
f 4093/1/4093 4148/1/4148 6262/1/6262 
f 4148/1/4148 4144/1/4144 4143/1/4143 
f 4143/1/4143 6262/1/6262 4148/1/4148 
f 6262/1/6262 4143/1/4143 4084/1/4084 
f 4084/1/4084 4083/1/4083 6262/1/6262 
f 4083/1/4083 4088/1/4088 4094/1/4094 
f 4094/1/4094 6262/1/6262 4083/1/4083 
f 4149/1/4149 4093/1/4093 4091/1/4091 
f 4091/1/4091 6263/1/6263 4149/1/4149 
f 6263/1/6263 4091/1/4091 4090/1/4090 
f 4090/1/4090 6264/1/6264 6263/1/6263 
f 6264/1/6264 6252/1/6252 6251/1/6251 
f 6251/1/6251 6263/1/6263 6264/1/6264 
f 6263/1/6263 6251/1/6251 1009/1/1009 
f 1009/1/1009 4149/1/4149 6263/1/6263 
f 822/1/822 799/1/799 798/1/798 
f 798/1/798 6265/1/6265 822/1/822 
f 6265/1/6265 798/1/798 797/1/797 
f 797/1/797 6266/1/6266 6265/1/6265 
f 6266/1/6266 790/1/790 789/1/789 
f 789/1/789 6265/1/6265 6266/1/6266 
f 6265/1/6265 789/1/789 788/1/788 
f 788/1/788 822/1/822 6265/1/6265 
f 6266/1/6266 797/1/797 808/1/808 
f 808/1/808 6267/1/6267 6266/1/6266 
f 6267/1/6267 808/1/808 807/1/807 
f 807/1/807 6268/1/6268 6267/1/6267 
f 6268/1/6268 805/1/805 804/1/804 
f 804/1/804 6267/1/6267 6268/1/6268 
f 6267/1/6267 804/1/804 790/1/790 
f 790/1/790 6266/1/6266 6267/1/6267 
f 6269/1/6269 823/1/823 788/1/788 
f 788/1/788 787/1/787 6269/1/6269 
f 787/1/787 786/1/786 6242/1/6242 
f 6242/1/6242 6269/1/6269 787/1/787 
f 6269/1/6269 6242/1/6242 857/1/857 
f 857/1/857 856/1/856 6269/1/6269 
f 856/1/856 824/1/824 823/1/823 
f 823/1/823 6269/1/6269 856/1/856 
f 6270/1/6270 855/1/855 854/1/854 
f 854/1/854 866/1/866 6270/1/6270 
f 866/1/866 829/1/829 828/1/828 
f 828/1/828 6270/1/6270 866/1/866 
f 6270/1/6270 828/1/828 826/1/826 
f 826/1/826 825/1/825 6270/1/6270 
f 825/1/825 824/1/824 855/1/855 
f 855/1/855 6270/1/6270 825/1/825 
f 6271/1/6271 6272/1/6272 947/1/947 
f 947/1/947 6253/1/6253 6271/1/6271 
f 6253/1/6253 6252/1/6252 6273/1/6273 
f 6273/1/6273 6271/1/6271 6253/1/6253 
f 6271/1/6271 6273/1/6273 862/1/862 
f 862/1/862 861/1/861 6271/1/6271 
f 861/1/861 860/1/860 6272/1/6272 
f 6272/1/6272 6271/1/6271 861/1/861 
f 6274/1/6274 867/1/867 854/1/854 
f 854/1/854 853/1/853 6274/1/6274 
f 853/1/853 852/1/852 948/1/948 
f 948/1/948 6274/1/6274 853/1/853 
f 948/1/948 947/1/947 6272/1/6272 
f 6272/1/6272 6274/1/6274 948/1/948 
f 6274/1/6274 6272/1/6272 860/1/860 
f 860/1/860 867/1/867 6274/1/6274 
f 6275/1/6275 3949/1/3949 3948/1/3948 
f 3948/1/3948 6276/1/6276 6275/1/6275 
f 6276/1/6276 3955/1/3955 3954/1/3954 
f 3954/1/3954 6275/1/6275 6276/1/6276 
f 6275/1/6275 3954/1/3954 3961/1/3961 
f 3961/1/3961 3978/1/3978 6275/1/6275 
f 3978/1/3978 3950/1/3950 3949/1/3949 
f 3949/1/3949 6275/1/6275 3978/1/3978 
f 6277/1/6277 3964/1/3964 805/1/805 
f 805/1/805 6268/1/6268 6277/1/6277 
f 6268/1/6268 807/1/807 3966/1/3966 
f 3966/1/3966 6277/1/6277 6268/1/6268 
f 6277/1/6277 3966/1/3966 3955/1/3955 
f 6276/1/6276 3948/1/3948 3964/1/3964 
f 3964/1/3964 6277/1/6277 6276/1/6276 
f 6278/1/6278 4008/1/4008 4007/1/4007 
f 4007/1/4007 6255/1/6255 6278/1/6278 
f 6278/1/6278 6255/1/6255 3952/1/3952 
f 3952/1/3952 3951/1/3951 6278/1/6278 
f 3951/1/3951 3950/1/3950 3982/1/3982 
f 3982/1/3982 6278/1/6278 3951/1/3951 
f 3982/1/3982 3981/1/3981 4008/1/4008 
f 4008/1/4008 6278/1/6278 3982/1/3982 
f 6279/1/6279 3980/1/3980 3979/1/3979 
f 3979/1/3979 3986/1/3986 6279/1/6279 
f 3986/1/3986 3985/1/3985 4016/1/4016 
f 4016/1/4016 6279/1/6279 3986/1/3986 
f 6279/1/6279 4016/1/4016 4010/1/4010 
f 4010/1/4010 4009/1/4009 6279/1/6279 
f 4009/1/4009 3981/1/3981 3980/1/3980 
f 3980/1/3980 6279/1/6279 4009/1/4009 
f 4012/1/4012 862/1/862 6273/1/6273 
f 6273/1/6273 6280/1/6280 4012/1/4012 
f 6280/1/6280 6273/1/6273 6252/1/6252 
f 6252/1/6252 6264/1/6264 6280/1/6280 
f 6264/1/6264 4090/1/4090 6281/1/6281 
f 6281/1/6281 6280/1/6280 6264/1/6264 
f 6280/1/6280 6281/1/6281 4013/1/4013 
f 4013/1/4013 4012/1/4012 6280/1/6280 
f 6282/1/6282 6281/1/6281 4090/1/4090 
f 4090/1/4090 4089/1/4089 6282/1/6282 
f 4089/1/4089 4005/1/4005 4004/1/4004 
f 4004/1/4004 6282/1/6282 4089/1/4089 
f 6282/1/6282 4004/1/4004 4010/1/4010 
f 4010/1/4010 4018/1/4018 6282/1/6282 
f 4018/1/4018 4013/1/4013 6281/1/6281 
f 6281/1/6281 6282/1/6282 4018/1/4018 
f 6283/1/6283 793/1/793 792/1/792 
f 792/1/792 815/1/815 6283/1/6283 
f 815/1/815 814/1/814 6284/1/6284 
f 6284/1/6284 6283/1/6283 815/1/815 
f 6283/1/6283 6284/1/6284 6285/1/6285 
f 6285/1/6285 6286/1/6286 6283/1/6283 
f 6286/1/6286 795/1/795 793/1/793 
f 793/1/793 6283/1/6283 6286/1/6286 
f 6286/1/6286 6285/1/6285 6287/1/6287 
f 6287/1/6287 6288/1/6288 6286/1/6286 
f 6288/1/6288 6287/1/6287 6289/1/6289 
f 6289/1/6289 6290/1/6290 6288/1/6288 
f 6290/1/6290 811/1/811 810/1/810 
f 810/1/810 6288/1/6288 6290/1/6290 
f 6288/1/6288 810/1/810 795/1/795 
f 795/1/795 6286/1/6286 6288/1/6288 
f 6291/1/6291 816/1/816 792/1/792 
f 792/1/792 791/1/791 6291/1/6291 
f 791/1/791 799/1/799 821/1/821 
f 821/1/821 6291/1/6291 791/1/791 
f 6291/1/6291 821/1/821 826/1/826 
f 826/1/826 833/1/833 6291/1/6291 
f 833/1/833 817/1/817 816/1/816 
f 816/1/816 6291/1/6291 833/1/833 
f 6292/1/6292 832/1/832 831/1/831 
f 831/1/831 845/1/845 6292/1/6292 
f 845/1/845 844/1/844 6293/1/6293 
f 6293/1/6293 6292/1/6292 845/1/845 
f 6292/1/6292 6293/1/6293 819/1/819 
f 819/1/819 818/1/818 6292/1/6292 
f 818/1/818 817/1/817 832/1/832 
f 832/1/832 6292/1/6292 818/1/818 
f 6294/1/6294 6295/1/6295 2032/1/2032 
f 2032/1/2032 2031/1/2031 6294/1/6294 
f 2031/1/2031 849/1/849 848/1/848 
f 848/1/848 6294/1/6294 2031/1/2031 
f 6294/1/6294 848/1/848 840/1/840 
f 840/1/840 839/1/839 6294/1/6294 
f 839/1/839 838/1/838 6295/1/6295 
f 6295/1/6295 6294/1/6294 839/1/839 
f 6296/1/6296 847/1/847 831/1/831 
f 831/1/831 830/1/830 6296/1/6296 
f 830/1/830 829/1/829 865/1/865 
f 865/1/865 6296/1/6296 830/1/830 
f 865/1/865 842/1/842 841/1/841 
f 841/1/841 6296/1/6296 865/1/865 
f 6296/1/6296 841/1/841 840/1/840 
f 840/1/840 847/1/847 6296/1/6296 
f 6297/1/6297 6298/1/6298 6299/1/6299 
f 6299/1/6299 6300/1/6300 6297/1/6297 
f 6300/1/6300 6299/1/6299 3969/1/3969 
f 3969/1/3969 3968/1/3968 6300/1/6300 
f 3968/1/3968 3959/1/3959 3958/1/3958 
f 3958/1/3958 6300/1/6300 3968/1/3968 
f 6300/1/6300 3958/1/3958 3957/1/3957 
f 3957/1/3957 6297/1/6297 6300/1/6300 
f 6301/1/6301 3967/1/3967 811/1/811 
f 811/1/811 6290/1/6290 6301/1/6301 
f 6290/1/6290 6289/1/6289 6302/1/6302 
f 6302/1/6302 6301/1/6301 6290/1/6290 
f 6301/1/6301 6302/1/6302 6298/1/6298 
f 6298/1/6298 6297/1/6297 6301/1/6301 
f 6297/1/6297 3957/1/3957 3967/1/3967 
f 3967/1/3967 6301/1/6301 6297/1/6297 
f 6303/1/6303 3987/1/3987 3979/1/3979 
f 3979/1/3979 3976/1/3976 6303/1/6303 
f 6303/1/6303 3976/1/3976 3961/1/3961 
f 3961/1/3961 3960/1/3960 6303/1/6303 
f 3960/1/3960 3959/1/3959 3975/1/3975 
f 3975/1/3975 6303/1/6303 3960/1/3960 
f 3975/1/3975 3974/1/3974 3987/1/3987 
f 3987/1/3987 6303/1/6303 3975/1/3975 
f 6304/1/6304 3973/1/3973 3972/1/3972 
f 3972/1/3972 6305/1/6305 6304/1/6304 
f 6305/1/6305 3998/1/3998 3997/1/3997 
f 3997/1/3997 6304/1/6304 6305/1/6305 
f 6304/1/6304 3997/1/3997 3989/1/3989 
f 3989/1/3989 3988/1/3988 6304/1/6304 
f 3988/1/3988 3974/1/3974 3973/1/3973 
f 3973/1/3973 6304/1/6304 3988/1/3988 
f 3995/1/3995 3994/1/3994 4001/1/4001 
f 4001/1/4001 6306/1/6306 3995/1/3995 
f 6306/1/6306 4001/1/4001 4000/1/4000 
f 4000/1/4000 5112/1/5112 6306/1/6306 
f 5112/1/5112 2032/1/2032 6295/1/6295 
f 6295/1/6295 6306/1/6306 5112/1/5112 
f 6306/1/6306 6295/1/6295 838/1/838 
f 838/1/838 3995/1/3995 6306/1/6306 
f 6307/1/6307 3993/1/3993 3992/1/3992 
f 3992/1/3992 4017/1/4017 6307/1/6307 
f 4017/1/4017 3985/1/3985 3984/1/3984 
f 3984/1/3984 6307/1/6307 4017/1/4017 
f 6307/1/6307 3984/1/3984 3989/1/3989 
f 3989/1/3989 4002/1/4002 6307/1/6307 
f 4002/1/4002 3994/1/3994 3993/1/3993 
f 3993/1/3993 6307/1/6307 4002/1/4002 
f 6308/1/6308 1405/1/1405 1404/1/1404 
f 1404/1/1404 1478/1/1478 6308/1/6308 
f 1478/1/1478 819/1/819 6293/1/6293 
f 6293/1/6293 6308/1/6308 1478/1/1478 
f 6308/1/6308 6293/1/6293 844/1/844 
f 844/1/844 6309/1/6309 6308/1/6308 
f 6309/1/6309 1406/1/1406 1405/1/1405 
f 1405/1/1405 6308/1/6308 6309/1/6309 
f 1411/1/1411 1406/1/1406 6309/1/6309 
f 6309/1/6309 6310/1/6310 1411/1/1411 
f 6310/1/6310 6309/1/6309 844/1/844 
f 844/1/844 843/1/843 6310/1/6310 
f 843/1/843 849/1/849 2030/1/2030 
f 2030/1/2030 6310/1/6310 843/1/843 
f 6310/1/6310 2030/1/2030 1412/1/1412 
f 1412/1/1412 1411/1/1411 6310/1/6310 
f 6311/1/6311 6289/1/6289 6287/1/6287 
f 6287/1/6287 6312/1/6312 6311/1/6311 
f 6312/1/6312 6287/1/6287 6285/1/6285 
f 6285/1/6285 6313/1/6313 6312/1/6312 
f 6313/1/6313 1454/1/1454 1453/1/1453 
f 1453/1/1453 6312/1/6312 6313/1/6313 
f 6312/1/6312 1453/1/1453 1452/1/1452 
f 1452/1/1452 6311/1/6311 6312/1/6312 
f 1403/1/1403 1402/1/1402 1487/1/1487 
f 1487/1/1487 6314/1/6314 1403/1/1403 
f 6314/1/6314 1487/1/1487 1486/1/1486 
f 1486/1/1486 1488/1/1488 6314/1/6314 
f 1488/1/1488 1480/1/1480 1479/1/1479 
f 1479/1/1479 6314/1/6314 1488/1/1488 
f 6314/1/6314 1479/1/1479 1404/1/1404 
f 1404/1/1404 1403/1/1403 6314/1/6314 
f 6313/1/6313 6285/1/6285 6284/1/6284 
f 6284/1/6284 6315/1/6315 6313/1/6313 
f 6315/1/6315 6284/1/6284 814/1/814 
f 814/1/814 1481/1/1481 6315/1/6315 
f 1481/1/1481 1480/1/1480 1491/1/1491 
f 1491/1/1491 6315/1/6315 1481/1/1481 
f 6315/1/6315 1491/1/1491 1454/1/1454 
f 1454/1/1454 6313/1/6313 6315/1/6315 
f 6316/1/6316 6317/1/6317 2037/1/2037 
f 2037/1/2037 2036/1/2036 6316/1/6316 
f 2036/1/2036 1414/1/1414 1413/1/1413 
f 1413/1/1413 6316/1/6316 2036/1/2036 
f 6316/1/6316 1413/1/1413 1412/1/1412 
f 1412/1/1412 2035/1/2035 6316/1/6316 
f 2035/1/2035 2034/1/2034 6317/1/6317 
f 6317/1/6317 6316/1/6316 2035/1/2035 
f 6318/1/6318 6319/1/6319 3998/1/3998 
f 3998/1/3998 6305/1/6305 6318/1/6318 
f 6305/1/6305 3972/1/3972 4591/1/4591 
f 4591/1/4591 6318/1/6318 6305/1/6305 
f 6318/1/6318 4591/1/4591 4534/1/4534 
f 4534/1/4534 4533/1/4533 6318/1/6318 
f 4533/1/4533 4532/1/4532 6319/1/6319 
f 6319/1/6319 6318/1/6318 4533/1/4533 
f 6320/1/6320 5113/1/5113 4000/1/4000 
f 4000/1/4000 3999/1/3999 6320/1/6320 
f 3999/1/3999 3998/1/3998 6319/1/6319 
f 6319/1/6319 6320/1/6320 3999/1/3999 
f 6320/1/6320 6319/1/6319 4532/1/4532 
f 4532/1/4532 4540/1/4540 6320/1/6320 
f 4540/1/4540 4539/1/4539 5113/1/5113 
f 5113/1/5113 6320/1/6320 4540/1/4540 
f 6321/1/6321 4570/1/4570 4569/1/4569 
f 4569/1/4569 6322/1/6322 6321/1/6321 
f 6322/1/6322 6298/1/6298 6302/1/6302 
f 6302/1/6302 6321/1/6321 6322/1/6322 
f 6321/1/6321 6302/1/6302 6289/1/6289 
f 6289/1/6289 6311/1/6311 6321/1/6321 
f 6311/1/6311 1452/1/1452 4570/1/4570 
f 4570/1/4570 6321/1/6321 6311/1/6311 
f 6323/1/6323 4594/1/4594 4593/1/4593 
f 4593/1/4593 4603/1/4603 6323/1/6323 
f 4603/1/4603 4598/1/4598 4597/1/4597 
f 4597/1/4597 6323/1/6323 4603/1/4603 
f 6323/1/6323 4597/1/4597 4528/1/4528 
f 4528/1/4528 4527/1/4527 6323/1/6323 
f 6323/1/6323 4527/1/4527 4534/1/4534 
f 4534/1/4534 4594/1/4594 6323/1/6323 
f 6324/1/6324 4604/1/4604 4593/1/4593 
f 4593/1/4593 4592/1/4592 6324/1/6324 
f 4592/1/4592 3969/1/3969 6299/1/6299 
f 6299/1/6299 6324/1/6324 4592/1/4592 
f 6324/1/6324 6299/1/6299 6298/1/6298 
f 6298/1/6298 6322/1/6322 6324/1/6324 
f 6322/1/6322 4569/1/4569 4604/1/4604 
f 4604/1/4604 6324/1/6324 6322/1/6322 
f 5115/1/5115 4539/1/4539 4538/1/4538 
f 4538/1/4538 6325/1/6325 5115/1/5115 
f 6325/1/6325 4538/1/4538 4537/1/4537 
f 4537/1/4537 5117/1/5117 6325/1/6325 
f 5117/1/5117 2037/1/2037 6317/1/6317 
f 6317/1/6317 6325/1/6325 5117/1/5117 
f 6325/1/6325 6317/1/6317 2034/1/2034 
f 2034/1/2034 5115/1/5115 6325/1/6325 
f 6326/1/6326 6327/1/6327 182/1/182 
f 182/1/182 180/1/180 6326/1/6326 
f 180/1/180 179/1/179 6328/1/6328 
f 6328/1/6328 179/1/179 234/1/234 
f 6329/1/6329 2503/1/2503 2502/1/2502 
f 2502/1/2502 2509/1/2509 2831/1/2831 
f 2831/1/2831 2830/1/2830 6330/1/6330 
f 6330/1/6330 6331/1/6331 2831/1/2831 
f 6331/1/6331 6330/1/6330 6332/1/6332 
f 6332/1/6332 6329/1/6329 6331/1/6331 
f 6333/1/6333 6334/1/6334 6335/1/6335 
f 6336/1/6336 3020/1/3020 3025/1/3025 
f 6333/1/6333 3025/1/3025 2503/1/2503 
f 6329/1/6329 6332/1/6332 6334/1/6334 
f 6337/1/6337 6338/1/6338 156/1/156 
f 156/1/156 155/1/155 6337/1/6337 
f 155/1/155 154/1/154 183/1/183 
f 183/1/183 6337/1/6337 155/1/155 
f 6337/1/6337 183/1/183 182/1/182 
f 182/1/182 6339/1/6339 6337/1/6337 
f 6339/1/6339 6340/1/6340 6338/1/6338 
f 6341/1/6341 6342/1/6342 6340/1/6340 
f 6339/1/6339 182/1/182 6327/1/6327 
f 6327/1/6327 6341/1/6341 6339/1/6339 
f 6343/1/6343 2850/1/2850 2849/1/2849 
f 2849/1/2849 6344/1/6344 6343/1/6343 
f 6344/1/6344 2849/1/2849 162/1/162 
f 162/1/162 161/1/161 6344/1/6344 
f 161/1/161 156/1/156 6338/1/6338 
f 6344/1/6344 6338/1/6338 6340/1/6340 
f 6345/1/6345 6346/1/6346 2869/1/2869 
f 2869/1/2869 2868/1/2868 6345/1/6345 
f 2868/1/2868 2862/1/2862 2861/1/2861 
f 6345/1/6345 2861/1/2861 2860/1/2860 
f 2860/1/2860 6347/1/6347 6345/1/6345 
f 6345/1/6345 6347/1/6347 6348/1/6348 
f 6348/1/6348 6346/1/6346 6345/1/6345 
f 6349/1/6349 6348/1/6348 6347/1/6347 
f 6347/1/6347 6350/1/6350 6349/1/6349 
f 6347/1/6347 2860/1/2860 2859/1/2859 
f 6350/1/6350 2859/1/2859 2850/1/2850 
f 2850/1/2850 6343/1/6343 6350/1/6350 
f 6343/1/6343 6340/1/6340 6349/1/6349 
f 6351/1/6351 6352/1/6352 6348/1/6348 
f 6348/1/6348 6349/1/6349 6351/1/6351 
f 6349/1/6349 6340/1/6340 6342/1/6342 
f 6342/1/6342 6351/1/6351 6349/1/6349 
f 6353/1/6353 2871/1/2871 2870/1/2870 
f 2870/1/2870 6354/1/6354 6353/1/6353 
f 6354/1/6354 2870/1/2870 2869/1/2869 
f 2869/1/2869 6355/1/6355 6354/1/6354 
f 6356/1/6356 6355/1/6355 2869/1/2869 
f 2869/1/2869 6346/1/6346 6356/1/6356 
f 6346/1/6346 6348/1/6348 6352/1/6352 
f 6352/1/6352 6356/1/6356 6346/1/6346 
f 6357/1/6357 6358/1/6358 2934/1/2934 
f 6357/1/6357 2933/1/2933 200/1/200 
f 200/1/200 199/1/199 6357/1/6357 
f 2938/1/2938 2937/1/2937 2956/1/2956 
f 2956/1/2956 6359/1/6359 2938/1/2938 
f 2956/1/2956 2934/1/2934 6358/1/6358 
f 6358/1/6358 6359/1/6359 2956/1/2956 
f 6360/1/6360 3014/1/3014 3013/1/3013 
f 6361/1/6361 3013/1/3013 3020/1/3020 
f 3020/1/3020 6336/1/6336 6361/1/6361 
f 6336/1/6336 6335/1/6335 6362/1/6362 
f 6362/1/6362 6361/1/6361 6336/1/6336 
f 6361/1/6361 6362/1/6362 6363/1/6363 
f 6360/1/6360 6363/1/6363 6364/1/6364 
f 6365/1/6365 709/1/709 708/1/708 
f 6365/1/6365 3023/1/3023 3014/1/3014 
f 6366/1/6366 3426/1/3426 3424/1/3424 
f 3424/1/3424 6367/1/6367 6366/1/6366 
f 6367/1/6367 3424/1/3424 3417/1/3417 
f 3417/1/3417 3416/1/3416 6367/1/6367 
f 3416/1/3416 3388/1/3388 6368/1/6368 
f 6368/1/6368 6367/1/6367 3416/1/3416 
f 6367/1/6367 6368/1/6368 6369/1/6369 
f 6370/1/6370 6371/1/6371 3405/1/3405 
f 3405/1/3405 3404/1/3404 6370/1/6370 
f 3404/1/3404 3403/1/3403 6372/1/6372 
f 6372/1/6372 6370/1/6370 3404/1/3404 
f 6373/1/6373 6374/1/6374 3854/1/3854 
f 3854/1/3854 3853/1/3853 6373/1/6373 
f 3853/1/3853 3852/1/3852 6047/1/6047 
f 6375/1/6375 6376/1/6376 3924/1/3924 
f 3924/1/3924 3923/1/3923 6375/1/6375 
f 6375/1/6375 3923/1/3923 3900/1/3900 
f 3900/1/3900 3899/1/3899 6375/1/6375 
f 6375/1/6375 3899/1/3899 3898/1/3898 
f 3898/1/3898 6377/1/6377 6375/1/6375 
f 6378/1/6378 6379/1/6379 3932/1/3932 
f 3931/1/3931 3924/1/3924 6376/1/6376 
f 6376/1/6376 6378/1/6378 3931/1/3931 
f 6380/1/6380 3905/1/3905 3937/1/3937 
f 3937/1/3937 6381/1/6381 6380/1/6380 
f 6381/1/6381 3937/1/3937 3932/1/3932 
f 3932/1/3932 6379/1/6379 6381/1/6381 
f 6382/1/6382 3867/1/3867 3866/1/3866 
f 6383/1/6383 3866/1/3866 3865/1/3865 
f 6384/1/6384 6385/1/6385 3875/1/3875 
f 3874/1/3874 3867/1/3867 6382/1/6382 
f 6382/1/6382 6384/1/6384 3874/1/3874 
f 6386/1/6386 6387/1/6387 6067/1/6067 
f 6067/1/6067 6080/1/6080 6386/1/6386 
f 6080/1/6080 3405/1/3405 6371/1/6371 
f 6388/1/6388 6389/1/6389 6049/1/6049 
f 6049/1/6049 6068/1/6068 6388/1/6388 
f 6068/1/6068 6067/1/6067 6387/1/6387 
f 6387/1/6387 6388/1/6388 6068/1/6068 
f 6390/1/6390 6372/1/6372 3403/1/3403 
f 3432/1/3432 6391/1/6391 6390/1/6390 
f 3432/1/3432 3431/1/3431 6392/1/6392 
f 6392/1/6392 3431/1/3431 3426/1/3426 
f 3426/1/3426 6366/1/6366 6392/1/6392 
f 6366/1/6366 6369/1/6369 6393/1/6393 
f 6393/1/6393 6392/1/6392 6366/1/6366 
f 6393/1/6393 6369/1/6369 6394/1/6394 
f 6395/1/6395 6396/1/6396 6397/1/6397 
f 6397/1/6397 6398/1/6398 6395/1/6395 
f 6398/1/6398 3361/1/3361 3360/1/3360 
f 3360/1/3360 6395/1/6395 6398/1/6398 
f 6395/1/6395 3360/1/3360 3359/1/3359 
f 3359/1/3359 5920/1/5920 6395/1/6395 
f 5920/1/5920 5919/1/5919 6396/1/6396 
f 6399/1/6399 6369/1/6369 6368/1/6368 
f 6368/1/6368 6400/1/6400 6399/1/6399 
f 6400/1/6400 6368/1/6368 3388/1/3388 
f 3388/1/3388 3387/1/3387 6400/1/6400 
f 6400/1/6400 3387/1/3387 3361/1/3361 
f 3361/1/3361 6398/1/6398 6400/1/6400 
f 6398/1/6398 6397/1/6397 6399/1/6399 
f 6399/1/6399 6400/1/6400 6398/1/6398 
f 6394/1/6394 6369/1/6369 6399/1/6399 
f 6401/1/6401 6399/1/6399 6397/1/6397 
f 6397/1/6397 6402/1/6402 6401/1/6401 
f 6402/1/6402 6397/1/6397 6396/1/6396 
f 6396/1/6396 6403/1/6403 6402/1/6402 
f 6403/1/6403 6396/1/6396 5919/1/5919 
f 5919/1/5919 6404/1/6404 6403/1/6403 
f 6405/1/6405 6377/1/6377 3898/1/3898 
f 3898/1/3898 3897/1/3897 6405/1/6405 
f 3897/1/3897 3892/1/3892 6406/1/6406 
f 6407/1/6407 6406/1/6406 3892/1/3892 
f 3891/1/3891 3854/1/3854 6374/1/6374 
f 6408/1/6408 6409/1/6409 5922/1/5922 
f 5922/1/5922 5921/1/5921 6408/1/6408 
f 6408/1/6408 5921/1/5921 5926/1/5926 
f 5926/1/5926 5936/1/5936 6408/1/6408 
f 6408/1/6408 5936/1/5936 5938/1/5938 
f 6408/1/6408 6410/1/6410 6411/1/6411 
f 6411/1/6411 6409/1/6409 6408/1/6408 
f 6404/1/6404 5919/1/5919 5923/1/5923 
f 5923/1/5923 6412/1/6412 6404/1/6404 
f 6412/1/6412 5923/1/5923 5922/1/5922 
f 5922/1/5922 6413/1/6413 6412/1/6412 
f 6414/1/6414 6415/1/6415 6411/1/6411 
f 6414/1/6414 6410/1/6410 5938/1/5938 
f 5938/1/5938 5942/1/5942 6414/1/6414 
f 5942/1/5942 5941/1/5941 6416/1/6416 
f 59/1/59 54/1/54 57/1/57 
f 68/1/68 69/1/69 66/1/66 
f 26/1/26 25/1/25 74/1/74 
f 71/1/71 78/1/78 81/1/81 
f 103/1/103 100/1/100 101/1/101 
f 107/1/107 105/1/105 106/1/106 
f 108/1/108 104/1/104 105/1/105 
f 51/1/51 111/1/111 101/1/101 
f 134/1/134 138/1/138 139/1/139 
f 175/1/175 172/1/172 173/1/173 
f 192/1/192 193/1/193 190/1/190 
f 194/1/194 205/1/205 190/1/190 
f 196/1/196 195/1/195 199/1/199 
f 174/1/174 189/1/189 219/1/219 
f 230/1/230 233/1/233 192/1/192 
f 222/1/222 236/1/236 235/1/235 
f 179/1/179 178/1/178 235/1/235 
f 243/1/243 244/1/244 241/1/241 
f 233/1/233 241/1/241 244/1/244 
f 250/1/250 247/1/247 248/1/248 
f 253/1/253 254/1/254 251/1/251 
f 250/1/250 264/1/264 265/1/265 
f 263/1/263 262/1/262 275/1/275 
f 280/1/280 279/1/279 278/1/278 
f 135/1/135 139/1/139 286/1/286 
f 295/1/295 303/1/303 301/1/301 
f 312/1/312 309/1/309 310/1/310 
f 326/1/326 323/1/323 324/1/324 
f 311/1/311 310/1/310 323/1/323 
f 393/1/393 394/1/394 391/1/391 
f 396/1/396 391/1/391 394/1/394 
f 337/1/337 336/1/336 391/1/391 
f 392/1/392 391/1/391 336/1/336 
f 400/1/400 397/1/397 398/1/398 
f 404/1/404 401/1/401 402/1/402 
f 382/1/382 381/1/381 401/1/401 
f 382/1/382 407/1/407 405/1/405 
f 408/1/408 409/1/409 405/1/405 
f 413/1/413 414/1/414 411/1/411 
f 407/1/407 411/1/411 414/1/414 
f 382/1/382 404/1/404 411/1/411 
f 412/1/412 411/1/411 404/1/404 
f 410/1/410 409/1/409 419/1/419 
f 416/1/416 419/1/419 422/1/422 
f 428/1/428 427/1/427 430/1/430 
f 343/1/343 341/1/341 436/1/436 
f 437/1/437 442/1/442 445/1/445 
f 454/1/454 455/1/455 452/1/452 
f 452/1/452 455/1/455 457/1/457 
f 467/1/467 520/1/520 529/1/529 
f 527/1/527 535/1/535 534/1/534 
f 537/1/537 534/1/534 535/1/535 
f 555/1/555 550/1/550 553/1/553 
f 562/1/562 556/1/556 560/1/560 
f 560/1/560 564/1/564 565/1/565 
f 562/1/562 568/1/568 573/1/573 
f 576/1/576 574/1/574 571/1/571 
f 591/1/591 592/1/592 580/1/580 
f 495/1/495 586/1/586 593/1/593 
f 331/1/331 490/1/490 597/1/597 
f 596/1/596 600/1/600 599/1/599 
f 595/1/595 603/1/603 606/1/606 
f 579/1/579 608/1/608 607/1/607 
f 616/1/616 611/1/611 614/1/614 
f 612/1/612 611/1/611 606/1/606 
f 615/1/615 618/1/618 617/1/617 
f 616/1/616 617/1/617 600/1/600 
f 438/1/438 445/1/445 629/1/629 
f 628/1/628 629/1/629 445/1/445 
f 633/1/633 637/1/637 636/1/636 
f 639/1/639 636/1/636 637/1/637 
f 454/1/454 636/1/636 639/1/639 
f 453/1/453 634/1/634 636/1/636 
f 626/1/626 643/1/643 646/1/646 
f 578/1/578 649/1/649 608/1/608 
f 673/1/673 677/1/677 671/1/671 
f 672/1/672 671/1/671 198/1/198 
f 676/1/676 731/1/731 674/1/674 
f 675/1/675 674/1/674 677/1/677 
f 680/1/680 681/1/681 678/1/678 
f 689/1/689 695/1/695 693/1/693 
f 698/1/698 6417/1/6417 696/1/696 
f 703/1/703 704/1/704 699/1/699 
f 710/1/710 6417/1/6417 698/1/698 
f 727/1/727 728/1/728 726/1/726 
f 731/1/731 728/1/728 730/1/730 
f 734/1/734 736/1/736 732/1/732 
f 744/1/744 745/1/745 742/1/742 
f 693/1/693 745/1/745 744/1/744 
f 680/1/680 740/1/740 745/1/745 
f 717/1/717 755/1/755 754/1/754 
f 757/1/757 754/1/754 755/1/755 
f 721/1/721 720/1/720 754/1/754 
f 756/1/756 759/1/759 758/1/758 
f 725/1/725 724/1/724 758/1/758 
f 767/1/767 766/1/766 765/1/765 
f 777/1/777 774/1/774 775/1/775 
f 776/1/776 775/1/775 883/1/883 
f 882/1/882 883/1/883 775/1/775 
f 764/1/764 904/1/904 903/1/903 
f 905/1/905 906/1/906 903/1/903 
f 878/1/878 903/1/903 906/1/906 
f 989/1/989 992/1/992 991/1/991 
f 905/1/905 920/1/920 991/1/991 
f 995/1/995 993/1/993 992/1/992 
f 996/1/996 994/1/994 993/1/993 
f 1015/1/1015 1012/1/1012 1013/1/1013 
f 996/1/996 995/1/995 1020/1/1020 
f 1019/1/1019 1020/1/1020 995/1/995 
f 1005/1/1005 1027/1/1027 1026/1/1026 
f 1024/1/1024 1027/1/1027 1002/1/1002 
f 1025/1/1025 1024/1/1024 1028/1/1028 
f 1045/1/1045 1059/1/1059 1061/1/1061 
f 1067/1/1067 1068/1/1068 1065/1/1065 
f 393/1/393 559/1/559 1068/1/1068 
f 1071/1/1071 1077/1/1077 1069/1/1069 
f 1073/1/1073 1071/1/1071 1070/1/1070 
f 1075/1/1075 1071/1/1071 1073/1/1073 
f 1080/1/1080 1081/1/1081 1078/1/1078 
f 1080/1/1080 1082/1/1082 557/1/557 
f 1083/1/1083 1084/1/1084 1089/1/1089 
f 1088/1/1088 1087/1/1087 1090/1/1090 
f 1091/1/1091 1090/1/1090 1070/1/1070 
f 1079/1/1079 1078/1/1078 1102/1/1102 
f 1117/1/1117 1116/1/1116 1119/1/1119 
f 431/1/431 1132/1/1132 1130/1/1130 
f 412/1/412 1142/1/1142 1145/1/1145 
f 1163/1/1163 1162/1/1162 1166/1/1166 
f 1172/1/1172 1171/1/1171 1174/1/1174 
f 1175/1/1175 1174/1/1174 1129/1/1129 
f 1156/1/1156 1181/1/1181 1180/1/1180 
f 1157/1/1157 1180/1/1180 1149/1/1149 
f 1193/1/1193 1189/1/1189 1190/1/1190 
f 1203/1/1203 1198/1/1198 1201/1/1201 
f 1204/1/1204 1207/1/1207 1199/1/1199 
f 395/1/395 1227/1/1227 1226/1/1226 
f 396/1/396 1226/1/1226 1177/1/1177 
f 1231/1/1231 1230/1/1230 1179/1/1179 
f 1091/1/1091 1241/1/1241 1089/1/1089 
f 1240/1/1240 1241/1/1241 1091/1/1091 
f 1206/1/1206 1278/1/1278 1281/1/1281 
f 1290/1/1290 1293/1/1293 1292/1/1292 
f 1295/1/1295 1292/1/1292 1293/1/1293 
f 1192/1/1192 1190/1/1190 1292/1/1292 
f 1307/1/1307 1308/1/1308 1313/1/1313 
f 1330/1/1330 1331/1/1331 1334/1/1334 
f 1347/1/1347 1348/1/1348 1345/1/1345 
f 1074/1/1074 1348/1/1348 1349/1/1349 
f 1377/1/1377 1350/1/1350 1347/1/1347 
f 1374/1/1374 1377/1/1377 1378/1/1378 
f 1376/1/1376 1378/1/1378 1379/1/1379 
f 1358/1/1358 1379/1/1379 1378/1/1378 
f 1186/1/1186 1388/1/1388 1387/1/1387 
f 1388/1/1388 1391/1/1391 1389/1/1389 
f 1394/1/1394 1395/1/1395 1382/1/1382 
f 1371/1/1371 1389/1/1389 1395/1/1395 
f 1376/1/1376 1382/1/1382 1395/1/1395 
f 1390/1/1390 1398/1/1398 1397/1/1397 
f 1192/1/1192 1397/1/1397 1398/1/1398 
f 1295/1/1295 1399/1/1399 1397/1/1397 
f 1401/1/1401 1465/1/1465 1470/1/1470 
f 1408/1/1408 1466/1/1466 1465/1/1465 
f 1526/1/1526 1531/1/1531 1530/1/1530 
f 1579/1/1579 1576/1/1576 1577/1/1577 
f 1578/1/1578 1589/1/1589 1590/1/1590 
f 1623/1/1623 1622/1/1622 1518/1/1518 
f 1648/1/1648 1649/1/1649 1642/1/1642 
f 1678/1/1678 1675/1/1675 1676/1/1676 
f 1677/1/1677 1682/1/1682 1681/1/1681 
f 1647/1/1647 1681/1/1681 1682/1/1682 
f 1646/1/1646 1683/1/1683 1681/1/1681 
f 1693/1/1693 1690/1/1690 1691/1/1691 
f 1686/1/1686 1685/1/1685 1694/1/1694 
f 1719/1/1719 1717/1/1717 1716/1/1716 
f 1677/1/1677 1676/1/1676 1717/1/1717 
f 1714/1/1714 1717/1/1717 1676/1/1676 
f 1718/1/1718 1722/1/1722 1720/1/1720 
f 1719/1/1719 1720/1/1720 1682/1/1682 
f 1721/1/1721 1725/1/1725 1649/1/1649 
f 1740/1/1740 1741/1/1741 1734/1/1734 
f 1747/1/1747 1762/1/1762 1761/1/1761 
f 1753/1/1753 1761/1/1761 1762/1/1762 
f 1778/1/1778 1784/1/1784 1782/1/1782 
f 1785/1/1785 1786/1/1786 1782/1/1782 
f 1742/1/1742 1741/1/1741 1791/1/1791 
f 1771/1/1771 1794/1/1794 1795/1/1795 
f 1755/1/1755 1797/1/1797 1777/1/1777 
f 1738/1/1738 1802/1/1802 1806/1/1806 
f 1807/1/1807 1806/1/1806 1802/1/1802 
f 1789/1/1789 1788/1/1788 1806/1/1806 
f 1739/1/1739 1806/1/1806 1788/1/1788 
f 1772/1/1772 1795/1/1795 1810/1/1810 
f 1807/1/1807 1810/1/1810 1795/1/1795 
f 1816/1/1816 1826/1/1826 1825/1/1825 
f 1853/1/1853 1854/1/1854 1851/1/1851 
f 1852/1/1852 1855/1/1855 1858/1/1858 
f 1731/1/1731 1865/1/1865 1863/1/1863 
f 1866/1/1866 1867/1/1867 1865/1/1865 
f 1890/1/1890 1891/1/1891 1886/1/1886 
f 1904/1/1904 1901/1/1901 1902/1/1902 
f 1906/1/1906 1905/1/1905 1820/1/1820 
f 1712/1/1712 1836/1/1836 1933/1/1933 
f 1934/1/1934 1933/1/1933 1932/1/1932 
f 1938/1/1938 1935/1/1935 1936/1/1936 
f 1715/1/1715 1713/1/1713 1935/1/1935 
f 1934/1/1934 1935/1/1935 1713/1/1713 
f 1930/1/1930 1939/1/1939 1936/1/1936 
f 1845/1/1845 1850/1/1850 1939/1/1939 
f 1940/1/1940 1939/1/1939 1850/1/1850 
f 1716/1/1716 1941/1/1941 1944/1/1944 
f 1718/1/1718 1944/1/1944 1947/1/1947 
f 1948/1/1948 1947/1/1947 1944/1/1944 
f 1853/1/1853 1858/1/1858 1951/1/1951 
f 1881/1/1881 1963/1/1963 1961/1/1961 
f 1987/1/1987 1986/1/1986 1985/1/1985 
f 1993/1/1993 1992/1/1992 1987/1/1987 
f 1998/1/1998 1999/1/1999 1996/1/1996 
f 2001/1/2001 1996/1/1996 1999/1/1999 
f 1626/1/1626 1625/1/1625 1996/1/1996 
f 1997/1/1997 1996/1/1996 1625/1/1625 
f 2000/1/2000 2003/1/2003 2002/1/2002 
f 2001/1/2001 2002/1/2002 1993/1/1993 
f 2000/1/2000 1999/1/1999 2009/1/2009 
f 2010/1/2010 2009/1/2009 1999/1/1999 
f 2018/1/2018 2019/1/2019 2016/1/2016 
f 2011/1/2011 2020/1/2020 2016/1/2016 
f 1414/1/1414 2036/1/2036 2039/1/2039 
f 2044/1/2044 2045/1/2045 2040/1/2040 
f 1496/1/1496 1495/1/1495 2040/1/2040 
f 1496/1/1496 2045/1/2045 2046/1/2046 
f 2023/1/2023 2062/1/2062 2041/1/2041 
f 1623/1/1623 2074/1/2074 2077/1/2077 
f 2103/1/2103 2106/1/2106 2105/1/2105 
f 2103/1/2103 2102/1/2102 2107/1/2107 
f 2141/1/2141 2140/1/2140 2149/1/2149 
f 2150/1/2150 2149/1/2149 2153/1/2153 
f 2166/1/2166 2173/1/2173 1209/1/1209 
f 2183/1/2183 2180/1/2180 2181/1/2181 
f 2198/1/2198 2199/1/2199 2196/1/2196 
f 2186/1/2186 2199/1/2199 2208/1/2208 
f 2220/1/2220 2221/1/2221 2218/1/2218 
f 2144/1/2144 2215/1/2215 2218/1/2218 
f 2219/1/2219 2218/1/2218 2215/1/2215 
f 2150/1/2150 2242/1/2242 2216/1/2216 
f 2244/1/2244 2243/1/2243 2252/1/2252 
f 2256/1/2256 2257/1/2257 2254/1/2254 
f 2248/1/2248 2263/1/2263 2264/1/2264 
f 2253/1/2253 2264/1/2264 2267/1/2267 
f 2275/1/2275 2274/1/2274 2271/1/2271 
f 2283/1/2283 2278/1/2278 2281/1/2281 
f 2275/1/2275 2278/1/2278 2283/1/2283 
f 2230/1/2230 2295/1/2295 2294/1/2294 
f 2296/1/2296 2297/1/2297 2294/1/2294 
f 2233/1/2233 2294/1/2294 2289/1/2289 
f 2308/1/2308 2307/1/2307 2221/1/2221 
f 2349/1/2349 2348/1/2348 2297/1/2297 
f 2320/1/2320 2359/1/2359 2358/1/2358 
f 2316/1/2316 2361/1/2361 2370/1/2370 
f 2360/1/2360 2373/1/2373 2372/1/2372 
f 2374/1/2374 2373/1/2373 2378/1/2378 
f 2359/1/2359 2378/1/2378 2373/1/2373 
f 2266/1/2266 2381/1/2381 2380/1/2380 
f 2383/1/2383 2380/1/2380 2381/1/2381 
f 2324/1/2324 2323/1/2323 2380/1/2380 
f 2267/1/2267 2380/1/2380 2323/1/2323 
f 2276/1/2276 2283/1/2283 2384/1/2384 
f 2282/1/2282 2385/1/2385 2384/1/2384 
f 2382/1/2382 2381/1/2381 2384/1/2384 
f 2277/1/2277 2384/1/2384 2381/1/2381 
f 2387/1/2387 2386/1/2386 2383/1/2383 
f 2368/1/2368 2377/1/2377 2390/1/2390 
f 2374/1/2374 2389/1/2389 2394/1/2394 
f 2385/1/2385 2402/1/2402 2405/1/2405 
f 2404/1/2404 2407/1/2407 2406/1/2406 
f 2406/1/2406 2387/1/2387 2382/1/2382 
f 2412/1/2412 2423/1/2423 2422/1/2422 
f 2425/1/2425 2422/1/2422 2423/1/2423 
f 2417/1/2417 2422/1/2422 2425/1/2425 
f 2415/1/2415 2422/1/2422 2417/1/2417 
f 2404/1/2404 2409/1/2409 2426/1/2426 
f 2427/1/2427 2426/1/2426 2428/1/2428 
f 2441/1/2441 2438/1/2438 2439/1/2439 
f 2440/1/2440 2445/1/2445 2442/1/2442 
f 2443/1/2443 2447/1/2447 2441/1/2441 
f 2347/1/2347 2447/1/2447 2336/1/2336 
f 2445/1/2445 2448/1/2448 2451/1/2451 
f 2440/1/2440 2439/1/2439 2448/1/2448 
f 2449/1/2449 2448/1/2448 2439/1/2439 
f 2429/1/2429 2455/1/2455 2454/1/2454 
f 2453/1/2453 2454/1/2454 2455/1/2455 
f 2450/1/2450 2455/1/2455 2456/1/2456 
f 2463/1/2463 2464/1/2464 2461/1/2461 
f 97/1/97 2464/1/2464 2466/1/2466 
f 88/1/88 2461/1/2461 2464/1/2464 
f 2473/1/2473 2471/1/2471 2463/1/2463 
f 2467/1/2467 2477/1/2477 2480/1/2480 
f 2481/1/2481 2482/1/2482 2483/1/2483 
f 2482/1/2482 2488/1/2488 2487/1/2487 
f 2480/1/2480 2488/1/2488 2473/1/2473 
f 2483/1/2483 2487/1/2487 2498/1/2498 
f 2506/1/2506 2510/1/2510 2513/1/2513 
f 2544/1/2544 2545/1/2545 2538/1/2538 
f 2539/1/2539 2538/1/2538 2545/1/2545 
f 2567/1/2567 2568/1/2568 2565/1/2565 
f 2586/1/2586 2587/1/2587 2580/1/2580 
f 2596/1/2596 2597/1/2597 2593/1/2593 
f 2594/1/2594 2593/1/2593 2597/1/2597 
f 2599/1/2599 2602/1/2602 2595/1/2595 
f 2601/1/2601 2602/1/2602 2599/1/2599 
f 2603/1/2603 2604/1/2604 2602/1/2602 
f 2595/1/2595 2602/1/2602 2604/1/2604 
f 2606/1/2606 2605/1/2605 2607/1/2607 
f 2546/1/2546 2545/1/2545 2609/1/2609 
f 2596/1/2596 2604/1/2604 2615/1/2615 
f 2648/1/2648 2652/1/2652 2651/1/2651 
f 2655/1/2655 2656/1/2656 2653/1/2653 
f 2660/1/2660 2657/1/2657 2658/1/2658 
f 2667/1/2667 2661/1/2661 2665/1/2665 
f 2660/1/2660 2669/1/2669 2653/1/2653 
f 2674/1/2674 2671/1/2671 2672/1/2672 
f 2655/1/2655 2671/1/2671 170/1/170 
f 2588/1/2588 2587/1/2587 2675/1/2675 
f 2676/1/2676 2675/1/2675 2587/1/2587 
f 2682/1/2682 2681/1/2681 2685/1/2685 
f 2666/1/2666 2687/1/2687 2686/1/2686 
f 2689/1/2689 2686/1/2686 2687/1/2687 
f 2690/1/2690 2691/1/2691 2686/1/2686 
f 2667/1/2667 2686/1/2686 2691/1/2691 
f 2588/1/2588 2693/1/2693 2692/1/2692 
f 2581/1/2581 2692/1/2692 2697/1/2697 
f 2718/1/2718 2719/1/2719 2716/1/2716 
f 2599/1/2599 2719/1/2719 2718/1/2718 
f 2591/1/2591 2590/1/2590 2719/1/2719 
f 2716/1/2716 2719/1/2719 2590/1/2590 
f 2696/1/2696 2721/1/2721 2720/1/2720 
f 2717/1/2717 2716/1/2716 2720/1/2720 
f 2717/1/2717 2725/1/2725 2724/1/2724 
f 2727/1/2727 2724/1/2724 2725/1/2725 
f 2723/1/2723 2728/1/2728 2725/1/2725 
f 2726/1/2726 2735/1/2735 2732/1/2732 
f 2639/1/2639 2638/1/2638 2732/1/2732 
f 2738/1/2738 2739/1/2739 2736/1/2736 
f 2731/1/2731 2736/1/2736 2735/1/2735 
f 2613/1/2613 2625/1/2625 2740/1/2740 
f 2741/1/2741 2740/1/2740 2625/1/2625 
f 2743/1/2743 2740/1/2740 2741/1/2741 
f 2614/1/2614 2740/1/2740 2743/1/2743 
f 2546/1/2546 2743/1/2743 2750/1/2750 
f 2759/1/2759 2758/1/2758 2753/1/2753 
f 2759/1/2759 2762/1/2762 2765/1/2765 
f 2768/1/2768 2769/1/2769 2766/1/2766 
f 2760/1/2760 2765/1/2765 2770/1/2770 
f 2771/1/2771 2770/1/2770 2765/1/2765 
f 2555/1/2555 2769/1/2769 2775/1/2775 
f 2782/1/2782 2787/1/2787 2789/1/2789 
f 2822/1/2822 2823/1/2823 2820/1/2820 
f 2507/1/2507 2519/1/2519 2820/1/2820 
f 2821/1/2821 2820/1/2820 2519/1/2519 
f 2821/1/2821 2824/1/2824 2825/1/2825 
f 2828/1/2828 2829/1/2829 2826/1/2826 
f 2830/1/2830 2831/1/2831 2829/1/2829 
f 2509/1/2509 2823/1/2823 2829/1/2829 
f 2834/1/2834 2835/1/2835 2832/1/2832 
f 2818/1/2818 2845/1/2845 2844/1/2844 
f 2833/1/2833 2844/1/2844 2845/1/2845 
f 2870/1/2870 2873/1/2873 2868/1/2868 
f 2872/1/2872 2873/1/2873 2870/1/2870 
f 2865/1/2865 2873/1/2873 2872/1/2872 
f 188/1/188 186/1/186 2886/1/2886 
f 2884/1/2884 2901/1/2901 2900/1/2900 
f 2585/1/2585 2906/1/2906 2908/1/2908 
f 2911/1/2911 2912/1/2912 2910/1/2910 
f 2674/1/2674 2916/1/2916 2918/1/2918 
f 217/1/217 216/1/216 2922/1/2922 
f 2889/1/2889 2922/1/2922 216/1/216 
f 2923/1/2923 2922/1/2922 2889/1/2889 
f 2888/1/2888 2902/1/2902 2926/1/2926 
f 2896/1/2896 2895/1/2895 2930/1/2930 
f 2879/1/2879 2930/1/2930 2895/1/2895 
f 2936/1/2936 2939/1/2939 204/1/204 
f 2945/1/2945 2940/1/2940 2943/1/2943 
f 281/1/281 280/1/280 2940/1/2940 
f 277/1/277 2941/1/2941 2940/1/2940 
f 2950/1/2950 2951/1/2951 2946/1/2946 
f 458/1/458 2952/1/2952 2960/1/2960 
f 452/1/452 2960/1/2960 635/1/635 
f 2968/1/2968 2967/1/2967 2964/1/2964 
f 2965/1/2965 2967/1/2967 2970/1/2970 
f 2944/1/2944 2972/1/2972 2971/1/2971 
f 2977/1/2977 2978/1/2978 2973/1/2973 
f 2942/1/2942 2974/1/2974 2973/1/2973 
f 2958/1/2958 2970/1/2970 2981/1/2981 
f 2985/1/2985 2983/1/2983 2978/1/2978 
f 2987/1/2987 2986/1/2986 2925/1/2925 
f 2987/1/2987 2989/1/2989 2976/1/2976 
f 2990/1/2990 2989/1/2989 2929/1/2929 
f 2942/1/2942 2941/1/2941 2991/1/2991 
f 2995/1/2995 2992/1/2992 2993/1/2993 
f 2982/1/2982 2992/1/2992 2997/1/2997 
f 2985/1/2985 2998/1/2998 307/1/307 
f 308/1/308 307/1/307 2998/1/2998 
f 2994/1/2994 2993/1/2993 2999/1/2999 
f 2968/1/2968 2999/1/2999 2993/1/2993 
f 3006/1/3006 2951/1/2951 2950/1/2950 
f 2979/1/2979 3005/1/3005 3007/1/3007 
f 2944/1/2944 2943/1/2943 3007/1/3007 
f 3014/1/3014 3015/1/3015 3012/1/3012 
f 713/1/713 3022/1/3022 3021/1/3021 
f 3016/1/3016 3015/1/3015 3021/1/3021 
f 3016/1/3016 3033/1/3033 3031/1/3031 
f 3041/1/3041 3037/1/3037 3039/1/3039 
f 3040/1/3040 3045/1/3045 3044/1/3044 
f 3048/1/3048 3049/1/3049 3044/1/3044 
f 3041/1/3041 3044/1/3044 3049/1/3049 
f 3042/1/3042 3049/1/3049 3063/1/3063 
f 3062/1/3062 3063/1/3063 3049/1/3049 
f 2496/1/2496 3043/1/3043 3065/1/3065 
f 3064/1/3064 3065/1/3065 3043/1/3043 
f 2497/1/2497 3065/1/3065 3050/1/3050 
f 3046/1/3046 3045/1/3045 3066/1/3066 
f 3079/1/3079 3078/1/3078 3080/1/3080 
f 3067/1/3067 3080/1/3080 3078/1/3078 
f 2677/1/2677 2912/1/2912 3094/1/3094 
f 2683/1/2683 3098/1/3098 2913/1/2913 
f 3102/1/3102 3099/1/3099 3100/1/3100 
f 3104/1/3104 3103/1/3103 3110/1/3110 
f 165/1/165 3112/1/3112 3111/1/3111 
f 3127/1/3127 3125/1/3125 3126/1/3126 
f 3089/1/3089 3125/1/3125 3127/1/3127 
f 3127/1/3127 3128/1/3128 2594/1/2594 
f 3115/1/3115 3126/1/3126 3129/1/3129 
f 3131/1/3131 3129/1/3129 3126/1/3126 
f 3073/1/3073 3134/1/3134 3133/1/3133 
f 3131/1/3131 3133/1/3133 3134/1/3134 
f 3189/1/3189 3188/1/3188 3192/1/3192 
f 63/1/63 3196/1/3196 3194/1/3194 
f 3199/1/3199 3200/1/3200 3197/1/3197 
f 72/1/72 3202/1/3202 3201/1/3201 
f 3161/1/3161 3200/1/3200 3203/1/3203 
f 81/1/81 3207/1/3207 3202/1/3202 
f 3179/1/3179 3209/1/3209 3212/1/3212 
f 3221/1/3221 3222/1/3222 99/1/99 
f 3224/1/3224 3223/1/3223 3225/1/3225 
f 3229/1/3229 3230/1/3230 3227/1/3227 
f 3232/1/3232 3227/1/3227 3230/1/3230 
f 3231/1/3231 3230/1/3230 3233/1/3233 
f 3236/1/3236 3234/1/3234 3233/1/3233 
f 3241/1/3241 3237/1/3237 3240/1/3240 
f 3224/1/3224 3245/1/3245 3182/1/3182 
f 3231/1/3231 3234/1/3234 3249/1/3249 
f 3236/1/3236 3240/1/3240 3249/1/3249 
f 3232/1/3232 3253/1/3253 3247/1/3247 
f 3250/1/3250 3253/1/3253 3232/1/3232 
f 3248/1/3248 3247/1/3247 3253/1/3253 
f 3259/1/3259 3262/1/3262 3261/1/3261 
f 3267/1/3267 3268/1/3268 3265/1/3265 
f 3254/1/3254 3265/1/3265 3268/1/3268 
f 3272/1/3272 3273/1/3273 3269/1/3269 
f 3277/1/3277 3276/1/3276 3268/1/3268 
f 3263/1/3263 3262/1/3262 3279/1/3279 
f 3274/1/3274 3281/1/3281 3279/1/3279 
f 3280/1/3280 3279/1/3279 3281/1/3281 
f 3267/1/3267 3266/1/3266 3283/1/3283 
f 3282/1/3282 3284/1/3284 3283/1/3283 
f 3277/1/3277 3283/1/3283 3284/1/3284 
f 3274/1/3274 3273/1/3273 3285/1/3285 
f 3287/1/3287 3285/1/3285 3273/1/3273 
f 3282/1/3282 3281/1/3281 3295/1/3295 
f 3290/1/3290 3297/1/3297 3295/1/3295 
f 3298/1/3298 3299/1/3299 3300/1/3300 
f 3302/1/3302 3311/1/3311 3297/1/3297 
f 3306/1/3306 3312/1/3312 3311/1/3311 
f 3298/1/3298 3297/1/3297 3311/1/3311 
f 3313/1/3313 3315/1/3315 3316/1/3316 
f 3325/1/3325 3326/1/3326 3322/1/3322 
f 3312/1/3312 3322/1/3322 3326/1/3326 
f 3326/1/3326 3327/1/3327 3315/1/3315 
f 3328/1/3328 3327/1/3327 3326/1/3326 
f 3386/1/3386 3385/1/3385 3389/1/3389 
f 3390/1/3390 3410/1/3410 3413/1/3413 
f 3434/1/3434 3435/1/3435 3430/1/3430 
f 3441/1/3441 3442/1/3442 3440/1/3440 
f 3445/1/3445 3446/1/3446 3443/1/3443 
f 3441/1/3441 3446/1/3446 3457/1/3457 
f 3469/1/3469 3467/1/3467 3454/1/3454 
f 3469/1/3469 3471/1/3471 3474/1/3474 
f 3325/1/3325 3479/1/3479 3478/1/3478 
f 3481/1/3481 3482/1/3482 3483/1/3483 
f 3325/1/3325 3323/1/3323 3485/1/3485 
f 3504/1/3504 3517/1/3517 3515/1/3515 
f 3516/1/3516 3515/1/3515 3517/1/3517 
f 3585/1/3585 3586/1/3586 3583/1/3583 
f 3530/1/3530 3586/1/3586 3585/1/3585 
f 3529/1/3529 3587/1/3587 3586/1/3586 
f 3583/1/3583 3586/1/3586 3587/1/3587 
f 3590/1/3590 3589/1/3589 3591/1/3591 
f 3601/1/3601 3602/1/3602 3598/1/3598 
f 3605/1/3605 3606/1/3606 3603/1/3603 
f 3595/1/3595 3603/1/3603 3606/1/3606 
f 3571/1/3571 3602/1/3602 3603/1/3603 
f 3604/1/3604 3603/1/3603 3602/1/3602 
f 3599/1/3599 3608/1/3608 3611/1/3611 
f 3612/1/3612 3611/1/3611 3608/1/3608 
f 3600/1/3600 3611/1/3611 3614/1/3614 
f 3579/1/3579 3621/1/3621 3619/1/3619 
f 3623/1/3623 3619/1/3619 3621/1/3621 
f 3620/1/3620 3619/1/3619 3537/1/3537 
f 3620/1/3620 3624/1/3624 3580/1/3580 
f 3531/1/3531 3632/1/3632 3631/1/3631 
f 3629/1/3629 3635/1/3635 3634/1/3634 
f 3646/1/3646 3649/1/3649 3644/1/3644 
f 3648/1/3648 3649/1/3649 3646/1/3646 
f 3656/1/3656 3655/1/3655 3192/1/3192 
f 3335/1/3335 3481/1/3481 3671/1/3671 
f 3657/1/3657 3662/1/3662 3709/1/3709 
f 3710/1/3710 3718/1/3718 3717/1/3717 
f 3719/1/3719 3721/1/3721 3724/1/3724 
f 3735/1/3735 3736/1/3736 3733/1/3733 
f 3731/1/3731 3733/1/3733 3736/1/3736 
f 3727/1/3727 3737/1/3737 3733/1/3733 
f 3734/1/3734 3733/1/3733 3737/1/3737 
f 3746/1/3746 3739/1/3739 3744/1/3744 
f 3584/1/3584 3746/1/3746 3747/1/3747 
f 3748/1/3748 3747/1/3747 3746/1/3746 
f 3750/1/3750 3749/1/3749 3730/1/3730 
f 3753/1/3753 3754/1/3754 3751/1/3751 
f 3756/1/3756 3751/1/3751 3754/1/3754 
f 3757/1/3757 3759/1/3759 3751/1/3751 
f 3734/1/3734 3759/1/3759 3757/1/3757 
f 3758/1/3758 3759/1/3759 3734/1/3734 
f 3752/1/3752 3751/1/3751 3759/1/3759 
f 3758/1/3758 3771/1/3771 3770/1/3770 
f 3762/1/3762 3761/1/3761 3774/1/3774 
f 3752/1/3752 3770/1/3770 3774/1/3774 
f 3686/1/3686 3777/1/3777 3776/1/3776 
f 3523/1/3523 3781/1/3781 3780/1/3780 
f 3778/1/3778 3781/1/3781 3782/1/3782 
f 3768/1/3768 3779/1/3779 3786/1/3786 
f 3787/1/3787 3786/1/3786 3779/1/3779 
f 3775/1/3775 3790/1/3790 3793/1/3793 
f 3787/1/3787 3794/1/3794 3797/1/3797 
f 3795/1/3795 3794/1/3794 3798/1/3798 
f 3799/1/3799 3798/1/3798 3800/1/3800 
f 3783/1/3783 3800/1/3800 3798/1/3798 
f 3636/1/3636 3635/1/3635 3813/1/3813 
f 3629/1/3629 3807/1/3807 3813/1/3813 
f 3815/1/3815 3814/1/3814 3818/1/3818 
f 3816/1/3816 3815/1/3815 3819/1/3819 
f 3645/1/3645 3644/1/3644 3819/1/3819 
f 3821/1/3821 3819/1/3819 3644/1/3644 
f 3820/1/3820 3819/1/3819 3821/1/3821 
f 3827/1/3827 3826/1/3826 3809/1/3809 
f 3762/1/3762 3793/1/3793 3833/1/3833 
f 3792/1/3792 3834/1/3834 3833/1/3833 
f 3835/1/3835 3834/1/3834 3843/1/3843 
f 3860/1/3860 3864/1/3864 3863/1/3863 
f 3872/1/3872 3870/1/3870 3869/1/3869 
f 3875/1/3875 6385/1/6385 3880/1/3880 
f 3903/1/3903 3904/1/3904 3901/1/3901 
f 3865/1/3865 3864/1/3864 3901/1/3901 
f 3902/1/3902 3901/1/3901 3864/1/3864 
f 3928/1/3928 3933/1/3933 3936/1/3936 
f 3938/1/3938 3939/1/3939 3940/1/3940 
f 4131/1/4131 4130/1/4130 4132/1/4132 
f 4162/1/4162 4165/1/4165 4146/1/4146 
f 4185/1/4185 4182/1/4182 4183/1/4183 
f 4190/1/4190 4188/1/4188 4179/1/4179 
f 4196/1/4196 4197/1/4197 4194/1/4194 
f 3584/1/3584 3583/1/3583 4194/1/4194 
f 4195/1/4195 4194/1/4194 3583/1/3583 
f 4200/1/4200 4201/1/4201 4198/1/4198 
f 4205/1/4205 4201/1/4201 4203/1/4203 
f 4206/1/4206 4198/1/4198 4201/1/4201 
f 4219/1/4219 4220/1/4220 4217/1/4217 
f 4199/1/4199 4198/1/4198 4220/1/4220 
f 4227/1/4227 4226/1/4226 4228/1/4228 
f 4228/1/4228 4231/1/4231 4230/1/4230 
f 4238/1/4238 4246/1/4246 4243/1/4243 
f 3622/1/3622 3621/1/3621 4256/1/4256 
f 3578/1/3578 4256/1/4256 3621/1/3621 
f 4269/1/4269 4268/1/4268 3606/1/3606 
f 4289/1/4289 4294/1/4294 4292/1/4292 
f 4299/1/4299 4301/1/4301 4300/1/4300 
f 4254/1/4254 4300/1/4300 4301/1/4301 
f 4297/1/4297 4300/1/4300 4257/1/4257 
f 4281/1/4281 4280/1/4280 4306/1/4306 
f 4273/1/4273 4306/1/4306 4280/1/4280 
f 4326/1/4326 4327/1/4327 4324/1/4324 
f 4329/1/4329 4325/1/4325 4324/1/4324 
f 4327/1/4327 4332/1/4332 4330/1/4330 
f 4334/1/4334 4332/1/4332 4331/1/4331 
f 4304/1/4304 4303/1/4303 4356/1/4356 
f 4216/1/4216 4215/1/4215 4366/1/4366 
f 4219/1/4219 4366/1/4366 4369/1/4369 
f 4317/1/4317 4419/1/4419 4418/1/4418 
f 4420/1/4420 4421/1/4421 4418/1/4418 
f 4415/1/4415 4418/1/4418 4421/1/4421 
f 4458/1/4458 4457/1/4457 4456/1/4456 
f 4185/1/4185 4471/1/4471 4474/1/4474 
f 4190/1/4190 4478/1/4478 4477/1/4477 
f 4504/1/4504 4503/1/4503 4500/1/4500 
f 4473/1/4473 4476/1/4476 4503/1/4503 
f 4504/1/4504 4505/1/4505 4482/1/4482 
f 4502/1/4502 4507/1/4507 4505/1/4505 
f 4313/1/4313 4312/1/4312 4513/1/4513 
f 4514/1/4514 4513/1/4513 4495/1/4495 
f 4498/1/4498 4516/1/4516 4515/1/4515 
f 4507/1/4507 4522/1/4522 4520/1/4520 
f 4521/1/4521 4522/1/4522 4507/1/4507 
f 4498/1/4498 4520/1/4520 4522/1/4522 
f 4517/1/4517 4524/1/4524 4523/1/4523 
f 4317/1/4317 4316/1/4316 4523/1/4523 
f 4419/1/4419 4525/1/4525 4501/1/4501 
f 4524/1/4524 4525/1/4525 4419/1/4419 
f 4517/1/4517 4521/1/4521 4525/1/4525 
f 4531/1/4531 4526/1/4526 4529/1/4529 
f 4613/1/4613 4608/1/4608 4611/1/4611 
f 4640/1/4640 4641/1/4641 4637/1/4637 
f 4690/1/4690 4689/1/4689 4691/1/4691 
f 4687/1/4687 4698/1/4698 4699/1/4699 
f 4694/1/4694 4699/1/4699 4702/1/4702 
f 4709/1/4709 4729/1/4729 4727/1/4727 
f 4631/1/4631 4735/1/4735 4738/1/4738 
f 4736/1/4736 4735/1/4735 4739/1/4739 
f 4757/1/4757 4758/1/4758 4753/1/4753 
f 1646/1/1646 1645/1/1645 4753/1/4753 
f 4776/1/4776 4775/1/4775 4777/1/4777 
f 4780/1/4780 4779/1/4779 4758/1/4758 
f 4783/1/4783 4781/1/4781 4747/1/4747 
f 4784/1/4784 4783/1/4783 4787/1/4787 
f 4786/1/4786 4793/1/4793 4791/1/4791 
f 4812/1/4812 4808/1/4808 4807/1/4807 
f 4776/1/4776 4813/1/4813 4809/1/4809 
f 4778/1/4778 4815/1/4815 4813/1/4813 
f 4814/1/4814 4813/1/4813 4815/1/4815 
f 4816/1/4816 4815/1/4815 4817/1/4817 
f 4780/1/4780 4817/1/4817 4815/1/4815 
f 4756/1/4756 4821/1/4821 4819/1/4819 
f 4755/1/4755 4822/1/4822 4821/1/4821 
f 4828/1/4828 4829/1/4829 4825/1/4825 
f 4837/1/4837 4838/1/4838 4831/1/4831 
f 4848/1/4848 4847/1/4847 4858/1/4858 
f 4859/1/4859 4858/1/4858 4852/1/4852 
f 4883/1/4883 4884/1/4884 4879/1/4879 
f 4878/1/4878 4877/1/4877 4879/1/4879 
f 4835/1/4835 4889/1/4889 4888/1/4888 
f 4886/1/4886 4885/1/4885 4891/1/4891 
f 4874/1/4874 4894/1/4894 4850/1/4850 
f 4839/1/4839 4838/1/4838 4903/1/4903 
f 4887/1/4887 4903/1/4903 4838/1/4838 
f 4886/1/4886 4904/1/4904 4903/1/4903 
f 4900/1/4900 4903/1/4903 4904/1/4904 
f 4864/1/4864 4907/1/4907 4892/1/4892 
f 4892/1/4892 4907/1/4907 4904/1/4904 
f 4910/1/4910 4909/1/4909 4922/1/4922 
f 4962/1/4962 4963/1/4963 4961/1/4961 
f 4986/1/4986 4987/1/4987 4983/1/4983 
f 4999/1/4999 4998/1/4998 5000/1/5000 
f 4915/1/4915 5002/1/5002 5003/1/5003 
f 4812/1/4812 5031/1/5031 5030/1/5030 
f 5027/1/5027 5030/1/5030 5031/1/5031 
f 4811/1/4811 5032/1/5032 5031/1/5031 
f 4810/1/4810 5034/1/5034 5032/1/5032 
f 5033/1/5033 5032/1/5032 5034/1/5034 
f 4945/1/4945 5036/1/5036 5037/1/5037 
f 5033/1/5033 5036/1/5036 5029/1/5029 
f 5038/1/5038 4814/1/4814 4816/1/4816 
f 5035/1/5035 5034/1/5034 5038/1/5038 
f 5040/1/5040 5043/1/5043 5042/1/5042 
f 4949/1/4949 5042/1/5042 5043/1/5043 
f 5040/1/5040 5039/1/5039 5044/1/5044 
f 5057/1/5057 5060/1/5060 4980/1/4980 
f 5078/1/5078 5079/1/5079 5080/1/5080 
f 5080/1/5080 5083/1/5083 5084/1/5084 
f 5087/1/5087 5088/1/5088 5085/1/5085 
f 4736/1/4736 5085/1/5085 5088/1/5088 
f 4740/1/4740 5089/1/5089 5085/1/5085 
f 5086/1/5086 5085/1/5085 5089/1/5089 
f 5090/1/5090 5089/1/5089 5091/1/5091 
f 5084/1/5084 5091/1/5091 5089/1/5089 
f 5087/1/5087 5086/1/5086 5093/1/5093 
f 5094/1/5094 5093/1/5093 5086/1/5086 
f 5092/1/5092 5100/1/5100 5094/1/5094 
f 5103/1/5103 5104/1/5104 5101/1/5101 
f 5097/1/5097 5096/1/5096 5101/1/5101 
f 4612/1/4612 5108/1/5108 5107/1/5107 
f 5104/1/5104 5107/1/5107 5108/1/5108 
f 5109/1/5109 5107/1/5107 5104/1/5104 
f 4613/1/4613 5107/1/5107 5109/1/5109 
f 5109/1/5109 5116/1/5116 5117/1/5117 
f 5120/1/5120 5121/1/5121 5118/1/5118 
f 5122/1/5122 5121/1/5121 4611/1/4611 
f 5123/1/5123 5118/1/5118 5121/1/5121 
f 5122/1/5122 5124/1/5124 5127/1/5127 
f 4625/1/4625 5134/1/5134 5132/1/5132 
f 5120/1/5120 5140/1/5140 5108/1/5108 
f 5141/1/5141 5140/1/5140 5142/1/5142 
f 5098/1/5098 5148/1/5148 5151/1/5151 
f 5123/1/5123 5127/1/5127 5183/1/5183 
f 5184/1/5184 5183/1/5183 5127/1/5127 
f 5182/1/5182 5181/1/5181 5183/1/5183 
f 5182/1/5182 5186/1/5186 5185/1/5185 
f 5184/1/5184 5189/1/5189 5186/1/5186 
f 5219/1/5219 5228/1/5228 5227/1/5227 
f 5230/1/5230 5227/1/5227 5228/1/5228 
f 5229/1/5229 5234/1/5234 5233/1/5233 
f 5237/1/5237 5238/1/5238 5233/1/5233 
f 4333/1/4333 4331/1/4331 5250/1/5250 
f 5276/1/5276 5277/1/5277 5274/1/5274 
f 5265/1/5265 5269/1/5269 5286/1/5286 
f 5298/1/5298 5299/1/5299 5296/1/5296 
f 5291/1/5291 5296/1/5296 5299/1/5299 
f 5226/1/5226 5300/1/5300 5296/1/5296 
f 5229/1/5229 5228/1/5228 5320/1/5320 
f 5295/1/5295 5320/1/5320 5228/1/5228 
f 5334/1/5334 5335/1/5335 5332/1/5332 
f 5326/1/5326 5331/1/5331 5342/1/5342 
f 5343/1/5343 5342/1/5342 5331/1/5331 
f 5344/1/5344 5352/1/5352 5342/1/5342 
f 5342/1/5342 5352/1/5352 5341/1/5341 
f 5346/1/5346 5351/1/5351 5355/1/5355 
f 5358/1/5358 5356/1/5356 5355/1/5355 
f 5360/1/5360 5356/1/5356 5358/1/5358 
f 5308/1/5308 5313/1/5313 5372/1/5372 
f 5369/1/5369 5372/1/5372 5313/1/5313 
f 5375/1/5375 5373/1/5373 5372/1/5372 
f 5297/1/5297 5385/1/5385 5387/1/5387 
f 5399/1/5399 5398/1/5398 5436/1/5436 
f 5394/1/5394 5435/1/5435 5448/1/5448 
f 5438/1/5438 5449/1/5449 5450/1/5450 
f 5451/1/5451 5456/1/5456 5439/1/5439 
f 5455/1/5455 5457/1/5457 5456/1/5456 
f 5344/1/5344 5343/1/5343 5458/1/5458 
f 5403/1/5403 5460/1/5460 5458/1/5458 
f 5459/1/5459 5458/1/5458 5460/1/5460 
f 5354/1/5354 5353/1/5353 5462/1/5462 
f 5459/1/5459 5462/1/5462 5353/1/5353 
f 5461/1/5461 5463/1/5463 5462/1/5462 
f 5460/1/5460 5464/1/5464 5467/1/5467 
f 5446/1/5446 5445/1/5445 5468/1/5468 
f 5455/1/5455 5454/1/5454 5472/1/5472 
f 5481/1/5481 5480/1/5480 5463/1/5463 
f 5482/1/5482 5481/1/5481 5484/1/5484 
f 5467/1/5467 5484/1/5484 5481/1/5481 
f 5493/1/5493 5501/1/5501 5500/1/5500 
f 5501/1/5501 5493/1/5493 4468/1/4468 
f 5502/1/5502 5501/1/5501 5497/1/5497 
f 5500/1/5500 5501/1/5501 5502/1/5502 
f 5482/1/5482 5505/1/5505 5504/1/5504 
f 5507/1/5507 5504/1/5504 5505/1/5505 
f 5517/1/5517 5516/1/5516 5518/1/5518 
f 5521/1/5521 5523/1/5523 5519/1/5519 
f 5416/1/5416 5525/1/5525 5423/1/5423 
f 5518/1/5518 5525/1/5525 5520/1/5520 
f 5517/1/5517 5526/1/5526 5529/1/5529 
f 5519/1/5519 5523/1/5523 5526/1/5526 
f 5527/1/5527 5526/1/5526 5523/1/5523 
f 5453/1/5453 5471/1/5471 5530/1/5530 
f 5506/1/5506 5505/1/5505 5532/1/5532 
f 5528/1/5528 5527/1/5527 5534/1/5534 
f 5541/1/5541 5542/1/5542 5539/1/5539 
f 98/1/98 2466/1/2466 5539/1/5539 
f 2465/1/2465 2472/1/2472 5547/1/5547 
f 5541/1/5541 5540/1/5540 5547/1/5547 
f 5552/1/5552 5551/1/5551 5543/1/5543 
f 3344/1/3344 5551/1/5551 5554/1/5554 
f 5558/1/5558 5556/1/5556 5555/1/5555 
f 5550/1/5550 5560/1/5560 5552/1/5552 
f 5559/1/5559 5560/1/5560 5556/1/5556 
f 5558/1/5558 5557/1/5557 5561/1/5561 
f 5567/1/5567 5568/1/5568 5565/1/5565 
f 5558/1/5558 5562/1/5562 5568/1/5568 
f 5566/1/5566 5571/1/5571 5569/1/5569 
f 5576/1/5576 5573/1/5573 5574/1/5574 
f 3347/1/3347 3346/1/3346 5573/1/5573 
f 5585/1/5585 5586/1/5586 5583/1/5583 
f 5578/1/5578 5583/1/5583 5586/1/5586 
f 5584/1/5584 5593/1/5593 5589/1/5589 
f 5605/1/5605 5604/1/5604 5602/1/5602 
f 5630/1/5630 5625/1/5625 5628/1/5628 
f 2543/1/2543 5625/1/5625 5630/1/5630 
f 2542/1/2542 5626/1/5626 5625/1/5625 
f 5647/1/5647 5648/1/5648 5645/1/5645 
f 5660/1/5660 5655/1/5655 5658/1/5658 
f 5661/1/5661 5662/1/5662 5655/1/5655 
f 5671/1/5671 5668/1/5668 5669/1/5669 
f 5672/1/5672 5673/1/5673 5668/1/5668 
f 5673/1/5673 5678/1/5678 5674/1/5674 
f 5675/1/5675 5678/1/5678 5673/1/5673 
f 5674/1/5674 5678/1/5678 5677/1/5677 
f 5676/1/5676 5681/1/5681 5680/1/5680 
f 5683/1/5683 5680/1/5680 5681/1/5681 
f 5629/1/5629 5686/1/5686 5685/1/5685 
f 5672/1/5672 5692/1/5692 5688/1/5688 
f 5681/1/5681 5694/1/5694 5697/1/5697 
f 5709/1/5709 5708/1/5708 5712/1/5712 
f 5723/1/5723 5722/1/5722 5721/1/5721 
f 5726/1/5726 5727/1/5727 5724/1/5724 
f 5726/1/5726 5740/1/5740 5729/1/5729 
f 3381/1/3381 5742/1/5742 5724/1/5724 
f 5743/1/5743 5742/1/5742 5744/1/5744 
f 5660/1/5660 5746/1/5746 5749/1/5749 
f 5659/1/5659 5750/1/5750 5746/1/5746 
f 5738/1/5738 5737/1/5737 5757/1/5757 
f 5760/1/5760 5761/1/5761 5757/1/5757 
f 5758/1/5758 5757/1/5757 5761/1/5761 
f 5659/1/5659 5658/1/5658 5763/1/5763 
f 5765/1/5765 5763/1/5763 5658/1/5658 
f 5789/1/5789 5790/1/5790 5787/1/5787 
f 5667/1/5667 5790/1/5790 5789/1/5789 
f 5666/1/5666 5674/1/5674 5790/1/5790 
f 5787/1/5787 5790/1/5790 5674/1/5674 
f 5766/1/5766 5765/1/5765 5791/1/5791 
f 5788/1/5788 5793/1/5793 5791/1/5791 
f 5788/1/5788 5787/1/5787 5795/1/5795 
f 5796/1/5796 5795/1/5795 5797/1/5797 
f 5796/1/5796 5799/1/5799 5793/1/5793 
f 5713/1/5713 5805/1/5805 5803/1/5803 
f 5686/1/5686 5811/1/5811 5700/1/5700 
f 5629/1/5629 5812/1/5812 5811/1/5811 
f 5814/1/5814 5811/1/5811 5812/1/5812 
f 5701/1/5701 5700/1/5700 5811/1/5811 
f 5813/1/5813 5824/1/5824 5825/1/5825 
f 5822/1/5822 5829/1/5829 5832/1/5832 
f 5834/1/5834 5833/1/5833 5832/1/5832 
f 5839/1/5839 5840/1/5840 5837/1/5837 
f 5834/1/5834 5841/1/5841 5844/1/5844 
f 5831/1/5831 5840/1/5840 5841/1/5841 
f 5636/1/5636 5653/1/5653 5845/1/5845 
f 5850/1/5850 5858/1/5858 5857/1/5857 
f 5856/1/5856 5859/1/5859 5858/1/5858 
f 5878/1/5878 5877/1/5877 5610/1/5610 
f 5893/1/5893 5894/1/5894 5891/1/5891 
f 5608/1/5608 5891/1/5891 5894/1/5894 
f 5601/1/5601 5600/1/5600 5891/1/5891 
f 5895/1/5895 5896/1/5896 5894/1/5894 
f 5897/1/5897 6418/1/6418 5599/1/5599 
f 5898/1/5898 5897/1/5897 5598/1/5598 
f 5901/1/5901 5902/1/5902 5899/1/5899 
f 5599/1/5599 6418/1/6418 5902/1/5902 
f 5906/1/5906 5904/1/5904 5903/1/5903 
f 5888/1/5888 5895/1/5895 5911/1/5911 
f 5920/1/5920 5918/1/5918 5917/1/5917 
f 3369/1/3369 5918/1/5918 5920/1/5920 
f 5917/1/5917 5924/1/5924 5923/1/5923 
f 5921/1/5921 5924/1/5924 5925/1/5925 
f 5953/1/5953 5956/1/5956 5967/1/5967 
f 5986/1/5986 5987/1/5987 5982/1/5982 
f 5999/1/5999 6000/1/6000 5997/1/5997 
f 5986/1/5986 5985/1/5985 5997/1/5997 
f 5998/1/5998 5997/1/5997 5985/1/5985 
f 6005/1/6005 6006/1/6006 6003/1/6003 
f 5998/1/5998 6003/1/6003 6006/1/6006 
f 5748/1/5748 6008/1/6008 6007/1/6007 
f 6004/1/6004 6007/1/6007 6008/1/6008 
f 6013/1/6013 6009/1/6009 5744/1/5744 
f 6024/1/6024 6025/1/6025 6022/1/6022 
f 5957/1/5957 6036/1/6036 6039/1/6039 
f 3412/1/3412 6036/1/6036 5957/1/5957 
f 3411/1/3411 6037/1/6037 6036/1/6036 
f 5958/1/5958 6039/1/6039 6040/1/6040 
f 5962/1/5962 6044/1/6044 5948/1/5948 
f 5966/1/5966 6043/1/6043 6044/1/6044 
f 3852/1/3852 6048/1/6048 6046/1/6046 
f 6049/1/6049 6389/1/6389 6046/1/6046 
f 6054/1/6054 6055/1/6055 6052/1/6052 
f 3470/1/3470 3474/1/3474 6052/1/6052 
f 3473/1/3473 6056/1/6056 6052/1/6052 
f 6061/1/6061 6062/1/6062 6058/1/6058 
f 3647/1/3647 3646/1/3646 6073/1/6073 
f 3818/1/3818 6073/1/6073 3646/1/3646 
f 6082/1/6082 6081/1/6081 6078/1/6078 
f 6075/1/6075 6081/1/6081 6084/1/6084 
f 6057/1/6057 6056/1/6056 6085/1/6085 
f 6091/1/6091 6087/1/6087 6090/1/6090 
f 6072/1/6072 6071/1/6071 6095/1/6095 
f 3498/1/3498 6099/1/6099 6097/1/6097 
f 6093/1/6093 6097/1/6097 6099/1/6099 
f 6037/1/6037 6100/1/6100 6102/1/6102 
f 6088/1/6088 6103/1/6103 6102/1/6102 
f 6054/1/6054 6090/1/6090 6105/1/6105 
f 6108/1/6108 6106/1/6106 6096/1/6096 
f 3497/1/3497 6112/1/6112 6099/1/6099 
f 3496/1/3496 6045/1/6045 6112/1/6112 
f 6111/1/6111 6114/1/6114 6113/1/6113 
f 6107/1/6107 6113/1/6113 6084/1/6084 
f 6092/1/6092 6091/1/6091 6121/1/6121 
f 6057/1/6057 6114/1/6114 6121/1/6121 
f 5597/1/5597 6123/1/6123 6122/1/6122 
f 6125/1/6125 6122/1/6122 6123/1/6123 
f 6129/1/6129 6126/1/6126 6127/1/6127 
f 3878/1/3878 3877/1/3877 6130/1/6130 
f 6128/1/6128 6131/1/6131 6130/1/6130 
f 6128/1/6128 6127/1/6127 6134/1/6134 
f 3884/1/3884 3883/1/3883 6140/1/6140 
f 6139/1/6139 6138/1/6138 6146/1/6146 
f 6150/1/6150 6149/1/6149 6153/1/6153 
f 6154/1/6154 6153/1/6153 6155/1/6155 
f 6157/1/6157 6155/1/6155 6153/1/6153 
f 6158/1/6158 6159/1/6159 6155/1/6155 
f 6157/1/6157 6170/1/6170 6169/1/6169 
f 6152/1/6152 6171/1/6171 6170/1/6170 
f 5566/1/5566 5565/1/5565 6172/1/6172 
f 6163/1/6163 6172/1/6172 5565/1/5565 
f 6151/1/6151 6172/1/6172 6171/1/6171 
f 6156/1/6156 6173/1/6173 6176/1/6176 
f 6160/1/6160 6177/1/6177 6173/1/6173 
f 6174/1/6174 6173/1/6173 6177/1/6177 
f 6175/1/6175 6182/1/6182 6179/1/6179 
f 5578/1/5578 5577/1/5577 6184/1/6184 
f 6150/1/6150 6184/1/6184 5577/1/5577 
f 6154/1/6154 6176/1/6176 6184/1/6184 
f 6181/1/6181 6184/1/6184 6176/1/6176 
f 6008/1/6008 6199/1/6199 6201/1/6201 
f 6012/1/6012 6208/1/6208 5753/1/5753 
f 3372/1/3372 6032/1/6032 6219/1/6219 
f 6215/1/6215 6220/1/6220 6219/1/6219 
f 3378/1/3378 5946/1/5946 6221/1/6221 
f 6235/1/6235 6234/1/6234 6191/1/6191 
f 6227/1/6227 6233/1/6233 6234/1/6234 
f 5670/1/5670 5669/1/5669 6236/1/6236 
f 6232/1/6232 6233/1/6233 6237/1/6237 
f 6226/1/6226 6237/1/6237 6233/1/6233 
f 5594/1/5594 5593/1/5593 6239/1/6239 
f 6180/1/6180 6239/1/6239 5593/1/5593 
f 3955/1/3955 6276/1/6276 6277/1/6277 
f 6328/1/6328 6326/1/6326 180/1/180 
f 2502/1/2502 6331/1/6331 6329/1/6329 
f 2831/1/2831 6331/1/6331 2502/1/2502 
f 6335/1/6335 6336/1/6336 6333/1/6333 
f 3025/1/3025 6333/1/6333 6336/1/6336 
f 2503/1/2503 6329/1/6329 6333/1/6333 
f 6334/1/6334 6333/1/6333 6329/1/6329 
f 6338/1/6338 6337/1/6337 6339/1/6339 
f 6340/1/6340 6339/1/6339 6341/1/6341 
f 6338/1/6338 6344/1/6344 161/1/161 
f 6340/1/6340 6343/1/6343 6344/1/6344 
f 2861/1/2861 6345/1/6345 2868/1/2868 
f 2859/1/2859 6350/1/6350 6347/1/6347 
f 6349/1/6349 6350/1/6350 6343/1/6343 
f 2934/1/2934 2933/1/2933 6357/1/6357 
f 3013/1/3013 6361/1/6361 6360/1/6360 
f 6363/1/6363 6360/1/6360 6361/1/6361 
f 6364/1/6364 6365/1/6365 6360/1/6360 
f 708/1/708 3023/1/3023 6365/1/6365 
f 3014/1/3014 6360/1/6360 6365/1/6365 
f 6369/1/6369 6366/1/6366 6367/1/6367 
f 6047/1/6047 6373/1/6373 3853/1/3853 
f 3932/1/3932 3931/1/3931 6378/1/6378 
f 3866/1/3866 6383/1/6383 6382/1/6382 
f 3875/1/3875 3874/1/3874 6384/1/6384 
f 6416/1/6416 6419/1/6419 6420/1/6420 
f 6371/1/6371 6386/1/6386 6080/1/6080 
f 3403/1/3403 3437/1/3437 6390/1/6390 
f 6390/1/6390 3437/1/3437 3432/1/3432 
f 6392/1/6392 6391/1/6391 3432/1/3432 
f 6391/1/6391 6392/1/6392 6393/1/6393 
f 6396/1/6396 6395/1/6395 5920/1/5920 
f 6399/1/6399 6401/1/6401 6394/1/6394 
f 6406/1/6406 6405/1/6405 3897/1/3897 
f 3892/1/3892 3891/1/3891 6407/1/6407 
f 6374/1/6374 6407/1/6407 3891/1/3891 
f 5938/1/5938 6410/1/6410 6408/1/6408 
f 6411/1/6411 6410/1/6410 6414/1/6414 
f 6416/1/6416 6414/1/6414 5942/1/5942 
f 6415/1/6415 6414/1/6414 6416/1/6416 
# 12488 faces

